"년월","PPI_총지수(2020=100)","PPI_전월비%","원달러환율_월평균","원달러환율_전월비%"
"2000-01","76.45",,"1131.07",
"2000-02","76.26","-0.249","1128.8","-0.201"
"2000-03","76.21","-0.066","1117.19","-1.029"
"2000-04","75.84","-0.486","1109.76","-0.665"
"2000-05","75.66","-0.237","1120.01","0.924"
"2000-06","75.84","0.238","1118.73","-0.114"
"2000-07","75.92","0.105","1114.86","-0.346"
"2000-08","75.92","0","1114.57","-0.026"
"2000-09","76.17","0.329","1116.5","0.173"
"2000-10","76.09","-0.105","1127.31","0.968"
"2000-11","76.06","-0.039","1151.15","2.115"
"2000-12","76.15","0.118","1214.4","5.495"
"2001-01","76.37","0.289","1272.82","4.811"
"2001-02","76.21","-0.210","1252.44","-1.601"
"2001-03","76.39","0.236","1288.43","2.874"
"2001-04","76.34","-0.065","1325.55","2.881"
"2001-05","76.27","-0.092","1298.46","-2.044"
"2001-06","75.96","-0.406","1293.83","-0.357"
"2001-07","75.91","-0.066","1302.6","0.678"
"2001-08","75.54","-0.487","1285.39","-1.321"
"2001-09","75.34","-0.265","1293.7","0.646"
"2001-10","74.98","-0.478","1302.6","0.688"
"2001-11","74.68","-0.400","1284","-1.428"
"2001-12","74.22","-0.616","1289.66","0.441"
"2002-01","74.4","0.243","1317.6","2.166"
"2002-02","74.77","0.497","1318.72","0.085"
"2002-03","75.16","0.522","1322.51","0.287"
"2002-04","75.74","0.772","1318.93","-0.271"
"2002-05","76.07","0.436","1266.06","-4.009"
"2002-06","75.58","-0.644","1223.47","-3.364"
"2002-07","75.37","-0.278","1185.12","-3.135"
"2002-08","75.46","0.119","1196.37","0.949"
"2002-09","75.62","0.212","1208.5","1.014"
"2002-10","75.72","0.132","1241.13","2.700"
"2002-11","75.87","0.198","1211.91","-2.354"
"2002-12","75.88","0.013","1208.91","-0.248"
"2003-01","76.45","0.751","1179.27","-2.452"
"2003-02","76.86","0.536","1191.19","1.011"
"2003-03","77.61","0.976","1232.4","3.460"
"2003-04","77.22","-0.503","1232.82","0.034"
"2003-05","76.79","-0.557","1199.78","-2.680"
"2003-06","76.42","-0.482","1194.02","-0.480"
"2003-07","76.56","0.183","1181.59","-1.041"
"2003-08","76.84","0.366","1178.42","-0.268"
"2003-09","77.16","0.416","1166.17","-1.040"
"2003-10","77.39","0.298","1166.27","0.009"
"2003-11","77.74","0.452","1184.87","1.595"
"2003-12","78.25","0.656","1192.95","0.682"
"2004-01","79.32","1.367","1184.32","-0.723"
"2004-02","80.31","1.248","1166.69","-1.489"
"2004-03","81.08","0.959","1166.34","-0.030"
"2004-04","81.47","0.481","1150.85","-1.328"
"2004-05","81.67","0.245","1177.37","2.304"
"2004-06","81.59","-0.098","1158.65","-1.590"
"2004-07","81.92","0.404","1157.66","-0.085"
"2004-08","82.64","0.879","1159","0.116"
"2004-09","82.98","0.411","1147.97","-0.952"
"2004-10","83.01","0.036","1144.04","-0.342"
"2004-11","83.07","0.072","1091.19","-4.620"
"2004-12","82.46","-0.734","1050.91","-3.691"
"2005-01","83.26","0.970","1038.23","-1.207"
"2005-02","83.42","0.192","1022.43","-1.522"
"2005-03","83.5","0.096","1007.49","-1.461"
"2005-04","83.73","0.275","1010.94","0.342"
"2005-05","83.19","-0.645","1002.21","-0.864"
"2005-06","82.81","-0.457","1010.87","0.864"
"2005-07","83.32","0.616","1037.44","2.628"
"2005-08","83.55","0.276","1021.17","-1.568"
"2005-09","83.92","0.443","1029.33","0.799"
"2005-10","84.14","0.262","1046.25","1.644"
"2005-11","83.9","-0.285","1041.43","-0.461"
"2005-12","83.66","-0.286","1024.15","-1.659"
"2006-01","83.95","0.347","987.03","-3.624"
"2006-02","83.99","0.048","970.22","-1.703"
"2006-03","83.88","-0.131","975.09","0.502"
"2006-04","84.03","0.179","954.44","-2.118"
"2006-05","84.32","0.345","941.4","-1.366"
"2006-06","84.17","-0.178","955.16","1.462"
"2006-07","84.43","0.309","950.15","-0.525"
"2006-08","84.98","0.651","960.72","1.112"
"2006-09","85.26","0.329","953.68","-0.733"
"2006-10","84.47","-0.927","954.23","0.058"
"2006-11","84.06","-0.485","936.22","-1.887"
"2006-12","83.99","-0.083","925.75","-1.118"
"2007-01","83.99","0","936.36","1.146"
"2007-02","84.04","0.060","937.02","0.070"
"2007-03","84.4","0.428","943.26","0.666"
"2007-04","84.99","0.699","931.5","-1.247"
"2007-05","85.47","0.565","927.91","-0.385"
"2007-06","85.64","0.199","928.32","0.044"
"2007-07","85.75","0.128","918.85","-1.020"
"2007-08","85.7","-0.058","933.8","1.627"
"2007-09","86.11","0.478","932.41","-0.149"
"2007-10","86.29","0.209","915.86","-1.775"
"2007-11","86.64","0.406","916.98","0.122"
"2007-12","86.99","0.404","930.24","1.446"
"2008-01","87.48","0.563","942.39","1.306"
"2008-02","88.29","0.926","944.69","0.244"
"2008-03","89.44","1.303","979.86","3.723"
"2008-04","91.34","2.124","986.66","0.694"
"2008-05","93.18","2.014","1036.73","5.075"
"2008-06","94.67","1.599","1029.27","-0.720"
"2008-07","96.52","1.954","1019.12","-0.986"
"2008-08","96.24","-0.290","1041.54","2.200"
"2008-09","95.85","-0.405","1130.4","8.532"
"2008-10","95.59","-0.271","1326.92","17.385"
"2008-11","93.37","-2.322","1390.09","4.761"
"2008-12","91.8","-1.681","1373.84","-1.169"
"2009-01","91.54","-0.283","1346.1","-2.019"
"2009-02","92.16","0.677","1429.46","6.193"
"2009-03","92.59","0.467","1461.98","2.275"
"2009-04","92.7","0.119","1341.9","-8.214"
"2009-05","91.99","-0.766","1258.71","-6.199"
"2009-06","91.75","-0.261","1261.35","0.210"
"2009-07","92.8","1.144","1263.97","0.208"
"2009-08","93.33","0.571","1238.4","-2.023"
"2009-09","93.42","0.096","1219.15","-1.554"
"2009-10","92.67","-0.803","1175.25","-3.601"
"2009-11","92.99","0.345","1164.23","-0.938"
"2009-12","93.46","0.505","1166.45","0.191"
"2010-01","93.87","0.439","1138.82","-2.369"
"2010-02","94.03","0.170","1157.08","1.603"
"2010-03","94.47","0.468","1137.64","-1.680"
"2010-04","95.16","0.730","1117.11","-1.805"
"2010-05","95.96","0.841","1163.11","4.118"
"2010-06","96.07","0.115","1212.33","4.232"
"2010-07","96.31","0.250","1207.3","-0.415"
"2010-08","96.6","0.301","1179.92","-2.268"
"2010-09","97.16","0.580","1167.01","-1.094"
"2010-10","97.52","0.371","1123.45","-3.733"
"2010-11","97.85","0.338","1126.2","0.245"
"2010-12","98.76","0.930","1147.55","1.896"
"2011-01","100.28","1.539","1120.07","-2.395"
"2011-02","101.03","0.748","1118.14","-0.172"
"2011-03","102.24","1.198","1122.45","0.385"
"2011-04","102.87","0.616","1086.84","-3.173"
"2011-05","103.18","0.301","1083.54","-0.304"
"2011-06","102.95","-0.223","1081.27","-0.209"
"2011-07","103.09","0.136","1059.5","-2.013"
"2011-08","103.22","0.126","1073.17","1.290"
"2011-09","103.3","0.078","1118.61","4.234"
"2011-10","103.2","-0.097","1155.45","3.293"
"2011-11","102.87","-0.320","1132.31","-2.003"
"2011-12","102.97","0.097","1147.45","1.337"
"2012-01","103.5","0.515","1145.85","-0.139"
"2012-02","104.21","0.686","1123.35","-1.964"
"2012-03","104.73","0.499","1125.9","0.227"
"2012-04","104.78","0.048","1135.55","0.857"
"2012-05","104.19","-0.563","1154.27","1.649"
"2012-06","102.93","-1.209","1165.51","0.974"
"2012-07","102.48","-0.437","1143.36","-1.900"
"2012-08","103.11","0.615","1131.69","-1.021"
"2012-09","103.47","0.349","1124.78","-0.611"
"2012-10","102.67","-0.773","1106.93","-1.587"
"2012-11","101.96","-0.692","1087.52","-1.753"
"2012-12","101.71","-0.245","1076.97","-0.970"
"2013-01","101.87","0.157","1065.35","-1.079"
"2013-02","102.57","0.687","1086.68","2.002"
"2013-03","102.16","-0.400","1102.2","1.428"
"2013-04","101.84","-0.313","1121.83","1.781"
"2013-05","101.49","-0.344","1110.67","-0.995"
"2013-06","101.48","-0.010","1135.21","2.209"
"2013-07","101.46","-0.020","1127.23","-0.703"
"2013-08","101.74","0.276","1116.98","-0.909"
"2013-09","101.63","-0.108","1087.35","-2.653"
"2013-10","101.27","-0.354","1066.8","-1.890"
"2013-11","101.07","-0.197","1062.82","-0.373"
"2013-12","101.3","0.228","1056.67","-0.579"
"2014-01","101.57","0.267","1064.75","0.765"
"2014-02","101.7","0.128","1071.3","0.615"
"2014-03","101.66","-0.039","1070.89","-0.038"
"2014-04","101.5","-0.157","1044.55","-2.460"
"2014-05","101.49","-0.010","1024.99","-1.873"
"2014-06","101.53","0.039","1019.36","-0.549"
"2014-07","101.61","0.079","1019.93","0.056"
"2014-08","101.5","-0.108","1025.36","0.532"
"2014-09","101.14","-0.355","1033.24","0.769"
"2014-10","100.43","-0.702","1060.28","2.617"
"2014-11","100.12","-0.309","1095.1","3.284"
"2014-12","99.14","-0.979","1104.33","0.843"
"2015-01","97.92","-1.231","1088.86","-1.401"
"2015-02","97.99","0.071","1098.4","0.876"
"2015-03","97.87","-0.122","1112.57","1.290"
"2015-04","97.84","-0.031","1088.66","-2.149"
"2015-05","97.9","0.061","1091.27","0.240"
"2015-06","97.85","-0.051","1112.2","1.918"
"2015-07","97.5","-0.358","1143.22","2.789"
"2015-08","96.89","-0.626","1179.1","3.139"
"2015-09","96.47","-0.433","1184.76","0.480"
"2015-10","95.81","-0.684","1148.18","-3.088"
"2015-11","95.43","-0.397","1151.97","0.330"
"2015-12","95.21","-0.231","1172.24","1.760"
"2016-01","94.69","-0.546","1201.67","2.511"
"2016-02","94.69","0","1217.35","1.305"
"2016-03","94.63","-0.063","1188.21","-2.394"
"2016-04","94.87","0.254","1147.51","-3.425"
"2016-05","94.98","0.116","1171.51","2.091"
"2016-06","95.21","0.242","1170.5","-0.086"
"2016-07","95.1","-0.116","1144.09","-2.256"
"2016-08","95.19","0.095","1111.68","-2.833"
"2016-09","95.41","0.231","1107.49","-0.377"
"2016-10","95.69","0.293","1125.28","1.606"
"2016-11","96.12","0.449","1161.64","3.231"
"2016-12","96.96","0.874","1182.28","1.777"
"2017-01","98.37","1.454","1185.1","0.239"
"2017-02","98.75","0.386","1144.92","-3.390"
"2017-03","98.71","-0.041","1134.77","-0.887"
"2017-04","98.5","-0.213","1132.73","-0.180"
"2017-05","98.23","-0.274","1125.28","-0.658"
"2017-06","97.85","-0.387","1130.04","0.423"
"2017-07","97.92","0.072","1134.4","0.386"
"2017-08","98.37","0.460","1130.79","-0.318"
"2017-09","99.03","0.671","1131.59","0.071"
"2017-10","99.14","0.111","1131.57","-0.002"
"2017-11","99.04","-0.101","1105.04","-2.345"
"2017-12","99.09","0.050","1085.78","-1.743"
"2018-01","99.5","0.414","1066.7","-1.757"
"2018-02","99.92","0.422","1079.58","1.207"
"2018-03","99.88","-0.040","1071.89","-0.712"
"2018-04","100.01","0.130","1067.76","-0.385"
"2018-05","100.3","0.290","1076.39","0.808"
"2018-06","100.33","0.030","1092.8","1.525"
"2018-07","100.8","0.468","1122.8","2.745"
"2018-08","101.25","0.446","1121.15","-0.147"
"2018-09","101.54","0.286","1120.6","-0.049"
"2018-10","101.19","-0.345","1130.81","0.911"
"2018-11","100.49","-0.692","1128.58","-0.197"
"2018-12","100","-0.488","1122.9","-0.503"
"2019-01","99.89","-0.110","1122","-0.080"
"2019-02","99.99","0.100","1122.45","0.040"
"2019-03","100.34","0.350","1130.72","0.737"
"2019-04","100.63","0.289","1140.95","0.905"
"2019-05","100.74","0.109","1183.29","3.711"
"2019-06","100.46","-0.278","1175.62","-0.648"
"2019-07","100.46","0","1175.31","-0.026"
"2019-08","100.69","0.229","1208.98","2.865"
"2019-09","100.75","0.060","1197.55","-0.945"
"2019-10","100.51","-0.238","1184.13","-1.121"
"2019-11","100.37","-0.139","1167.45","-1.409"
"2019-12","100.65","0.279","1175.84","0.719"
"2020-01","101.02","0.368","1164.28","-0.983"
"2020-02","100.69","-0.327","1193.79","2.535"
"2020-03","99.8","-0.884","1220.09","2.203"
"2020-04","98.93","-0.872","1225.23","0.421"
"2020-05","98.96","0.030","1228.67","0.281"
"2020-06","99.47","0.515","1210.01","-1.519"
"2020-07","99.69","0.221","1198.9","-0.918"
"2020-08","100.18","0.492","1186.85","-1.005"
"2020-09","100.38","0.200","1178.8","-0.678"
"2020-10","99.98","-0.398","1144.68","-2.894"
"2020-11","100.06","0.080","1116.76","-2.439"
"2020-12","100.84","0.780","1095.13","-1.937"
"2021-01","101.96","1.111","1097.49","0.215"
"2021-02","102.8","0.824","1111.72","1.297"
"2021-03","103.89","1.060","1131.02","1.736"
"2021-04","104.88","0.953","1119.4","-1.027"
"2021-05","105.45","0.543","1123.28","0.347"
"2021-06","106.01","0.531","1121.3","-0.176"
"2021-07","107.04","0.972","1143.98","2.023"
"2021-08","107.6","0.523","1160.34","1.430"
"2021-09","108","0.372","1169.54","0.793"
"2021-10","109.12","1.037","1182.82","1.135"
"2021-11","109.9","0.715","1182.91","0.008"
"2021-12","109.88","-0.018","1183.7","0.067"
"2022-01","111.04","1.056","1194.01","0.871"
"2022-02","111.57","0.477","1198.34","0.363"
"2022-03","113.27","1.524","1221.03","1.893"
"2022-04","115.1","1.616","1232.34","0.926"
"2022-05","115.92","0.712","1269.88","3.046"
"2022-06","116.57","0.561","1277.35","0.588"
"2022-07","116.9","0.283","1307.4","2.353"
"2022-08","116.45","-0.385","1318.44","0.844"
"2022-09","116.53","0.069","1391.59","5.548"
"2022-10","117.13","0.515","1426.66","2.520"
"2022-11","116.75","-0.324","1364.1","-4.385"
"2022-12","116.27","-0.411","1296.22","-4.976"
"2023-01","116.69","0.361","1247.25","-3.778"
"2023-02","116.91","0.189","1270.74","1.883"
"2023-03","117.05","0.120","1305.73","2.754"
"2023-04","116.96","-0.077","1320.01","1.094"
"2023-05","116.53","-0.368","1328.21","0.621"
"2023-06","116.27","-0.223","1296.71","-2.372"
"2023-07","116.53","0.224","1286.3","-0.803"
"2023-08","117.5","0.832","1318.47","2.501"
"2023-09","118.03","0.451","1329.47","0.834"
"2023-10","117.86","-0.144","1350.69","1.596"
"2023-11","117.41","-0.382","1310.39","-2.984"
"2023-12","117.56","0.128","1303.98","-0.489"
"2024-01","118.19","0.536","1323.57","1.502"
"2024-02","118.55","0.305","1331.74","0.617"
"2024-03","118.82","0.228","1330.69","-0.079"
"2024-04","119.16","0.286","1367.83","2.791"
"2024-05","119.25","0.076","1365.39","-0.178"
"2024-06","119.23","-0.017","1380.13","1.080"
"2024-07","119.56","0.277","1383.38","0.235"
"2024-08","119.38","-0.151","1354.15","-2.113"
"2024-09","119.16","-0.184","1334.82","-1.427"
"2024-10","119.01","-0.126","1361","1.961"
"2024-11","119.1","0.076","1393.38","2.379"
"2024-12","119.52","0.353","1434.42","2.945"
"2025-01","120.27","0.628","1455.79","1.490"
"2025-02","120.33","0.050","1445.56","-0.703"
"2025-03","120.36","0.025","1456.95","0.788"
"2025-04","120.14","-0.183","1444.31","-0.868"
"2025-05","119.64","-0.416","1394.49","-3.449"
"2025-06","119.77","0.109","1366.95","-1.975"
"2025-07","120.19","0.351","1375.22","0.605"
"2025-08","120.11","-0.067","1389.66","1.050"
"2025-09","120.54","0.358","1391.83","0.156"
"2025-10","120.94","0.332","1423.36","2.265"
"2025-11","121.31","0.306","1457.77","2.418"
"2025-12","121.76","0.371","1467.4","0.661"
"2026-01","122.56","0.657","1456.51","-0.742"
"2026-02","123.28","0.587","1449.32","-0.494"
"2026-03","125.35","1.679","1486.64","2.575"
"2026-04","128.75","2.712","1487.39","0.050"
"2026-05","129.98","0.955","1490.11","0.183"
"2026-06","130.03","0.038","1527.3","2.496"
"2026-07",,,"1497.43","-1.956"
