"년월","보통휘발유_원/L","보통휘발유_전월비%","자동차용경유_원/L","자동차용경유_전월비%","실내등유_원/L","실내등유_전월비%","자동차용LPG_원/L","자동차용LPG_전월비%"
"2000-01","1220.34",,"583.35",,"548.92",,,
"2000-02","1214","-0.52","578.77","-0.785","545.86","-0.557",,
"2000-03","1212.51","-0.123","578.12","-0.112","545.01","-0.156",,
"2000-04","1190.17","-1.842","566.99","-1.925","502.68","-7.767",,
"2000-05","1187.77","-0.202","548.97","-3.178","482.54","-4.007",,
"2000-06","1246.45","4.94","584.17","6.412","520","7.763",,
"2000-07","1244.38","-0.166","581.66","-0.43","520.24","0.046",,
"2000-08","1275.65","2.513","618.68","6.365","553.57","6.407",,
"2000-09","1306.92","2.451","648.06","4.749","582.18","5.168",,
"2000-10","1306.15","-0.059","692.18","6.808","630.34","8.272",,
"2000-11","1277.86","-2.166","689.9","-0.329","644.26","2.208",,
"2000-12","1298.02","1.578","682.46","-1.078","639.29","-0.771",,
"2001-01","1287.02","-0.847","660.99","-3.146","613.6","-4.019","448.99",
"2001-02","1285.34","-0.131","658.18","-0.425","611.36","-0.365","466.13","3.817"
"2001-03","1284.85","-0.038","656.25","-0.293","610.6","-0.124","459.47","-1.429"
"2001-04","1294.67","0.764","663.57","1.115","609.58","-0.167","448.19","-2.455"
"2001-05","1292.34","-0.18","645.4","-2.738","593.58","-2.625","416.69","-7.028"
"2001-06","1301.15","0.682","644.55","-0.132","592.81","-0.13","388.2","-6.837"
"2001-07","1302.25","0.085","651.61","1.095","592.3","-0.086","459.44","18.351"
"2001-08","1291.87","-0.797","649.43","-0.335","574.76","-2.961","459.52","0.017"
"2001-09","1278.93","-1.002","650.29","0.132","567.45","-1.272","437.23","-4.851"
"2001-10","1273.23","-0.446","651.45","0.178","564.59","-0.504","437.28","0.011"
"2001-11","1248.47","-1.945","618.03","-5.13","532.03","-5.767","437.22","-0.014"
"2001-12","1219.87","-2.291","585.17","-5.317","500.18","-5.987","421.63","-3.566"
"2002-01","1227.5","0.625","597.91","2.177","509.85","1.933","415.22","-1.52"
"2002-02","1225.43","-0.169","600.11","0.368","509.6","-0.049","431.61","3.947"
"2002-03","1233.62","0.668","609.21","1.516","512.47","0.563","421.75","-2.284"
"2002-04","1265.08","2.55","652.75","7.147","536.59","4.707","421.72","-0.007"
"2002-05","1293.46","2.243","681.37","4.385","548.88","2.29","416.56","-1.224"
"2002-06","1289.42","-0.312","679.23","-0.314","549.23","0.064","414.07","-0.598"
"2002-07","1278.72","-0.83","698.63","2.856","553.2","0.723","470.94","13.734"
"2002-08","1269.97","-0.684","696.58","-0.293","552.49","-0.128","448.76","-4.71"
"2002-09","1267.72","-0.177","696.55","-0.004","560.58","1.464","463.04","3.182"
"2002-10","1291.09","1.843","725.88","4.211","597.41","6.57","500.03","7.989"
"2002-11","1300.54","0.732","752.05","3.605","617.73","3.401","544.3","8.853"
"2002-12","1286.66","-1.067","740.7","-1.509","605.14","-2.038","544.27","-0.006"
"2003-01","1300.81","1.1","766.26","3.451","630.81","4.242","561.68","3.199"
"2003-02","1329.15","2.179","790.05","3.105","656.28","4.038","561.68","0"
"2003-03","1352.22","1.736","811.52","2.718","675.87","2.985","577.56","2.827"
"2003-04","1316.61","-2.633","774.6","-4.549","644.63","-4.622","577.39","-0.029"
"2003-05","1288.79","-2.113","741.85","-4.228","619.85","-3.844","568.84","-1.481"
"2003-06","1280.4","-0.651","731.73","-1.364","614.58","-0.85","499.12","-12.257"
"2003-07","1271.1","-0.726","757.67","3.545","625.4","1.761","570.93","14.387"
"2003-08","1268.17","-0.231","760.28","0.344","625.88","0.077","576.93","1.051"
"2003-09","1267.51","-0.052","762.32","0.268","626.67","0.126","576.78","-0.026"
"2003-10","1270.49","0.235","766.42","0.538","627.92","0.199","576.77","-0.002"
"2003-11","1290.42","1.569","791.54","3.278","645.8","2.847","566.56","-1.77"
"2003-12","1301.49","0.858","810.12","2.347","671.46","3.973","594.29","4.894"
"2004-01","1326.66","1.934","832.71","2.788","695.4","3.565","625.59","5.267"
"2004-02","1345.82","1.444","848.81","1.933","707.42","1.729","625.58","-0.002"
"2004-03","1350.79","0.369","849.46","0.077","709.65","0.315","625.49","-0.014"
"2004-04","1353.33","0.188","851.54","0.245","712.22","0.362","603.79","-3.469"
"2004-05","1367.11","1.018","868.47","1.988","723.39","1.568","603.76","-0.005"
"2004-06","1371.21","0.3","878.53","1.158","728.61","0.722","603.73","-0.005"
"2004-07","1364.43","-0.494","928.47","5.684","755.53","3.695","712.51","18.018"
"2004-08","1387.3","1.676","960.12","3.409","781.95","3.497","702.91","-1.347"
"2004-09","1384.34","-0.213","964.59","0.466","791.47","1.217","719.78","2.4"
"2004-10","1391.13","0.49","981.09","1.711","818.37","3.399","742.31","3.13"
"2004-11","1382.38","-0.629","978.18","-0.297","819.34","0.119","760.18","2.407"
"2004-12","1346.36","-2.606","939.26","-3.979","774.31","-5.496","760.2","0.003"
"2005-01","1335.52","-0.805","930.29","-0.955","761.23","-1.689","743.17","-2.24"
"2005-02","1348.72","0.988","945.16","1.598","780.65","2.551","685.79","-7.721"
"2005-03","1388.41","2.943","995.67","5.344","828.47","6.126","685.86","0.01"
"2005-04","1414.65","1.89","1035.5","4","873.28","5.409","686.04","0.026"
"2005-05","1399.3","-1.085","1015.7","-1.912","860.84","-1.425","725.31","5.724"
"2005-06","1402.26","0.212","1035","1.9","862.24","0.163","725.28","-0.004"
"2005-07","1438.38","2.576","1134.98","9.66","893.83","3.664","689.81","-4.891"
"2005-08","1457.73","1.345","1153.69","1.648","898.72","0.547","704.88","2.185"
"2005-09","1525.33","4.637","1193.59","3.458","935.33","4.074","704.93","0.007"
"2005-10","1517.5","-0.513","1192.02","-0.132","938.34","0.322","725.16","2.87"
"2005-11","1479.47","-2.506","1155.41","-3.071","904.15","-3.644","790.59","9.023"
"2005-12","1460.24","-1.3","1136.19","-1.663","899.59","-0.504","800.69","1.278"
"2006-01","1469.22","0.615","1156.62","1.798","919.97","2.265","789.59","-1.386"
"2006-02","1470.8","0.108","1160.84","0.365","927.71","0.841","789.58","-0.001"
"2006-03","1473.05","0.153","1170.28","0.813","920.34","-0.794","789.56","-0.003"
"2006-04","1506.08","2.242","1211.25","3.501","934.89","1.581","748.74","-5.17"
"2006-05","1542.99","2.451","1251.26","3.303","956.54","2.316","682.74","-8.815"
"2006-06","1540.21","-0.18","1250.11","-0.092","954.69","-0.193","705.08","3.272"
"2006-07","1543.37","0.205","1295.58","3.637","957.31","0.274","720.82","2.232"
"2006-08","1545.01","0.106","1298.39","0.217","962.55","0.547","740.97","2.795"
"2006-09","1505.72","-2.543","1271.62","-2.062","952.91","-1.002","778.92","5.122"
"2006-10","1440.76","-4.314","1209.31","-4.9","907.3","-4.786","778.92","0"
"2006-11","1414.65","-1.812","1186.67","-1.872","886.24","-2.321","750.45","-3.655"
"2006-12","1414.98","0.023","1181.78","-0.412","884.77","-0.166","713.51","-4.922"
"2007-01","1410.72","-0.301","1170.16","-0.983","871.01","-1.555","713.59","0.011"
"2007-02","1402.38","-0.591","1164.37","-0.495","855.15","-1.821","760.14","6.523"
"2007-03","1455.96","3.821","1185.85","1.845","869.04","1.624","750","-1.334"
"2007-04","1505.16","3.379","1215.32","2.485","887.8","2.159","751.33","0.177"
"2007-05","1537.64","2.158","1238.5","1.907","903.04","1.717","769.71","2.446"
"2007-06","1550.93","0.864","1248.58","0.814","910.16","0.788","781.01","1.468"
"2007-07","1550.9","-0.002","1256.43","0.629","915.9","0.631","796.5","1.983"
"2007-08","1548.49","-0.155","1289.47","2.63","924.91","0.984","760.11","-4.569"
"2007-09","1539.37","-0.589","1294.71","0.406","931.12","0.671","776.49","2.155"
"2007-10","1557.41","1.172","1340.49","3.536","965.02","3.641","771.34","-0.663"
"2007-11","1606.23","3.135","1404.45","4.771","1048.35","8.635","804.48","4.296"
"2007-12","1632.54","1.638","1435.46","2.208","1094.13","4.367","859.44","6.832"
"2008-01","1652.25","1.207","1456.37","1.457","1012.13","-7.495","951.99","10.769"
"2008-02","1653.94","0.102","1456.43","0.004","984.18","-2.762","952","0.001"
"2008-03","1670.25","0.986","1503.91","3.26","1048.74","6.56","925.05","-2.831"
"2008-04","1698.31","1.68","1611.13","7.129","1190.04","13.473","916.19","-0.958"
"2008-05","1803.35","6.185","1768.06","9.74","1352.46","13.648","946.26","3.282"
"2008-06","1906.8","5.737","1910.28","8.044","1515.85","12.081","1025.02","8.323"
"2008-07","1922.59","0.828","1919.23","0.469","1538.51","1.495","1067.24","4.119"
"2008-08","1785.08","-7.152","1766.31","-7.968","1437.43","-6.57","1066.99","-0.023"
"2008-09","1716.24","-3.856","1663.89","-5.799","1349.01","-6.151","1032.24","-3.257"
"2008-10","1687.38","-1.682","1601.5","-3.75","1281.3","-5.019","1061.61","2.845"
"2008-11","1513.86","-10.283","1416.43","-11.556","1133.15","-11.562","1061.73","0.011"
"2008-12","1328.5","-12.244","1303.12","-8","986.69","-12.925","1080.02","1.723"
"2009-01","1351.87","1.759","1304.89","0.136","916.59","-7.105","850.26","-21.274"
"2009-02","1486.33","9.946","1322.07","1.317","930.08","1.472","848.63","-0.192"
"2009-03","1530.48","2.97","1303.85","-1.378","933.57","0.375","894.69","5.428"
"2009-04","1551.46","1.371","1330.09","2.013","930.65","-0.313","895.38","0.077"
"2009-05","1542.68","-0.566","1321.43","-0.651","916.34","-1.538","800.99","-10.542"
"2009-06","1607.34","4.191","1389.39","5.143","950.63","3.742","756.77","-5.521"
"2009-07","1638.75","1.954","1428.01","2.78","987.8","3.91","754.02","-0.363"
"2009-08","1670.68","1.948","1447.93","1.395","998.27","1.06","803.98","6.626"
"2009-09","1680.97","0.616","1452.68","0.328","1003.59","0.533","804.28","0.037"
"2009-10","1627.49","-3.181","1409.16","-2.996","982.65","-2.087","803.96","-0.04"
"2009-11","1655.28","1.708","1451.89","3.032","1027.2","4.534","856.54","6.54"
"2009-12","1646.45","-0.533","1441.25","-0.733","1024.19","-0.293","901.71","5.274"
"2010-01","1661.15","0.893","1449.66","0.584","1040.18","1.561","956.59","6.086"
"2010-02","1663.6","0.147","1442.87","-0.468","1031.98","-0.788","952.15","-0.464"
"2010-03","1691.23","1.661","1469.17","1.823","1041.74","0.946","986.32","3.589"
"2010-04","1724.53","1.969","1507.15","2.585","1061.64","1.91","966.37","-2.023"
"2010-05","1732.36","0.454","1521.99","0.985","1074.59","1.22","953.48","-1.334"
"2010-06","1714.87","-1.01","1508.69","-0.874","1070.03","-0.424","953.04","-0.046"
"2010-07","1722.36","0.437","1518.18","0.629","1077.39","0.688","977.39","2.555"
"2010-08","1715.79","-0.381","1512.86","-0.35","1075.71","-0.156","941.33","-3.689"
"2010-09","1700.31","-0.902","1499.16","-0.906","1069.73","-0.556","900.97","-4.288"
"2010-10","1699.57","-0.044","1499.97","0.054","1073.47","0.35","937.46","4.05"
"2010-11","1716.22","0.98","1518.01","1.203","1093.23","1.841","931.35","-0.652"
"2010-12","1771.07","3.196","1570.14","3.434","1144.18","4.661","972.26","4.393"
"2011-01","1825.35","3.065","1621.73","3.286","1196.03","4.532","1068.12","9.86"
"2011-02","1850.03","1.352","1651.65","1.845","1225.76","2.486","1068.81","0.065"
"2011-03","1939","4.809","1755.92","6.313","1302.79","6.284","1068.88","0.007"
"2011-04","1951.21","0.63","1792.75","2.097","1353.03","3.856","1068.33","-0.051"
"2011-05","1938.45","-0.654","1772.88","-1.108","1362.42","0.694","1068.03","-0.028"
"2011-06","1915.35","-1.192","1736.25","-2.066","1351.85","-0.776","1120.91","4.951"
"2011-07","1934.65","1.008","1754.36","1.043","1351.12","-0.054","1099.94","-1.871"
"2011-08","1945.16","0.543","1757.89","0.201","1348.39","-0.202","1081.52","-1.675"
"2011-09","1944.4","-0.039","1746.28","-0.66","1339.58","-0.653","1081.05","-0.043"
"2011-10","1978.34","1.746","1772.47","1.5","1351.59","0.897","1080.81","-0.022"
"2011-11","1981.02","0.135","1788.03","0.878","1365.43","1.024","1060.04","-1.922"
"2011-12","1943","-1.919","1792.34","0.241","1371.75","0.463","1052.38","-0.723"
"2012-01","1955.08","0.622","1805.14","0.714","1378.07","0.461","1051.44","-0.089"
"2012-02","1986.54","1.609","1828.8","1.311","1391.03","0.94","1101.18","4.731"
"2012-03","2029.95","2.185","1853.55","1.353","1409.77","1.347","1143.42","3.836"
"2012-04","2058.68","1.415","1865.56","0.648","1420.28","0.746","1144.48","0.093"
"2012-05","2035.76","-1.113","1839.61","-1.391","1411.04","-0.651","1172.46","2.445"
"2012-06","1968.78","-3.29","1777.7","-3.365","1387.09","-1.697","1146.18","-2.241"
"2012-07","1901.38","-3.423","1726.59","-2.875","1360.8","-1.895","1087.73","-5.1"
"2012-08","1971.31","3.678","1784.78","3.37","1376.69","1.168","1042.32","-4.175"
"2012-09","2024.45","2.696","1836.55","2.901","1407.41","2.231","1040.61","-0.164"
"2012-10","2005.73","-0.925","1820.8","-0.858","1408.63","0.087","1096.57","5.378"
"2012-11","1955.99","-2.48","1777.65","-2.37","1393.19","-1.096","1099.23","0.243"
"2012-12","1935.58","-1.043","1759.92","-0.997","1380.79","-0.89","1099.33","0.009"
"2013-01","1924.55","-0.57","1749.59","-0.587","1373.84","-0.503","1099.36","0.003"
"2013-02","1952.49","1.452","1766.73","0.98","1386.17","0.897","1099.79","0.039"
"2013-03","1986.49","1.741","1785.96","1.088","1399.99","0.997","1090.33","-0.86"
"2013-04","1949.39","-1.868","1745.21","-2.282","1383.34","-1.189","1089.36","-0.089"
"2013-05","1899.89","-2.539","1699.44","-2.623","1356.16","-1.965","1062.41","-2.474"
"2013-06","1901.97","0.109","1701.02","0.093","1350.95","-0.384","1043.38","-1.791"
"2013-07","1933.09","1.636","1729.69","1.685","1356.93","0.443","1042.14","-0.119"
"2013-08","1947.65","0.753","1743.62","0.805","1359.29","0.174","1065.15","2.208"
"2013-09","1934.56","-0.672","1734.29","-0.535","1359.26","-0.002","1065.06","-0.008"
"2013-10","1903.16","-1.623","1708.68","-1.477","1353.13","-0.451","1065.36","0.028"
"2013-11","1879.99","-1.217","1692.86","-0.926","1350.13","-0.222","1064.94","-0.039"
"2013-12","1881.14","0.061","1699.13","0.37","1352.15","0.15","1065.02","0.008"
"2014-01","1886.35","0.277","1705.09","0.351","1352.66","0.038","1121.92","5.343"
"2014-02","1880.72","-0.298","1698.49","-0.387","1349.25","-0.252","1122.43","0.045"
"2014-03","1880.81","0.005","1696.03","-0.145","1345.04","-0.312","1121.8","-0.056"
"2014-04","1875.88","-0.262","1688.93","-0.419","1334.95","-0.75","1097.38","-2.177"
"2014-05","1869.49","-0.341","1680.9","-0.475","1327.66","-0.546","1096.28","-0.1"
"2014-06","1861.28","-0.439","1670.23","-0.635","1321.56","-0.459","1055.79","-3.693"
"2014-07","1856.59","-0.252","1661.47","-0.524","1316.23","-0.403","1054.06","-0.164"
"2014-08","1842.01","-0.785","1644.45","-1.024","1307.17","-0.688","1037.68","-1.554"
"2014-09","1814.2","-1.51","1618.07","-1.604","1289.12","-1.381","1013.22","-2.357"
"2014-10","1781.07","-1.826","1584.95","-2.047","1268.64","-1.589","996.15","-1.685"
"2014-11","1730.16","-2.858","1534.25","-3.199","1227.02","-3.281","984.08","-1.212"
"2014-12","1652.23","-4.504","1461.04","-4.772","1162.73","-5.24","924.87","-6.017"
"2015-01","1504.82","-8.922","1330.47","-8.937","1039.71","-10.58","887.75","-4.014"
"2015-02","1439.09","-4.368","1277.12","-4.01","966.83","-7.01","809.48","-8.817"
"2015-03","1507.7","4.768","1326.82","3.892","983.17","1.69","806.37","-0.384"
"2015-04","1507.44","-0.017","1320.18","-0.5","970.68","-1.27","826.99","2.557"
"2015-05","1542.2","2.306","1343.53","1.769","967.66","-0.311","818.18","-1.065"
"2015-06","1580.03","2.453","1368.8","1.881","971.34","0.38","817.21","-0.119"
"2015-07","1576.02","-0.254","1354.65","-1.034","967.9","-0.354","804.64","-1.538"
"2015-08","1544.49","-2.001","1307.77","-3.461","946.48","-2.213","804","-0.08"
"2015-09","1511.5","-2.136","1263.79","-3.363","915.45","-3.278","794.46","-1.187"
"2015-10","1498.67","-0.849","1251.92","-0.939","902.71","-1.392","764.1","-3.821"
"2015-11","1473.58","-1.674","1234.95","-1.356","890.94","-1.304","762.01","-0.274"
"2015-12","1432.92","-2.759","1211.03","-1.937","859.57","-3.521","782.08","2.634"
"2016-01","1385.25","-3.327","1157.33","-4.434","807.92","-6.009","782.02","-0.008"
"2016-02","1351.65","-2.426","1101.12","-4.857","764.2","-5.411","772.04","-1.276"
"2016-03","1350.13","-0.112","1103.15","0.184","755.88","-1.089","742.07","-3.882"
"2016-04","1361.74","0.86","1121.36","1.651","759.42","0.468","731.15","-1.472"
"2016-05","1388.74","1.983","1157.91","3.259","764.28","0.64","731.06","-0.012"
"2016-06","1437.57","3.516","1225.25","5.816","787.89","3.089","741.21","1.388"
"2016-07","1437.15","-0.029","1228.37","0.255","792.45","0.579","736.01","-0.702"
"2016-08","1411.69","-1.772","1207.22","-1.722","787.84","-0.582","706.68","-3.985"
"2016-09","1408.2","-0.247","1203.04","-0.346","784.28","-0.452","696.61","-1.425"
"2016-10","1416.6","0.597","1211.14","0.673","789.5","0.666","694.33","-0.327"
"2016-11","1426.95","0.731","1222.73","0.957","800.15","1.349","724.93","4.407"
"2016-12","1454.61","1.938","1249.65","2.202","818.93","2.347","751.61","3.68"
"2017-01","1507.88","3.662","1300.18","4.044","857.54","4.715","752.07","0.061"
"2017-02","1516.65","0.582","1307.5","0.563","864.61","0.824","805.18","7.062"
"2017-03","1506.81","-0.649","1297.28","-0.782","861.77","-0.328","858.48","6.62"
"2017-04","1487.54","-1.279","1277.84","-1.499","853.28","-0.985","858.08","-0.047"
"2017-05","1481.18","-0.428","1271.39","-0.505","846.89","-0.749","842.31","-1.838"
"2017-06","1461.57","-1.324","1251.47","-1.567","840.43","-0.763","804.69","-4.466"
"2017-07","1438.62","-1.57","1229.81","-1.731","831.33","-1.083","786.58","-2.251"
"2017-08","1451.82","0.918","1244.87","1.225","832.12","0.095","785.54","-0.132"
"2017-09","1479.66","1.918","1271.01","2.1","837.99","0.705","813.4","3.547"
"2017-10","1504.49","1.678","1295.61","1.935","848.05","1.2","841.19","3.417"
"2017-11","1521.11","1.105","1313.02","1.344","863.58","1.831","884.63","5.164"
"2017-12","1540.27","1.26","1332.35","1.472","884.35","2.405","885.06","0.049"
"2018-01","1551.76","0.746","1344.93","0.944","896.48","1.372","885.28","0.025"
"2018-02","1564.55","0.824","1360.41","1.151","909.49","1.451","885.96","0.077"
"2018-03","1557.85","-0.428","1354.58","-0.429","908.93","-0.062","857.18","-3.248"
"2018-04","1551.33","-0.419","1349.06","-0.408","906.95","-0.218","828.72","-3.32"
"2018-05","1580.29","1.867","1380.24","2.311","918.85","1.312","826.94","-0.215"
"2018-06","1609.08","1.822","1410.01","2.157","938.83","2.174","843.7","2.027"
"2018-07","1610.91","0.114","1411.85","0.13","942.17","0.356","869.1","3.011"
"2018-08","1618.29","0.458","1419.13","0.516","946.57","0.467","894.82","2.959"
"2018-09","1637.58","1.192","1438.93","1.395","959.88","1.406","895.38","0.063"
"2018-10","1681.12","2.659","1485.02","3.203","997.3","3.898","934.19","4.334"
"2018-11","1580.91","-5.961","1424.66","-4.065","1010.34","1.308","910.45","-2.541"
"2018-12","1433.13","-9.348","1324.11","-7.058","980.16","-2.987","863.35","-5.173"
"2019-01","1351.19","-5.718","1249.41","-5.642","942.73","-3.819","801.34","-7.182"
"2019-02","1343.77","-0.549","1242.91","-0.52","936.42","-0.669","798.65","-0.336"
"2019-03","1369.52","1.916","1269.16","2.112","943.86","0.795","797.49","-0.145"
"2019-04","1424.39","4.007","1316.42","3.724","957.81","1.478","796.45","-0.13"
"2019-05","1517.22","6.517","1385.31","5.233","972.46","1.53","847.59","6.421"
"2019-06","1517.54","0.021","1379.77","-0.4","973.43","0.1","851.61","0.474"
"2019-07","1491.5","-1.716","1352.84","-1.952","969.23","-0.431","796.84","-6.431"
"2019-08","1493.72","0.149","1351.92","-0.068","967.96","-0.131","785.36","-1.441"
"2019-09","1529.27","2.38","1379.84","2.065","968.84","0.091","784.7","-0.084"
"2019-10","1540.47","0.732","1387.73","0.572","973.08","0.438","783.67","-0.131"
"2019-11","1535.65","-0.313","1380.51","-0.52","971.83","-0.128","810.53","3.427"
"2019-12","1548.47","0.835","1385.42","0.356","970.78","-0.108","820.63","1.246"
"2020-01","1568.44","1.29","1398.4","0.937","975.31","0.467","820.75","0.015"
"2020-02","1545.29","-1.476","1369.85","-2.042","967.82","-0.768","874.48","6.546"
"2020-03","1469.06","-4.933","1280.77","-6.503","933.1","-3.587","874.32","-0.018"
"2020-04","1323.66","-9.897","1132.44","-11.581","857.98","-8.051","818.43","-6.392"
"2020-05","1255.08","-5.181","1065.79","-5.886","796.46","-7.17","725.03","-11.412"
"2020-06","1322.88","5.402","1127.9","5.828","800.93","0.561","749.49","3.374"
"2020-07","1360.25","2.825","1162.9","3.103","812.31","1.421","759.92","1.392"
"2020-08","1361.09","0.062","1163.56","0.057","816.77","0.549","760.38","0.061"
"2020-09","1352.47","-0.633","1154.45","-0.783","816.62","-0.018","771.5","1.462"
"2020-10","1333.28","-1.419","1133.96","-1.775","811.77","-0.594","771.36","-0.018"
"2020-11","1319.59","-1.027","1119.6","-1.266","801.97","-1.207","770.61","-0.097"
"2020-12","1367.77","3.651","1168.32","4.352","818.15","2.018","796.94","3.417"
"2021-01","1441.84","5.415","1242.35","6.336","863.83","5.583","797.19","0.031"
"2021-02","1463.22","1.483","1263.36","1.691","878.27","1.672","847.82","6.351"
"2021-03","1513.27","3.421","1312.63","3.9","897.28","2.164","898.6","5.989"
"2021-04","1534.52","1.404","1332.74","1.532","905.6","0.927","899.24","0.071"
"2021-05","1541.51","0.456","1338.81","0.455","906.4","0.088","899.42","0.02"
"2021-06","1577.33","2.324","1374.36","2.655","913.94","0.832","878.46","-2.33"
"2021-07","1629.26","3.292","1425.54","3.724","932.17","1.995","906.25","3.163"
"2021-08","1645.75","1.012","1440.54","1.052","940.89","0.935","952.27","5.078"
"2021-09","1642.68","-0.187","1437.17","-0.234","942.96","0.22","980.54","2.969"
"2021-10","1712.32","4.239","1509.29","5.018","993.02","5.309","981.21","0.068"
"2021-11","1737.39","1.464","1549.72","2.679","1087.94","9.559","1053.79","7.397"
"2021-12","1646.37","-5.239","1468.9","-5.215","1094.83","0.633","1087.54","3.203"
"2022-01","1635.22","-0.677","1453.53","-1.046","1098.1","0.299","1071.82","-1.445"
"2022-02","1714.61","4.855","1536.64","5.718","1171.44","6.679","1050.71","-1.97"
"2022-03","1938.46","13.055","1826.93","18.891","1347.82","15.057","1082.97","3.07"
"2022-04","1976.53","1.964","1906.42","4.351","1427.82","5.936","1163.15","7.404"
"2022-05","1967.07","-0.479","1964.28","3.035","1480.11","3.662","1134.62","-2.453"
"2022-06","2084","5.944","2089.03","6.351","1601.77","8.22","1133.72","-0.079"
"2022-07","2029.99","-2.592","2084.91","-0.197","1686.55","5.293","1100.2","-2.957"
"2022-08","1792.19","-11.714","1889.31","-9.382","1639.49","-2.79","1088.79","-1.037"
"2022-09","1730","-3.47","1850.2","-2.07","1620.15","-1.18","1051.39","-3.435"
"2022-10","1666.65","-3.662","1838.34","-0.641","1598.07","-1.363","1049.45","-0.185"
"2022-11","1650.32","-0.98","1879.15","2.22","1601.69","0.227","1032.22","-1.642"
"2022-12","1563.68","-5.25","1783.21","-5.105","1552.55","-3.068","1021.42","-1.046"
"2023-01","1562.93","-0.048","1675.37","-6.048","1495.25","-3.691","1019.65","-0.173"
"2023-02","1578.49","0.996","1606.41","-4.116","1464.42","-2.062","992.16","-2.696"
"2023-03","1592.25","0.872","1539.72","-4.151","1426.45","-2.593","989.41","-0.277"
"2023-04","1640.95","3.059","1535.7","-0.261","1403.77","-1.59","988.34","-0.108"
"2023-05","1628.81","-0.74","1471.97","-4.15","1378.34","-1.812","987.83","-0.052"
"2023-06","1580.64","-2.957","1394.48","-5.264","1336.37","-3.045","961.04","-2.712"
"2023-07","1585.48","0.306","1396.48","0.143","1317.58","-1.406","905.28","-5.802"
"2023-08","1716.76","8.28","1573.16","12.652","1339.56","1.668","870.37","-3.856"
"2023-09","1769.15","3.052","1666.53","5.935","1389.13","3.7","895.48","2.885"
"2023-10","1775.89","0.381","1690.31","1.427","1432.94","3.154","940.25","5"
"2023-11","1684.05","-5.171","1628.22","-3.673","1426.33","-0.461","970.85","3.254"
"2023-12","1600.58","-4.957","1526.31","-6.259","1389.53","-2.58","970.82","-0.003"
"2024-01","1569.25","-1.957","1480.07","-3.03","1359.48","-2.163","970.54","-0.029"
"2024-02","1614.51","2.884","1517.75","2.546","1360.76","0.094","970.54","0"
"2024-03","1639.1","1.523","1538.97","1.398","1365.57","0.353","970.15","-0.04"
"2024-04","1687.79","2.971","1557.77","1.222","1367.35","0.13","970.06","-0.009"
"2024-05","1697.47","0.574","1539.59","-1.167","1364.02","-0.244","969.95","-0.011"
"2024-06","1657.37","-2.362","1487.54","-3.381","1351.79","-0.897","969.53","-0.043"
"2024-07","1707.13","3.002","1542.46","3.692","1352.85","0.078","982.58","1.346"
"2024-08","1691.28","-0.928","1528.85","-0.882","1350.52","-0.172","1016.36","3.438"
"2024-09","1622.2","-4.084","1458.22","-4.62","1331.99","-1.372","1017.12","0.075"
"2024-10","1591.34","-1.902","1421.44","-2.522","1310.04","-1.648","1016.93","-0.019"
"2024-11","1628.29","2.322","1461.04","2.786","1309.76","-0.021","1029.87","1.272"
"2024-12","1653.64","1.557","1497.25","2.478","1312.61","0.218","1058.34","2.764"
"2025-01","1709.29","3.365","1563.53","4.427","1327.91","1.166","1058.95","0.058"
"2025-02","1728.26","1.11","1594.01","1.949","1341.41","1.017","1073.87","1.409"
"2025-03","1688.93","-2.276","1555.03","-2.445","1332.88","-0.636","1073.69","-0.017"
"2025-04","1646.69","-2.501","1513.21","-2.689","1317.01","-1.191","1073.64","-0.005"
"2025-05","1636.45","-0.622","1502.15","-0.731","1305.96","-0.839","1089.01","1.432"
"2025-06","1642.08","0.344","1505.43","0.218","1296.11","-0.754","1074.55","-1.328"
"2025-07","1667.58","1.553","1531.55","1.735","1296.25","0.011","1053.46","-1.963"
"2025-08","1665.91","-0.1","1535.74","0.274","1293.16","-0.238","1037.49","-1.516"
"2025-09","1659.88","-0.362","1530.67","-0.33","1291.92","-0.096","1000.62","-3.554"
"2025-10","1663.22","0.201","1536.82","0.402","1295.18","0.252","999.13","-0.149"
"2025-11","1718.14","3.302","1619.1","5.354","1316.02","1.609","998.34","-0.079"
"2025-12","1740.2","1.284","1650.49","1.939","1334.34","1.392","998.12","-0.022"
"2026-01","1704.38","-2.058","1600.08","-3.054","1323.16","-0.838","998.22","0.01"
"2026-02","1688.6","-0.926","1587.26","-0.801","1312.23","-0.826","998.03","-0.019"
"2026-03","1836.41","8.753","1828.92","15.225","1502.6","14.507","1011.67","1.367"
"2026-04","1986.07","8.15","1979.31","8.223","1596.01","6.217","1039.03","2.704"
"2026-05","2011.23","1.267","2005.71","1.334","1625.62","1.855","1089.49","4.856"
"2026-06","2004.67","-0.326","1998.65","-0.352","1631.54","0.364","1107.27","1.632"
"2026-07","1882.41","-6.099","1867.87","-6.543","1596.53","-2.146","1134.28","2.439"
