NO,시군구,번지,도로조건,계약면적(㎡),전월세구분,계약년월,계약일,보증금(만원),월세금(만원),건축년도,도로명,계약기간,계약구분,갱신요구권 사용,종전계약 보증금(만원),종전계약 월세(만원),주택유형,부동산유형,수집년월
1,경상남도 진주시 충무공동,5*,12m미만,85.8,전세,202608,21,"25,000",0,2021.0,범골로37번길,202609~202809,신규,-,,,단독다가구,단독다가구,2026-08
2,전북특별자치도 전주시 덕진구 만성동,1***,12m미만,98.14,전세,202608,21,"10,000",0,2018.0,월방4길,202609~202809,갱신,-,"10,000",0.0,단독다가구,단독다가구,2026-08
3,서울특별시 송파구 거여동,5**,8m미만,91.42,월세,202608,21,"3,616",8,1992.0,오금로66길,202609~202808,갱신,-,"3,862",12.0,단독다가구,단독다가구,2026-08
4,부산광역시 금정구 서동,2**,8m미만,99.7,월세,202608,21,"1,000",30,1992.0,서동로176번길,202608~202808,신규,-,,,단독다가구,단독다가구,2026-08
5,경기도 시흥시 장현동,6**,12m미만,92.2,월세,202608,21,"11,000",110,2021.0,장현서2길,202610~202810,신규,-,,,단독다가구,단독다가구,2026-08
6,서울특별시 동대문구 용두동,3*,8m미만,93.48,월세,202608,21,"2,000",60,1985.0,천호대로45나길,202608~202808,갱신,-,"2,000",50.0,단독다가구,단독다가구,2026-08
7,경기도 성남시 수정구 신촌동,1**,12m미만,91.56,전세,202608,21,"35,000",0,2006.0,신촌남로,202609~202809,신규,-,,,단독다가구,단독다가구,2026-08
8,충청남도 보령시 청라면 소양리,7**,8m미만,88.32,월세,202608,20,"1,000",80,2025.0,원모루길,202608~202708,신규,-,,,단독다가구,단독다가구,2026-08
9,제주특별자치도 제주시 애월읍 고성리,9**,8m미만,99.08,월세,202608,20,"1,000",117,2016.0,고성남4길,202608~202708,신규,-,,,단독다가구,단독다가구,2026-08
10,서울특별시 관악구 신림동,2**,8m미만,100.0,월세,202608,20,"3,000",150,2002.0,호암로20길,202608~202808,신규,-,,,단독다가구,단독다가구,2026-08
11,강원특별자치도 강릉시 포남동,1***,12m미만,92.47,월세,202608,20,"2,000",70,2003.0,경강로2301번길,202609~202809,신규,-,,,단독다가구,단독다가구,2026-08
12,제주특별자치도 제주시 일도이동,9**,8m미만,89.46,월세,202608,20,200,42,1993.0,신산로1길,202608~202808,신규,-,,,단독다가구,단독다가구,2026-08
13,제주특별자치도 제주시 애월읍 하귀1리,1**,25m미만,88.12,월세,202608,20,500,75,2017.0,하귀9길,202608~202708,신규,-,,,단독다가구,단독다가구,2026-08
14,충청북도 청주시 흥덕구 송절동,7**,12m미만,94.88,전세,202608,20,"21,000",0,2018.0,송화로166번길,202609~202809,신규,-,,,단독다가구,단독다가구,2026-08
15,경상남도 진주시 평거동,7**,12m미만,94.83,월세,202608,20,500,100,2002.0,신평공원길57번길,202609~202709,신규,-,,,단독다가구,단독다가구,2026-08
16,경기도 평택시 세교동,6**,25m미만,93.0,월세,202608,20,"1,000",170,2022.0,세교7길,202608~202708,신규,-,,,단독다가구,단독다가구,2026-08
17,충청북도 청주시 흥덕구 가경동,2***,8m미만,100.16,월세,202608,20,"3,000",100,2011.0,서현중로32번길,202609~202809,신규,-,,,단독다가구,단독다가구,2026-08
18,서울특별시 영등포구 대림동,7**,8m미만,100.11,전세,202608,20,"9,700",0,1990.0,도림로47나길,202609~202808,신규,-,,,단독다가구,단독다가구,2026-08
19,대구광역시 달서구 송현동,7**,8m미만,98.17,월세,202608,20,"3,500",30,1994.0,월배로68안길,202608~202808,신규,-,,,단독다가구,단독다가구,2026-08
20,강원특별자치도 원주시 무실동,1***,12m미만,90.0,월세,202608,20,"1,000",70,2012.0,만대공원길,202609~202809,신규,-,,,단독다가구,단독다가구,2026-08
21,경기도 안양시 만안구 안양동,3**,8m미만,98.49,월세,202608,19,"1,000",37,1983.0,명학로,202608~202708,갱신,-,"1,000",35.0,단독다가구,단독다가구,2026-08
22,서울특별시 마포구 서교동,3**,8m미만,94.86,월세,202608,19,500,55,1995.0,홍익로5안길,202608~202702,신규,-,,,단독다가구,단독다가구,2026-08
23,서울특별시 송파구 마천동,2**,25m이상,96.24,전세,202608,19,"30,000",0,1997.0,성내천로,202611~202811,신규,-,,,단독다가구,단독다가구,2026-08
24,대전광역시 대덕구 중리동,2**,12m미만,86.13,전세,202608,19,"14,000",0,2010.0,계족로511번길,202608~202808,신규,-,,,단독다가구,단독다가구,2026-08
25,부산광역시 북구 덕천동,4**,25m미만,100.36,전세,202608,19,"1,500",0,2008.0,만덕대로66번길,202608~202808,신규,-,,,단독다가구,단독다가구,2026-08
26,제주특별자치도 제주시 구좌읍 하도리,1***,12m미만,99.43,월세,202608,19,"2,000",183,2025.0,해맞이해안로,202608~202708,신규,-,,,단독다가구,단독다가구,2026-08
27,전남광주통합특별시 여수시 문수동,2**,12m미만,90.0,월세,202608,19,"2,000",80,2013.0,소미1길,202608~202612,신규,-,,,단독다가구,단독다가구,2026-08
28,부산광역시 해운대구 좌동,1***,25m미만,90.05,월세,202608,19,"2,000",80,1997.0,대천로,202609~202809,신규,-,,,단독다가구,단독다가구,2026-08
29,서울특별시 구로구 개봉동,3**,8m미만,88.73,월세,202608,19,"5,000",90,1993.0,개봉로17아길,202610~202810,신규,-,,,단독다가구,단독다가구,2026-08
30,경기도 성남시 수정구 고등동,5**,25m미만,89.58,전세,202608,19,"51,000",0,2020.0,고등로1길,202608~202808,갱신,-,"49,300",0.0,단독다가구,단독다가구,2026-08
31,경기도 양평군 양서면 복포리,1**,8m미만,93.39,전세,202608,19,"12,500",0,2011.0,제탄1길,202609~202809,신규,-,,,단독다가구,단독다가구,2026-08
32,서울특별시 동대문구 답십리동,7*,12m미만,85.1,월세,202608,19,"5,000",100,1984.0,답십리로57길,202609~202809,신규,-,,,단독다가구,단독다가구,2026-08
33,부산광역시 사상구 괘법동,2**,8m미만,90.84,월세,202608,18,"3,000",5,1977.0,사상로250번길,202608~202808,신규,-,,,단독다가구,단독다가구,2026-08
34,경기도 수원시 영통구 매탄동,1***,8m미만,89.1,월세,202608,18,"12,500",10,,매탄로79번길,202609~202809,신규,-,,,단독다가구,단독다가구,2026-08
35,대구광역시 북구 복현동,6**,8m미만,85.3,월세,202608,18,"3,000",71,2017.0,경대로23길,202609~202809,신규,-,,,단독다가구,단독다가구,2026-08
36,충청북도 제천시 고암동,1***,12m미만,100.0,전세,202608,18,"15,000",0,,용두천로42길,202609~202809,신규,-,,,단독다가구,단독다가구,2026-08
37,제주특별자치도 제주시 일도이동,1**,8m미만,101.11,월세,202608,18,500,58,1989.0,동광로15길,202609~202709,신규,-,,,단독다가구,단독다가구,2026-08
38,제주특별자치도 서귀포시 대정읍 신도리,1***,25m이상,99.93,월세,202608,18,"1,000",95,2020.0,일주서로,202609~202709,신규,-,,,단독다가구,단독다가구,2026-08
39,강원특별자치도 원주시 단구동,1***,12m미만,91.39,월세,202608,18,"1,000",80,2017.0,토지길,202608~202708,신규,-,,,단독다가구,단독다가구,2026-08
40,충청북도 제천시 고암동,1***,12m미만,100.0,전세,202608,18,"15,000",0,,용두천로42길,202609~202809,신규,-,,,단독다가구,단독다가구,2026-08
41,전남광주통합특별시 곡성군 죽곡면 태평리,7**,8m미만,99.82,월세,202608,18,"5,000",20,2012.0,강빛마을길,202608~202808,신규,-,,,단독다가구,단독다가구,2026-08
42,부산광역시 수영구 광안동,1**,8m미만,92.0,월세,202608,18,"3,000",85,2010.0,수영로610번길,-,-,-,,,단독다가구,단독다가구,2026-08
43,충청북도 괴산군 사리면 소매리,2**,8m미만,89.6,전세,202608,18,"4,000",0,2008.0,사리로소매2길,202608~202808,신규,-,,,단독다가구,단독다가구,2026-08
44,전남광주통합특별시 진도군 진도읍 남동리,5**,12m미만,87.97,월세,202608,18,600,50,1993.0,남동3길,202608~202808,신규,-,,,단독다가구,단독다가구,2026-08
45,인천광역시 미추홀구 주안동,6**,8m미만,88.62,전세,202608,18,"2,500",0,1990.0,인주대로291번길,202608~202808,신규,-,,,단독다가구,단독다가구,2026-08
46,서울특별시 강남구 율현동,3**,8m미만,98.43,월세,202608,17,"10,000",70,1992.0,밤고개로24길,202609~202809,갱신,-,"10,000",70.0,단독다가구,단독다가구,2026-08
47,경기도 부천시 오정구 여월동,1*,8m미만,87.66,전세,202608,17,"25,000",0,1991.0,소사로669번길,202610~202810,신규,-,,,단독다가구,단독다가구,2026-08
48,대전광역시 유성구 원신흥동,5**,12m미만,99.9,월세,202608,17,"5,000",100,2015.0,원신흥로40번길,202609~202809,신규,-,,,단독다가구,단독다가구,2026-08
49,경상남도 창원시 진해구 여좌동,1**,8m미만,86.22,월세,202608,17,"5,000",30,1994.0,여좌로38번길,202608~202808,신규,-,,,단독다가구,단독다가구,2026-08
50,경기도 평택시 세교동,5**,12m미만,90.64,월세,202608,17,"1,000",65,1994.0,세교상가2길,202609~202809,신규,-,,,단독다가구,단독다가구,2026-08
51,경기도 남양주시 화도읍 창현리,4**,8m미만,89.91,월세,202608,17,200,15,1986.0,경춘로,202608~202708,신규,-,,,단독다가구,단독다가구,2026-08
52,충청남도 공주시 옥룡동,5*,8m미만,88.2,월세,202608,17,"1,000",50,1989.0,성산1길,202609~202809,갱신,사용,"1,000",50.0,단독다가구,단독다가구,2026-08
53,경기도 수원시 영통구 영통동,1***,12m미만,101.83,전세,202608,17,"20,000",0,2000.0,청명로59번길,202609~202809,신규,-,,,단독다가구,단독다가구,2026-08
54,경상북도 김천시 대항면 덕전리,1***,8m미만,90.18,월세,202608,17,200,20,2023.0,덕전택지길,202608~203008,신규,-,,,단독다가구,단독다가구,2026-08
55,서울특별시 서대문구 북가좌동,2**,8m미만,89.88,전세,202608,17,"25,000",0,1997.0,증가로23가길,202610~202810,신규,-,,,단독다가구,단독다가구,2026-08
56,울산광역시 동구 방어동,9**,8m미만,90.0,월세,202608,17,200,45,2013.0,화잠6길,202608~202708,신규,-,,,단독다가구,단독다가구,2026-08
57,인천광역시 부평구 청천동,1**,25m미만,101.94,월세,202608,16,"4,000",130,2001.0,안남로,202608~202808,신규,-,,,단독다가구,단독다가구,2026-08
58,충청북도 제천시 봉양읍 미당리,4**,8m미만,93.88,월세,202608,15,"1,000",80,2005.0,용두대로32길,202609~202809,신규,-,,,단독다가구,단독다가구,2026-08
59,경기도 부천시 소사구 심곡본동,6**,12m미만,88.5,월세,202608,15,700,40,1989.0,심곡로67번길,202608~202808,신규,-,,,단독다가구,단독다가구,2026-08
60,경기도 남양주시 일패동,1**,8m미만,94.84,전세,202608,15,"25,000",0,1980.0,경춘로736번길,202610~202810,신규,-,,,단독다가구,단독다가구,2026-08
61,제주특별자치도 제주시 애월읍 고성리,8**,8m미만,99.58,월세,202608,15,"1,000",125,2024.0,평화로,202608~202708,신규,-,,,단독다가구,단독다가구,2026-08
62,대구광역시 군위군 군위읍 서부리,4**,8m미만,99.36,월세,202608,15,"2,000",45,1996.0,중앙5길,202608~202908,신규,-,,,단독다가구,단독다가구,2026-08
63,경기도 성남시 분당구 분당동,1**,25m미만,100.5,월세,202608,15,"13,000",115,1997.0,장안로16번길,202610~202810,신규,-,,,단독다가구,단독다가구,2026-08
64,서울특별시 광진구 구의동,1*,25m미만,91.08,전세,202608,15,"25,000",0,1994.0,영화사로,202610~202810,신규,-,,,단독다가구,단독다가구,2026-08
65,충청남도 천안시 동남구 병천면 용두리,4**,8m미만,99.0,월세,202608,15,"2,500",40,2015.0,유관순생가길,202609~202809,신규,-,,,단독다가구,단독다가구,2026-08
66,경기도 고양시 덕양구 지축동,1***,12m미만,90.28,월세,202608,15,"20,000",95,2022.0,안진6길,202609~202809,신규,-,,,단독다가구,단독다가구,2026-08
67,서울특별시 강서구 등촌동,5**,8m미만,85.95,전세,202608,15,"35,000",0,2003.0,등촌로51가길,202611~202811,신규,-,,,단독다가구,단독다가구,2026-08
68,경기도 파주시 문발동,5**,12m미만,90.0,월세,202608,14,"15,000",10,2011.0,안개초길,202608~202808,갱신,-,"15,000",0.0,단독다가구,단독다가구,2026-08
69,대구광역시 북구 산격동,1***,12m미만,90.84,월세,202608,14,"6,514",22,2021.0,대동로4길,202610~202809,갱신,-,"6,456",20.0,단독다가구,단독다가구,2026-08
70,충청남도 보령시 남포면 월전리,2**,8m미만,93.0,전세,202608,14,"10,000",0,2004.0,용두욕장1길,-,-,-,,,단독다가구,단독다가구,2026-08
71,경기도 양평군 양서면 복포리,1**,8m미만,93.0,전세,202608,14,"13,000",0,2011.0,제탄1길,-,-,-,,,단독다가구,단독다가구,2026-08
72,서울특별시 양천구 목동,7**,8m미만,89.32,월세,202608,14,"15,000",80,2001.0,목동중앙남로4길,202609~202809,신규,-,,,단독다가구,단독다가구,2026-08
73,대전광역시 서구 갈마동,2**,8m미만,95.0,월세,202608,14,"3,000",70,1997.0,계룡로407번길,202608~202808,신규,-,,,단독다가구,단독다가구,2026-08
74,인천광역시 남동구 도림동,6**,12m미만,85.9,월세,202608,14,"3,000",60,2008.0,도림로31번길,202608~202808,신규,-,,,단독다가구,단독다가구,2026-08
75,서울특별시 동작구 상도동,2**,8m미만,87.4,월세,202608,14,"5,000",60,1996.0,국사봉길,202608~202808,신규,-,,,단독다가구,단독다가구,2026-08
76,충청남도 당진시 고대면 슬항리,4**,-,98.0,전세,202608,14,"6,000",0,2000.0,,-,-,-,,,단독다가구,단독다가구,2026-08
77,경기도 여주시 북내면 신접리,*,8m미만,97.75,월세,202608,14,"2,000",70,2014.0,당전로,202608~202808,신규,-,,,단독다가구,단독다가구,2026-08
78,경상남도 창원시 의창구 사림동,1**,12m미만,92.0,월세,202608,14,"3,000",35,,사림로57번길,202608~202808,갱신,-,"3,000",35.0,단독다가구,단독다가구,2026-08
79,서울특별시 강남구 대치동,9**,8m미만,98.8,월세,202608,13,"22,000",90,1996.0,삼성로63길,202609~202809,신규,-,,,단독다가구,단독다가구,2026-08
80,경기도 구리시 수택동,4**,8m미만,94.4,월세,202608,13,"3,000",70,1991.0,수택천로16번길,202608~202808,신규,-,,,단독다가구,단독다가구,2026-08
81,충청북도 제천시 화산동,5**,25m이상,100.8,월세,202608,13,500,40,,내토로,202608~202808,신규,-,,,단독다가구,단독다가구,2026-08
82,경기도 용인시 처인구 포곡읍 전대리,3**,12m미만,94.78,월세,202608,13,300,40,2013.0,전대로,202608~202708,신규,-,,,단독다가구,단독다가구,2026-08
83,서울특별시 구로구 개봉동,1**,12m미만,91.89,월세,202608,13,"5,000",70,1996.0,고척로30길,202610~202810,신규,-,,,단독다가구,단독다가구,2026-08
84,부산광역시 사상구 주례동,1**,12m미만,97.2,월세,202608,13,"5,000",10,1996.0,가야대로344번길,202608~202808,신규,-,,,단독다가구,단독다가구,2026-08
85,대구광역시 서구 평리동,1***,8m미만,101.58,월세,202608,13,300,35,1979.0,통학로18길,202608~202808,신규,-,,,단독다가구,단독다가구,2026-08
86,경기도 수원시 영통구 매탄동,2**,8m미만,95.61,월세,202608,13,"15,300",13,1996.0,매영로56번길,202609~202809,신규,-,,,단독다가구,단독다가구,2026-08
87,충청북도 청주시 청원구 오창읍 양청리,6**,25m미만,96.8,월세,202608,13,"12,500",10,2013.0,양청6길,202609~202809,신규,-,,,단독다가구,단독다가구,2026-08
88,경기도 부천시 원미구 상동,4**,12m미만,97.36,전세,202608,13,"22,000",0,1997.0,상일로149번길,202608~202808,갱신,-,"21,000",0.0,단독다가구,단독다가구,2026-08
89,세종특별자치시  해밀동,6**,-,95.31,월세,202608,13,"4,800",300,,해밀7로,202608~202808,신규,-,,,단독다가구,단독다가구,2026-08
90,경기도 포천시 소흘읍 직동리,1**,8m미만,90.44,월세,202608,12,"3,000",60,2014.0,직동3길,202608~202708,갱신,사용,"3,000",60.0,단독다가구,단독다가구,2026-08
91,경기도 성남시 분당구 분당동,1**,12m미만,99.23,월세,202608,12,"5,000",150,1996.0,장안로62번길,202611~202811,신규,-,,,단독다가구,단독다가구,2026-08
92,서울특별시 서초구 방배동,8**,8m미만,87.75,월세,202608,12,"5,000",250,2004.0,서초대로25길,202609~202809,신규,-,,,단독다가구,단독다가구,2026-08
93,경기도 김포시 운양동,1***,12m미만,100.8,전세,202608,12,"56,500",0,2022.0,김포한강11로456번길,202609~202809,갱신,사용,"55,000",0.0,단독다가구,단독다가구,2026-08
94,경상남도 창원시 의창구 봉림동,7**,12m미만,100.0,월세,202608,12,"2,000",75,2012.0,소봉로7번길,202608~202808,신규,-,,,단독다가구,단독다가구,2026-08
95,전북특별자치도 전주시 덕진구 진북동,2**,12m미만,99.17,월세,202608,12,"5,000",30,2013.0,반촌로,202608~202708,신규,-,,,단독다가구,단독다가구,2026-08
96,서울특별시 강남구 일원동,6**,12m미만,88.36,전세,202608,12,"42,000",0,1986.0,개포로116길,202608~202808,갱신,-,"39,000",0.0,단독다가구,단독다가구,2026-08
97,서울특별시 노원구 상계동,1**,8m미만,86.1,월세,202608,12,500,50,1995.0,한글비석로,202609~202809,신규,-,,,단독다가구,단독다가구,2026-08
98,경기도 파주시 당하동,2**,8m미만,92.09,월세,202608,12,"2,000",145,2013.0,당하1길,202609~202809,신규,-,,,단독다가구,단독다가구,2026-08
99,서울특별시 용산구 후암동,*,8m미만,90.6,월세,202608,12,"1,000",60,1989.0,후암로44길,202608~202808,신규,-,,,단독다가구,단독다가구,2026-08
100,경기도 고양시 일산동구 마두동,9**,8m미만,98.69,월세,202608,12,"15,000",40,1994.0,일산로286번길,202610~202810,신규,-,,,단독다가구,단독다가구,2026-08
101,충청북도 충주시 문화동,1**,12m미만,91.49,전세,202608,12,"7,000",0,2003.0,대림3길,202609~202809,신규,-,,,단독다가구,단독다가구,2026-08
102,제주특별자치도 제주시 구좌읍 송당리,1***,8m미만,99.5,월세,202608,12,500,150,2017.0,송당2길,202608~202708,신규,-,,,단독다가구,단독다가구,2026-08
103,경기도 화성시 동탄구 방교동,7**,12m미만,90.76,월세,202608,12,"3,000",150,2014.0,동탄기흥로257번나길,202608~202808,신규,-,,,단독다가구,단독다가구,2026-08
104,경기도 수원시 영통구 하동,9**,12m미만,98.61,월세,202608,12,"5,000",160,2014.0,법조로149번길,202610~202810,신규,-,,,단독다가구,단독다가구,2026-08
105,경기도 고양시 덕양구 내유동,4**,8m미만,99.0,전세,202608,11,"10,000",0,1997.0,통일로,202610~202810,신규,-,,,단독다가구,단독다가구,2026-08
106,경상남도 진주시 상대동,4**,25m미만,92.25,전세,202608,11,"6,000",0,2003.0,모덕로,202609~202809,신규,-,,,단독다가구,단독다가구,2026-08
107,경기도 성남시 수정구 신흥동,4***,8m미만,96.37,전세,202608,11,"20,000",0,1989.0,시민로145번길,202608~202808,신규,-,,,단독다가구,단독다가구,2026-08
108,부산광역시 수영구 광안동,1***,8m미만,88.36,월세,202608,11,300,29,2011.0,연수로404번길,202608~202708,신규,-,,,단독다가구,단독다가구,2026-08
109,서울특별시 은평구 역촌동,1*,8m미만,94.02,월세,202608,11,"3,899",33,1993.0,역말로,202609~202808,갱신,-,"3,899",33.0,단독다가구,단독다가구,2026-08
110,경기도 부천시 원미구 중동,1***,12m미만,92.62,월세,202608,11,"13,000",50,1996.0,계남로242번길,202610~202810,신규,-,,,단독다가구,단독다가구,2026-08
111,서울특별시 송파구 풍납동,1**,8m미만,89.0,월세,202608,11,0,20,1990.0,바람드리8길,202608~202808,신규,-,,,단독다가구,단독다가구,2026-08
112,제주특별자치도 제주시 애월읍 유수암리,2***,12m미만,95.96,월세,202608,11,"1,000",125,2019.0,항파두리로,202608~202808,신규,-,,,단독다가구,단독다가구,2026-08
113,전북특별자치도 정읍시 수성동,9**,8m미만,99.2,전세,202608,11,"8,500",0,2012.0,수성1로,202610~202810,신규,-,,,단독다가구,단독다가구,2026-08
114,경기도 평택시 비전동,1***,12m미만,101.18,전세,202608,11,"18,000",0,2015.0,비전9길,202610~202810,신규,-,,,단독다가구,단독다가구,2026-08
115,부산광역시 남구 용호동,3*,8m미만,87.21,월세,202608,11,"1,300",22,1990.0,동명로105번길,202608~202708,갱신,사용,"3,500",15.0,단독다가구,단독다가구,2026-08
116,대전광역시 동구 삼성동,2**,12m미만,95.36,월세,202608,11,"1,213",17,2004.0,우암로50번길,202610~202809,신규,-,,,단독다가구,단독다가구,2026-08
117,경기도 화성시 동탄구 능동,1***,12m미만,91.0,전세,202608,11,"18,000",0,2013.0,여울로4길,202608~202808,갱신,-,"18,000",0.0,단독다가구,단독다가구,2026-08
118,경기도 안성시 금광면 장죽리,2**,8m미만,92.76,월세,202608,11,"1,000",50,1995.0,장재동길,202608~202808,신규,-,,,단독다가구,단독다가구,2026-08
119,울산광역시 울주군 범서읍 구영리,8**,8m미만,99.17,월세,202608,11,"2,000",90,2014.0,점촌안길,202608~202808,신규,-,,,단독다가구,단독다가구,2026-08
120,서울특별시 강남구 세곡동,*,-,100.0,월세,202608,11,"40,000",20,,,202610~202704,갱신,사용,"40,000",5.0,단독다가구,단독다가구,2026-08
121,경기도 용인시 기흥구 청덕동,5**,12m미만,92.14,월세,202608,11,"5,000",150,2012.0,구성로279번길,202609~202809,신규,-,,,단독다가구,단독다가구,2026-08
122,서울특별시 동작구 상도동,4**,8m미만,87.99,월세,202608,11,500,68,2002.0,상도로66길,202608~202712,신규,-,,,단독다가구,단독다가구,2026-08
123,서울특별시 용산구 갈월동,*,8m미만,100.77,월세,202608,11,"6,000",158,,한강대로96길,202609~202808,신규,-,,,단독다가구,단독다가구,2026-08
124,경상남도 창원시 마산회원구 양덕동,1*,8m미만,101.37,월세,202608,10,500,45,1977.0,양덕북2길,202608~202808,신규,-,,,단독다가구,단독다가구,2026-08
125,서울특별시 영등포구 대림동,9**,8m미만,87.23,전세,202608,10,"7,000",0,2020.0,시흥대로175길,202608~202808,신규,-,,,단독다가구,단독다가구,2026-08
126,경기도 평택시 포승읍 원정리,1**,8m미만,99.0,월세,202608,10,"1,000",70,2010.0,포승향남로537번길,202608~202808,신규,-,,,단독다가구,단독다가구,2026-08
127,전북특별자치도 전주시 완산구 평화동2가,3**,8m미만,102.0,전세,202608,10,"18,000",0,2016.0,모악로,202609~202809,갱신,-,"18,000",0.0,단독다가구,단독다가구,2026-08
128,강원특별자치도 원주시 단구동,1***,12m미만,95.12,전세,202608,10,"11,000",0,2010.0,남원로442번길,202609~202809,신규,-,,,단독다가구,단독다가구,2026-08
129,경기도 광주시 중대동,1**,8m미만,91.07,전세,202608,10,"13,000",0,2010.0,텃골길47번길,202609~202809,신규,-,,,단독다가구,단독다가구,2026-08
130,전남광주통합특별시 광산구 수완동,1***,12m미만,91.81,전세,202608,10,"14,000",0,2014.0,수완로74번길,202609~202809,신규,-,,,단독다가구,단독다가구,2026-08
131,서울특별시 서초구 염곡동,2**,12m미만,90.18,전세,202608,10,"50,000",0,2021.0,탑성말1길,202610~202810,신규,-,,,단독다가구,단독다가구,2026-08
132,부산광역시 연제구 연산동,1***,8m미만,85.78,월세,202608,10,500,20,1980.0,금련로32번길,202608~202808,갱신,-,500,20.0,단독다가구,단독다가구,2026-08
133,전남광주통합특별시 북구 중흥동,6**,12m미만,93.38,전세,202608,10,"10,000",0,2017.0,중흥로,202608~202808,신규,-,,,단독다가구,단독다가구,2026-08
134,서울특별시 강북구 수유동,5**,8m미만,99.15,전세,202608,10,"32,000",0,2017.0,4.19로23길,202609~202809,신규,-,,,단독다가구,단독다가구,2026-08
135,경기도 안산시 상록구 월피동,5**,25m미만,90.0,월세,202608,10,"2,000",80,2003.0,광덕산안길,202609~202809,신규,-,,,단독다가구,단독다가구,2026-08
136,경기도 부천시 오정구 고강동,4**,8m미만,88.2,전세,202608,10,"17,000",0,2001.0,역곡로471번가길,202609~202809,신규,-,,,단독다가구,단독다가구,2026-08
137,서울특별시 종로구 창신동,5**,12m미만,97.64,월세,202608,10,500,40,1983.0,창신6길,202608~202808,신규,-,,,단독다가구,단독다가구,2026-08
138,경상북도 영덕군 강구면 원직리,1**,8m미만,95.28,월세,202608,10,400,50,2015.0,직천길,202610~202810,신규,-,,,단독다가구,단독다가구,2026-08
139,부산광역시 연제구 연산동,1***,8m미만,85.78,월세,202608,10,200,20,,금련로32번길,202608~202808,갱신,-,200,20.0,단독다가구,단독다가구,2026-08
140,강원특별자치도 횡성군 서원면 창촌리,산2**,8m미만,89.11,전세,202608,10,"10,000",0,,창촌로35번길,202608~203008,신규,-,,,단독다가구,단독다가구,2026-08
141,경기도 평택시 안중읍 송담리,8**,25m미만,100.0,전세,202608,10,"10,000",0,2018.0,송담2로,202611~202811,신규,-,,,단독다가구,단독다가구,2026-08
142,경기도 김포시 사우동,8**,12m미만,96.72,월세,202608,10,"3,000",70,2002.0,사우로,202608~202808,신규,-,,,단독다가구,단독다가구,2026-08
143,부산광역시 강서구 명지동,3***,12m미만,91.71,월세,202608,10,500,43,2010.0,명지오션시티8로34번길,202608~202701,신규,-,,,단독다가구,단독다가구,2026-08
144,서울특별시 중랑구 면목동,1**,8m미만,99.0,월세,202608,10,100,30,1995.0,동일로92길,202608~202808,신규,-,,,단독다가구,단독다가구,2026-08
145,경기도 동두천시 광암동,4**,8m미만,96.63,월세,202608,10,0,40,,광암로17번길,202608~202708,신규,-,,,단독다가구,단독다가구,2026-08
146,경기도 화성시 동탄구 방교동,7**,25m미만,98.0,월세,202608,10,"2,000",130,2014.0,동탄기흥로257번가길,202610~202810,신규,-,,,단독다가구,단독다가구,2026-08
147,전남광주통합특별시 여수시 공화동,9**,12m미만,95.0,월세,202608,9,200,35,,공화남5길,202608~202708,신규,-,,,단독다가구,단독다가구,2026-08
148,경기도 화성시 만세구 서신면 궁평리,1**,8m미만,98.52,전세,202608,9,"8,000",0,2014.0,대수풀길,202608~202808,신규,-,,,단독다가구,단독다가구,2026-08
149,부산광역시 수영구 광안동,1***,8m미만,87.36,월세,202608,9,"1,000",30,2002.0,연수로382번길,202608~202708,신규,-,,,단독다가구,단독다가구,2026-08
150,경기도 동두천시 탑동동,8**,8m미만,86.32,월세,202608,9,"10,000",70,2022.0,천보산로,202608~202808,갱신,사용,"10,000",70.0,단독다가구,단독다가구,2026-08
151,전남광주통합특별시 서구 쌍촌동,5**,12m미만,93.97,월세,202608,9,"1,500",160,2025.0,운천로162번길,202608~202808,신규,-,,,단독다가구,단독다가구,2026-08
152,경기도 광주시 퇴촌면 원당리,1**,8m미만,96.69,월세,202608,9,"4,000",45,2012.0,가새골길,202608~202808,신규,-,,,단독다가구,단독다가구,2026-08
153,강원특별자치도 춘천시 석사동,6**,25m미만,95.53,월세,202608,8,"2,000",70,1994.0,후석로,202608~202808,신규,-,,,단독다가구,단독다가구,2026-08
154,서울특별시 강남구 일원동,7**,12m미만,97.92,월세,202608,8,"10,000",90,1994.0,광평로1길,202610~202810,신규,-,,,단독다가구,단독다가구,2026-08
155,대전광역시 서구 갈마동,3**,12m미만,86.0,월세,202608,8,"3,000",90,,갈마중로,202609~202909,신규,-,,,단독다가구,단독다가구,2026-08
156,강원특별자치도 태백시 황지동,*,25m이상,101.0,전세,202608,8,"7,000",0,1994.0,태백로,-,-,-,,,단독다가구,단독다가구,2026-08
157,서울특별시 서초구 내곡동,1**,12m미만,90.35,월세,202608,8,"5,000",150,2002.0,능안말2길,202610~202810,신규,-,,,단독다가구,단독다가구,2026-08
158,경기도 광주시 목현동,6**,8m미만,95.4,월세,202608,8,"5,000",80,2003.0,밭말길,202609~202809,신규,-,,,단독다가구,단독다가구,2026-08
159,서울특별시 송파구 풍납동,2**,8m미만,87.78,월세,202608,8,"18,000",80,1996.0,풍성로6길,202610~202810,신규,-,,,단독다가구,단독다가구,2026-08
160,경기도 평택시 비전동,9**,12m미만,91.04,월세,202608,8,500,74,2015.0,비전6길,202608~202708,갱신,-,500,70.0,단독다가구,단독다가구,2026-08
161,경기도 안산시 상록구 본오동,8**,25m이상,100.0,전세,202608,8,"6,500",0,1996.0,충장로,202608~202808,신규,-,,,단독다가구,단독다가구,2026-08
162,전북특별자치도 전주시 완산구 효자동2가,1***,12m미만,90.0,월세,202608,8,"3,000",100,2010.0,봉곡1길,202608~202801,신규,-,,,단독다가구,단독다가구,2026-08
163,경기도 의정부시 금오동,3**,8m미만,99.88,월세,202608,8,"1,000",90,2016.0,하금로10번길,202608~202808,신규,-,,,단독다가구,단독다가구,2026-08
164,제주특별자치도 제주시 아라일동,6***,25m이상,86.31,월세,202608,8,500,83,2016.0,중앙로,202609~202709,신규,-,,,단독다가구,단독다가구,2026-08
165,인천광역시 부평구 부개동,3**,12m미만,98.22,월세,202608,8,"1,000",70,2002.0,경인로1084번길,202608~202808,신규,-,,,단독다가구,단독다가구,2026-08
166,전남광주통합특별시 남구 주월동,4**,8m미만,85.37,월세,202608,8,"3,000",45,,회서로21번가길,202608~202808,신규,-,,,단독다가구,단독다가구,2026-08
167,경기도 남양주시 별내동,1***,12m미만,94.54,전세,202608,8,"35,000",0,2021.0,식송2로,202608~202808,갱신,사용,"34,000",0.0,단독다가구,단독다가구,2026-08
168,서울특별시 성북구 정릉동,2**,8m미만,95.31,월세,202608,8,"5,000",130,1971.0,서경로9길,202609~202909,신규,-,,,단독다가구,단독다가구,2026-08
169,경기도 고양시 덕양구 신원동,6**,12m미만,94.7,월세,202608,7,"27,000",5,2016.0,신원로2길,202608~202808,갱신,사용,"27,000",0.0,단독다가구,단독다가구,2026-08
170,부산광역시 금정구 남산동,4*,12m미만,95.0,월세,202608,7,"2,000",60,2003.0,범어천로38번길,202610~202810,신규,-,,,단독다가구,단독다가구,2026-08
171,충청북도 청주시 흥덕구 복대동,2**,12m미만,100.0,전세,202608,7,"12,000",0,2008.0,죽천로118번길,202609~202809,신규,-,,,단독다가구,단독다가구,2026-08
172,강원특별자치도 춘천시 석사동,6**,12m미만,99.0,월세,202608,7,"1,000",70,1992.0,벌말길47번길,202609~202809,신규,-,,,단독다가구,단독다가구,2026-08
173,경상남도 김해시 봉황동,1**,8m미만,85.71,월세,202608,7,"8,500",20,2012.0,봉황대안길,202608~202808,갱신,-,"8,500",10.0,단독다가구,단독다가구,2026-08
174,서울특별시 강북구 미아동,2**,8m미만,89.33,전세,202608,7,"15,000",0,1968.0,도봉로57길,202608~202808,신규,-,,,단독다가구,단독다가구,2026-08
175,경기도 수원시 권선구 곡반정동,5**,12m미만,92.58,월세,202608,7,"5,000",70,2007.0,동수원로146번길,202609~202809,신규,-,,,단독다가구,단독다가구,2026-08
176,경기도 부천시 소사구 옥길동,7**,12m미만,95.65,전세,202608,7,"31,500",0,2018.0,옥길로56번길,202609~202809,갱신,-,"31,500",0.0,단독다가구,단독다가구,2026-08
177,경기도 평택시 고덕동,2***,12m미만,85.77,전세,202608,7,"16,000",0,2022.0,함박산9길,202608~202808,신규,-,,,단독다가구,단독다가구,2026-08
178,충청남도 천안시 서북구 성성동,7**,12m미만,85.95,월세,202608,7,"3,000",110,2019.0,성성11길,202609~202809,신규,-,,,단독다가구,단독다가구,2026-08
179,서울특별시 은평구 역촌동,*,8m미만,86.68,월세,202608,7,"5,000",70,2006.0,연서로16길,202608~202808,신규,-,,,단독다가구,단독다가구,2026-08
180,서울특별시 송파구 방이동,1**,12m미만,86.42,전세,202608,7,"30,000",0,1988.0,양재대로71길,202610~202810,신규,-,,,단독다가구,단독다가구,2026-08
181,서울특별시 광진구 중곡동,1**,12m미만,89.09,월세,202608,7,"7,000",140,2005.0,용마산로33길,202610~202810,신규,-,,,단독다가구,단독다가구,2026-08
182,전북특별자치도 군산시 수송동,8**,25m미만,100.0,월세,202608,7,"2,000",80,,수송7길,202608~202702,신규,-,,,단독다가구,단독다가구,2026-08
183,강원특별자치도 춘천시 동내면 거두리,1***,12m미만,95.0,전세,202608,7,"15,000",0,2011.0,거두택지길,202610~202810,신규,-,,,단독다가구,단독다가구,2026-08
184,제주특별자치도 제주시 조천읍 와산리,5**,8m미만,97.61,월세,202608,6,"1,000",92,2018.0,와선로,202608~202702,갱신,-,"1,000",92.0,단독다가구,단독다가구,2026-08
185,충청남도 아산시 실옥동,2**,8m미만,98.82,월세,202608,6,500,40,2001.0,실옥로,202608~202808,신규,-,,,단독다가구,단독다가구,2026-08
186,대전광역시 중구 오류동,1**,25m이상,100.0,월세,202608,6,"3,000",80,2012.0,계룡로,202608~202808,신규,-,,,단독다가구,단독다가구,2026-08
187,경기도 안산시 상록구 월피동,5**,25m미만,99.73,월세,202608,6,"10,000",35,1997.0,광덕산안길,202608~202808,신규,-,,,단독다가구,단독다가구,2026-08
188,대전광역시 서구 도안동,1***,25m미만,86.9,전세,202608,6,"17,000",0,2015.0,용소로50번길,202608~202808,신규,-,,,단독다가구,단독다가구,2026-08
189,경기도 안산시 단원구 선부동,9**,8m미만,98.48,월세,202608,6,"2,000",10,1990.0,지곡로4길,202608~202708,신규,-,,,단독다가구,단독다가구,2026-08
190,부산광역시 사상구 괘법동,5**,25m미만,96.13,전세,202608,6,"9,000",0,1979.0,괘감로,202608~202808,신규,-,,,단독다가구,단독다가구,2026-08
191,경기도 안산시 단원구 고잔동,7**,12m미만,99.0,전세,202608,6,"19,600",0,2009.0,이삭6길,202611~202811,신규,-,,,단독다가구,단독다가구,2026-08
192,서울특별시 강서구 화곡동,5*,12m미만,99.04,전세,202608,6,"20,000",0,1996.0,초록마을로,202608~202808,갱신,-,"17,000",0.0,단독다가구,단독다가구,2026-08
193,부산광역시 남구 대연동,3*,12m미만,99.2,전세,202608,6,"15,000",0,2003.0,수영로358번길,202608~202708,신규,-,,,단독다가구,단독다가구,2026-08
194,경기도 하남시 신장동,4**,25m미만,101.26,월세,202608,6,"3,000",125,,신장로,202609~202809,신규,-,,,단독다가구,단독다가구,2026-08
195,인천광역시 남동구 논현동,6**,25m이상,95.0,월세,202608,6,"4,000",85,2008.0,논고개로123번길,202609~202809,신규,-,,,단독다가구,단독다가구,2026-08
196,인천광역시 연수구 선학동,3**,8m미만,100.0,월세,202608,6,"2,000",91,1995.0,학나래로45번길,202608~202808,신규,-,,,단독다가구,단독다가구,2026-08
197,경기도 화성시 동탄구 반송동,1**,12m미만,92.0,전세,202608,6,"24,000",0,2013.0,탄요2길,202610~202810,신규,-,,,단독다가구,단독다가구,2026-08
198,경기도 오산시 궐동,6**,12m미만,99.45,월세,202608,6,"2,500",60,2009.0,대호로117번길,202608~202808,신규,-,,,단독다가구,단독다가구,2026-08
199,경기도 평택시 고덕동,2***,12m미만,93.0,월세,202608,5,"1,000",240,2022.0,고덕여염15길,202608~202708,신규,-,,,단독다가구,단독다가구,2026-08
200,경기도 의정부시 가능동,6**,12m미만,89.93,월세,202608,5,300,37,1989.0,가능로109번길,202609~202809,신규,-,,,단독다가구,단독다가구,2026-08
201,경기도 고양시 덕양구 도내동,1***,25m미만,98.35,월세,202608,5,"20,000",55,2015.0,도래울안길,202610~202810,갱신,사용,"20,000",50.0,단독다가구,단독다가구,2026-08
202,제주특별자치도 제주시 조천읍 선흘리,1***,25m미만,89.05,월세,202608,5,"1,000",150,2017.0,선흘남4길,202609~202709,신규,-,,,단독다가구,단독다가구,2026-08
203,대전광역시 유성구 장대동,2**,12m미만,88.83,월세,202608,5,500,50,1982.0,유성대로730번길,202608~202808,신규,-,,,단독다가구,단독다가구,2026-08
204,울산광역시 남구 달동,6**,8m미만,90.0,월세,202608,5,"1,000",60,1986.0,신정로88번길,202608~202808,신규,-,,,단독다가구,단독다가구,2026-08
205,경기도 하남시 감일동,4**,25m이상,90.27,월세,202608,5,"15,000",230,2021.0,감일로105번길,202608~202808,신규,-,,,단독다가구,단독다가구,2026-08
206,제주특별자치도 서귀포시 표선면 세화리,1***,8m미만,99.51,전세,202608,5,"12,000",0,2022.0,일주동로6307번길,202609~202809,신규,-,,,단독다가구,단독다가구,2026-08
207,경기도 안양시 동안구 관양동,1***,8m미만,96.25,월세,202608,5,"20,000",12,,인덕원로16번길,202608~202808,갱신,-,"20,000",12.0,단독다가구,단독다가구,2026-08
208,제주특별자치도 제주시 조천읍 조천리,3***,25m미만,101.59,월세,202608,5,"1,000",167,1991.0,신북로,202608~202702,신규,-,,,단독다가구,단독다가구,2026-08
209,경기도 이천시 부발읍 신하리,3**,12m미만,85.8,월세,202608,5,"1,000",75,2018.0,경충대로2265번길,202608~202708,신규,-,,,단독다가구,단독다가구,2026-08
210,대구광역시 수성구 만촌동,4**,25m미만,86.28,월세,202608,5,100,20,1977.0,만촌로,202608~202708,신규,-,,,단독다가구,단독다가구,2026-08
211,강원특별자치도 강릉시 임당동,9*,12m미만,86.64,월세,202608,5,400,32,1950.0,강릉대로194번길,202608~202908,신규,-,,,단독다가구,단독다가구,2026-08
212,제주특별자치도 제주시 구좌읍 세화리,1***,8m미만,87.84,월세,202608,5,200,50,1996.0,세화8길,202608~202808,신규,-,,,단독다가구,단독다가구,2026-08
213,강원특별자치도 원주시 무실동,1***,12m미만,98.22,월세,202608,5,"2,000",85,2008.0,섬밭들1길,202608~202808,신규,-,,,단독다가구,단독다가구,2026-08
214,경기도 화성시 동탄구 반송동,1*,12m미만,99.0,전세,202608,5,"18,000",0,2012.0,동탄반송3길,202608~202808,신규,-,,,단독다가구,단독다가구,2026-08
215,울산광역시 울주군 온양읍 운화리,1*,12m미만,98.68,월세,202608,5,"1,000",65,2011.0,태화9길,202608~202808,신규,-,,,단독다가구,단독다가구,2026-08
216,경기도 성남시 분당구 백현동,5**,12m미만,98.0,월세,202608,5,"30,000",45,2010.0,동판교로52번길,-,-,-,,,단독다가구,단독다가구,2026-08
217,경기도 가평군 북면 도대리,7*,8m미만,97.41,월세,202608,5,"1,000",40,2019.0,오목골길,202608~202808,신규,-,,,단독다가구,단독다가구,2026-08
218,경상남도 김해시 외동,1***,12m미만,99.24,월세,202608,4,"2,000",60,2003.0,금관대로1180번길,202608~202808,신규,-,,,단독다가구,단독다가구,2026-08
219,제주특별자치도 제주시 조천읍 선흘리,2***,8m미만,97.91,월세,202608,4,"1,000",120,2019.0,북선로,202608~202808,신규,-,,,단독다가구,단독다가구,2026-08
220,부산광역시 영도구 남항동1가,2**,8m미만,99.0,전세,202608,4,"10,000",0,1993.0,절영로43번길,202608~202808,신규,-,,,단독다가구,단독다가구,2026-08
221,부산광역시 동래구 명장동,5**,8m미만,100.83,월세,202608,4,500,30,2018.0,명서로112번길,202608~202708,신규,-,,,단독다가구,단독다가구,2026-08
222,경기도 이천시 사음동,1**,8m미만,93.69,전세,202608,4,"25,000",0,2021.0,증신로325번길,202610~202809,신규,-,,,단독다가구,단독다가구,2026-08
223,경기도 시흥시 은행동,6**,25m미만,101.82,전세,202608,4,"22,500",0,2019.0,은계로142번길,202608~202808,갱신,사용,"25,000",0.0,단독다가구,단독다가구,2026-08
224,강원특별자치도 태백시 황지동,*,25m이상,101.0,전세,202608,4,"7,000",0,1994.0,태백로,-,-,-,,,단독다가구,단독다가구,2026-08
225,전남광주통합특별시 광산구 수완동,1***,12m미만,100.0,전세,202608,4,"12,000",0,2012.0,수완로10번길,202609~202809,갱신,사용,"12,000",0.0,단독다가구,단독다가구,2026-08
226,서울특별시 강북구 수유동,2**,25m미만,96.4,월세,202608,4,"15,000",103,1993.0,한천로150길,202610~202810,신규,-,,,단독다가구,단독다가구,2026-08
227,서울특별시 마포구 성산동,2**,25m미만,91.98,월세,202608,4,"5,000",190,1995.0,성미산로,202609~202809,갱신,-,"5,000",180.0,단독다가구,단독다가구,2026-08
228,제주특별자치도 제주시 조천읍 와산리,1***,12m미만,98.7,월세,202608,4,"1,000",108,2019.0,미래로,202609~202709,신규,-,,,단독다가구,단독다가구,2026-08
229,경기도 부천시 원미구 상동,5**,12m미만,101.96,전세,202608,4,"33,000",0,2003.0,호수로34번길,202610~202812,신규,-,,,단독다가구,단독다가구,2026-08
230,경기도 부천시 원미구 중동,1***,12m미만,86.23,월세,202608,4,"3,000",90,1994.0,심중로114번가길,202608~202808,신규,-,,,단독다가구,단독다가구,2026-08
231,경상남도 김해시 주촌면 천곡리,1***,12m미만,99.66,전세,202608,4,"17,000",0,2026.0,천곡로15번길,202608~203008,신규,-,,,단독다가구,단독다가구,2026-08
232,서울특별시 서초구 내곡동,*,8m미만,99.2,월세,202608,4,"30,000",200,2006.0,샘마을1길,202609~202809,신규,-,,,단독다가구,단독다가구,2026-08
233,경상남도 진주시 하대동,6**,8m미만,90.78,월세,202608,4,"3,000",40,1996.0,하대로,202609~202809,신규,-,,,단독다가구,단독다가구,2026-08
234,부산광역시 남구 대연동,4*,12m미만,95.18,월세,202608,4,500,63,2014.0,수영로346번길,202608~202708,신규,-,,,단독다가구,단독다가구,2026-08
235,경상북도 포항시 남구 해도동,7*,8m미만,90.0,전세,202608,4,"9,000",0,2013.0,중앙로77번길,202608~202708,신규,-,,,단독다가구,단독다가구,2026-08
236,제주특별자치도 서귀포시 남원읍 태흥리,1**,8m미만,100.68,월세,202608,4,"1,000",125,2023.0,태신천길,202608~202708,신규,-,,,단독다가구,단독다가구,2026-08
237,울산광역시 중구 다운동,5**,8m미만,89.64,월세,202608,4,"1,500",65,1996.0,운곡8길,202608~202808,신규,-,,,단독다가구,단독다가구,2026-08
238,부산광역시 북구 구포동,1***,12m미만,98.5,월세,202608,4,500,30,1991.0,팽나무로54번길,202608~202808,신규,-,,,단독다가구,단독다가구,2026-08
239,경기도 평택시 팽성읍 동창리,4*,8m미만,97.55,월세,202608,3,500,65,2005.0,팽성대교길,202608~202708,신규,-,,,단독다가구,단독다가구,2026-08
240,대전광역시 중구 유천동,1**,8m미만,95.0,월세,202608,3,"3,000",60,2002.0,문화로133번길,202608~202808,신규,-,,,단독다가구,단독다가구,2026-08
241,경기도 파주시 동패동,2***,12m미만,98.88,월세,202608,3,"10,000",20,2021.0,동패로28번길,202608~202708,갱신,-,"10,000",95.0,단독다가구,단독다가구,2026-08
242,경기도 성남시 수정구 태평동,3***,8m미만,92.97,전세,202608,3,"18,000",0,2002.0,남문로62번길,202609~202809,갱신,-,"17,500",0.0,단독다가구,단독다가구,2026-08
243,경상북도 경산시 압량읍 신대리,5**,12m미만,90.0,월세,202608,3,300,40,2009.0,압독3로2길,202608~202708,신규,-,,,단독다가구,단독다가구,2026-08
244,전북특별자치도 군산시 수송동,7**,12m미만,100.0,월세,202608,3,"3,000",52,2012.0,남수송5길,202608~202808,갱신,-,"3,000",50.0,단독다가구,단독다가구,2026-08
245,경기도 부천시 소사구 심곡본동,6**,12m미만,86.04,월세,202608,3,500,42,1987.0,심곡로45번길,202608~202808,신규,-,,,단독다가구,단독다가구,2026-08
246,강원특별자치도 춘천시 퇴계동,8**,8m미만,85.69,전세,202608,3,"9,000",0,2012.0,충혼길,202608~202808,신규,-,,,단독다가구,단독다가구,2026-08
247,전북특별자치도 전주시 완산구 효자동3가,1***,12m미만,92.55,월세,202608,3,"10,000",30,2006.0,서곡2길,202608~202808,신규,-,,,단독다가구,단독다가구,2026-08
248,전북특별자치도 전주시 완산구 중화산동2가,6**,8m미만,90.0,월세,202608,3,"2,000",45,1994.0,중산6길,202608~202808,신규,-,,,단독다가구,단독다가구,2026-08
249,대구광역시 달서구 송현동,1***,12m미만,90.36,월세,202608,3,"2,000",40,1983.0,월배로73길,202608~202808,갱신,-,"9,000",0.0,단독다가구,단독다가구,2026-08
250,대전광역시 서구 관저동,1***,12m미만,95.0,전세,202608,3,"30,000",0,2023.0,구봉산북로16번길,202608~202808,신규,-,,,단독다가구,단독다가구,2026-08
251,경기도 부천시 소사구 심곡본동,6**,8m미만,93.06,전세,202608,3,"17,000",0,1988.0,심곡로77번길,202608~202810,갱신,-,"16,300",0.0,단독다가구,단독다가구,2026-08
252,부산광역시 연제구 연산동,1***,8m미만,85.45,월세,202608,3,"1,000",30,1981.0,금련로38번길,202608~202808,신규,-,,,단독다가구,단독다가구,2026-08
253,서울특별시 관악구 신림동,7*,8m미만,90.0,월세,202608,3,"5,000",150,1996.0,남부순환로180길,202609~202809,신규,-,,,단독다가구,단독다가구,2026-08
254,서울특별시 송파구 오금동,1**,8m미만,99.0,전세,202608,3,"11,000",0,1988.0,동남로28길,202608~202808,갱신,-,"11,000",0.0,단독다가구,단독다가구,2026-08
255,강원특별자치도 원주시 문막읍 동화리,5**,8m미만,99.87,월세,202608,3,"1,000",40,1993.0,동화골길,202608~202808,신규,-,,,단독다가구,단독다가구,2026-08
256,경기도 김포시 마산동,6**,12m미만,90.0,월세,202608,3,"2,000",95,2019.0,김포한강8로194번길,202608~202708,신규,-,,,단독다가구,단독다가구,2026-08
257,경기도 부천시 원미구 상동,4**,12m미만,91.27,월세,202608,2,"7,000",80,1995.0,상일로149번길,202611~202811,신규,-,,,단독다가구,단독다가구,2026-08
258,경기도 평택시 신장동,3**,12m미만,89.28,월세,202608,1,500,91,2004.0,신장1로17번길,202608~202708,신규,-,,,단독다가구,단독다가구,2026-08
259,서울특별시 종로구 명륜1가,1*,8m미만,98.4,월세,202608,1,"30,000",50,1993.0,성균관로15길,202611~202811,신규,-,,,단독다가구,단독다가구,2026-08
260,경기도 김포시 통진읍 도사리,4**,8m미만,92.7,월세,202608,1,"4,000",50,1997.0,도이곶로,202608~202808,신규,-,,,단독다가구,단독다가구,2026-08
261,경기도 평택시 고덕동,2***,25m미만,99.37,월세,202608,1,"1,000",220,2019.0,고덕여염6길,202608~202707,신규,-,,,단독다가구,단독다가구,2026-08
262,인천광역시 강화군 불은면 오두리,3**,8m미만,89.46,월세,202608,1,"2,000",50,2003.0,불은남로,202608~202808,신규,-,,,단독다가구,단독다가구,2026-08
263,충청남도 서산시 팔봉면 진장리,1***,8m미만,99.0,전세,202608,1,"2,000",0,2015.0,진장서낭골길,202608~202807,신규,-,,,단독다가구,단독다가구,2026-08
264,전북특별자치도 전주시 덕진구 금암동,6**,12m미만,99.36,월세,202608,1,"2,000",80,2012.0,금암5길,202608~202808,신규,-,,,단독다가구,단독다가구,2026-08
265,대구광역시 동구 율하동,6*,8m미만,91.8,월세,202608,1,500,30,,반야월로20길,202608~202808,신규,-,,,단독다가구,단독다가구,2026-08
266,충청북도 청주시 상당구 용암동,1***,12m미만,101.48,전세,202608,1,"6,000",0,1999.0,용암북로46번길,202609~202809,신규,-,,,단독다가구,단독다가구,2026-08
267,경기도 평택시 팽성읍 안정리,1**,8m미만,101.36,전세,202608,1,"9,000",0,2003.0,안정순환로,202608~202808,신규,-,,,단독다가구,단독다가구,2026-08
268,경기도 이천시 신둔면 수광리,5**,12m미만,87.66,월세,202608,1,"1,000",70,,원적로,202608~202808,신규,-,,,단독다가구,단독다가구,2026-08
269,충청북도 충주시 대소원면 만정리,2**,8m미만,97.44,월세,202608,1,0,50,2026.0,만적길,202608~202612,신규,-,,,단독다가구,단독다가구,2026-08
270,대전광역시 유성구 복용동,5**,25m미만,99.0,월세,202608,1,"3,000",110,2019.0,복용로,202608~202808,신규,-,,,단독다가구,단독다가구,2026-08
271,충청남도 천안시 동남구 광덕면 대평리,4*,8m미만,95.13,전세,202608,1,"13,000",0,2015.0,차령고개로,202608~202808,갱신,-,"13,000",0.0,단독다가구,단독다가구,2026-08
272,서울특별시 서초구 반포동,5**,8m미만,98.35,월세,202608,1,0,600,2014.0,동광로49길,202608~202908,신규,-,,,단독다가구,단독다가구,2026-08
273,인천광역시 강화군 내가면 고천리,1***,8m미만,88.61,전세,202608,1,"13,000",0,2019.0,고비고개로743번길,202609~202809,신규,-,,,단독다가구,단독다가구,2026-08
274,제주특별자치도 제주시 연동,1***,8m미만,97.04,전세,202608,1,"15,000",0,2017.0,은수길,202608~202808,신규,-,,,단독다가구,단독다가구,2026-08
275,전북특별자치도 전주시 완산구 동서학동,3**,8m미만,92.75,전세,202608,1,"18,000",0,2023.0,학봉1길,202609~203009,신규,-,,,단독다가구,단독다가구,2026-08
276,전남광주통합특별시 광산구 우산동,1***,25m미만,100.0,월세,202608,1,"1,500",50,2004.0,우산로,202608~202808,신규,-,,,단독다가구,단독다가구,2026-08
277,경기도 광주시 초월읍 도평리,*,8m미만,96.2,전세,202608,1,"20,000",0,2001.0,현산로,202608~202708,신규,-,,,단독다가구,단독다가구,2026-08
278,제주특별자치도 서귀포시 대정읍 일과리,9**,8m미만,90.72,월세,202608,1,"1,000",100,2014.0,일주서로2842번길,202608~202707,신규,-,,,단독다가구,단독다가구,2026-08
279,제주특별자치도 제주시 용담일동,1**,8m미만,97.45,월세,202608,1,500,42,2001.0,서문로2길,202609~202809,신규,-,,,단독다가구,단독다가구,2026-08
280,경기도 성남시 수정구 신흥동,2***,12m미만,88.68,월세,202608,1,"20,000",60,1989.0,산성대로295번길,202610~202810,신규,-,,,단독다가구,단독다가구,2026-08
281,경기도 고양시 일산동구 중산동,1***,8m미만,87.97,월세,202608,1,"1,000",70,2017.0,소개울1길,202609~202809,신규,-,,,단독다가구,단독다가구,2026-08
282,서울특별시 강동구 천호동,1**,12m미만,85.32,월세,202608,1,"1,000",30,1990.0,성안로27길,202608~202808,신규,-,,,단독다가구,단독다가구,2026-08
