품목명,Tier,가중치,모델,MAPE%
쌀,A,4.2,비계절ETS,1.2816372867812493
현미,A,0.4,비계절ETS,0.7860776890993266
찹쌀,A,0.5,비계절ETS,1.2284425516880495
보리쌀,A,0.2,비계절ETS,0.9795152607826255
콩,A,0.5,비계절ETS,0.5726858918835761
땅콩,A,0.1,비계절ETS,0.35213304270445644
혼식곡,A,0.4,비계절ETS,0.4076175546687266
밀가루,A,0.1,비계절ETS,0.9111344436878793
국수,A,0.7,비계절ETS,1.953288713454734
라면,A,2.4,비계절ETS,0.5070392248827845
당면,A,0.2,비계절ETS,2.985663862667575
두부,A,1.2,비계절ETS,0.556035791314671
시리얼,A,0.4,비계절ETS,7.701914013271562
부침가루,A,0.6,비계절ETS,2.697624986277816
케이크,A,1.6,비계절ETS,0.3127899030337138
빵,A,6.8,비계절ETS,0.2829555474113163
떡,A,1.9,비계절ETS,0.17964153419019438
파스타면,A,0.1,비계절ETS,2.0109905164802573
국산쇠고기,A,8.6,비계절ETS,1.2927341838722972
수입쇠고기,A,3.1,비계절ETS,1.175763504095656
돼지고기,A,9.8,비계절ETS,1.9346030354267665
닭고기,A,1.5,비계절ETS,1.3599938811894836
소시지,A,2.0,비계절ETS,1.3185368048674164
햄및베이컨,A,2.7,비계절ETS,1.6110119389335036
기타육류가공품,A,0.9,비계절ETS,1.6372247482668911
마른멸치,A,0.5,비계절ETS,0.48527963603596574
마른오징어,A,0.2,비계절ETS,0.5795141480091667
오징어채,A,0.2,비계절ETS,0.47629348593360327
북어채,A,0.4,비계절ETS,1.5248210985274417
어묵,A,0.8,비계절ETS,1.5891348473592135
맛살,A,0.2,비계절ETS,1.7885768245055964
수산물통조림,A,0.7,비계절ETS,0.349860551324654
젓갈,A,0.7,비계절ETS,0.9583406014210549
우유,A,3.4,비계절ETS,0.17381319021237596
분유,A,0.5,비계절ETS,0.509503457937058
치즈,A,0.7,비계절ETS,0.29522192621650856
발효유,A,2.0,비계절ETS,0.4627248318253971
달걀,A,3.0,비계절ETS,1.2553705229408574
참기름,A,0.6,비계절ETS,1.6232246432966637
식용유,A,0.8,비계절ETS,2.9224107920840487
아몬드,A,0.2,비계절ETS,0.29257550769859725
과일가공품,A,1.0,비계절ETS,1.3815903446983449
고사리,A,0.1,비계절ETS,0.330039789657486
단무지,A,0.2,비계절ETS,2.015725348708366
김,A,0.5,비계절ETS,0.5076893006787522
맛김,A,0.5,비계절ETS,0.9463991319554367
미역,A,0.3,비계절ETS,0.3742025542387288
초콜릿,A,0.5,비계절ETS,0.739815441849854
사탕,A,0.8,비계절ETS,1.1191582043648214
껌,A,0.1,비계절ETS,0.2774392620733702
아이스크림,A,2.6,비계절ETS,0.33140787039962755
비스킷,A,1.9,비계절ETS,0.49284365288597015
스낵과자,A,2.9,비계절ETS,0.1814337127913989
파이,A,0.6,비계절ETS,0.3304044255999759
설탕,A,0.3,비계절ETS,0.7233890332336141
잼,A,0.1,비계절ETS,1.7873059629770163
꿀,A,0.4,비계절ETS,0.2102564880952603
물엿,A,0.2,비계절ETS,3.3281331555949283
고춧가루,A,1.6,비계절ETS,0.48313141759709755
참깨,A,0.6,비계절ETS,0.2764698969721506
소금,A,0.2,비계절ETS,0.14839549535372654
간장,A,0.4,비계절ETS,1.1695416345748464
된장,A,0.4,비계절ETS,2.3231124568910597
양념소스,A,0.5,비계절ETS,2.229615218818815
고추장,A,0.3,비계절ETS,1.7862004869227677
카레,A,0.2,비계절ETS,0.716322386796337
식초,A,0.1,비계절ETS,0.7271339781446983
드레싱,A,0.2,비계절ETS,0.7754698410173718
혼합조미료,A,0.3,비계절ETS,1.1561948345368358
스프,A,0.3,비계절ETS,0.306813233287417
이유식,A,0.3,비계절ETS,0.08969453517287566
김치,A,1.3,비계절ETS,0.4495613434446695
밑반찬,A,3.1,비계절ETS,0.28646749933019783
냉동식품,A,1.9,비계절ETS,1.3222100476160497
즉석식품,A,3.1,비계절ETS,0.9870921710473851
편의점도시락,A,0.4,비계절ETS,0.27054183562158046
삼각김밥,A,0.4,비계절ETS,0.16597705710659397
커피,A,2.6,비계절ETS,0.6036197037343427
차,A,0.9,비계절ETS,3.1642804409573144
주스,A,1.4,비계절ETS,0.3100725243156513
두유,A,0.8,비계절ETS,0.9504654182856435
생수,A,1.3,비계절ETS,0.30226673819228894
기능성음료,A,0.5,비계절ETS,0.3386521983279415
탄산음료,A,1.6,비계절ETS,1.706364293831827
기타음료,A,0.6,비계절ETS,1.2774060328267396
소주,A,1.7,비계절ETS,0.07746211972527066
과실주,A,0.8,비계절ETS,2.108544991046126
맥주,A,3.0,비계절ETS,0.14616983719678056
막걸리,A,0.5,비계절ETS,0.13025389029898385
양주,A,0.4,비계절ETS,3.4363489964466907
약주,A,0.1,비계절ETS,0.07513715782107988
남자외의,A,4.4,비계절ETS,0.20734986260663155
남자상의,A,1.5,비계절ETS,0.24590177813441091
남자하의,A,1.3,비계절ETS,0.17722634096409384
남자내의,A,0.7,비계절ETS,0.14183211410224003
여자외의,A,6.2,비계절ETS,0.422141763085792
원피스,A,1.8,비계절ETS,0.6659681016094727
여자상의,A,1.5,비계절ETS,0.24327337896802811
여자하의,A,2.4,비계절ETS,0.4273109630710629
여자내의,A,1.8,비계절ETS,0.12986419222696008
점퍼,A,3.3,비계절ETS,0.562952336044879
티셔츠,A,4.6,비계절ETS,0.1525320630243196
스웨터,A,0.6,비계절ETS,0.12932474511356964
청바지,A,1.6,비계절ETS,0.512321461172197
운동복,A,2.3,비계절ETS,0.305860701548156
등산복,A,0.5,비계절ETS,0.29164045511062986
유아동복,A,4.6,비계절ETS,0.32283266540966665
양말,A,0.9,비계절ETS,0.11364222456651683
모자,A,0.6,비계절ETS,0.05279878276570125
장갑,A,0.2,비계절ETS,0.6113801649656124
의복수선료,A,0.2,비계절ETS,0.41262824496130346
세탁료,A,1.1,비계절ETS,0.6823130237257762
아동화,A,0.9,비계절ETS,0.16239795879473984
구두,A,2.0,비계절ETS,0.8135929204496427
운동화,A,4.4,비계절ETS,0.2854807703897914
실내화,A,0.2,비계절ETS,0.11913280249355368
전세,A,54.2,비계절ETS,0.03002519204570217
월세,A,44.9,비계절ETS,0.023007640847380037
주택수선재료,A,3.4,비계절ETS,0.3938858864607249
설비수리비,A,5.9,비계절ETS,0.10013654067635848
상수도료,A,4.5,비계절ETS,0.215329448385518
공동주택관리비,A,21.8,비계절ETS,0.6535087496198269
장롱,A,1.3,비계절ETS,0.3631768317589139
침대,A,2.7,비계절ETS,0.5510049734026069
거실장,A,0.4,비계절ETS,0.29192818064918286
소파,A,1.3,비계절ETS,1.526612119114845
책상,A,0.4,비계절ETS,0.2941833231234037
의자,A,0.4,비계절ETS,0.6073411498197794
식탁,A,0.9,비계절ETS,0.6903442232457034
싱크대,A,1.3,비계절ETS,1.0469257224542077
침구,A,2.6,비계절ETS,0.1548796296391795
커튼,A,0.4,비계절ETS,0.4020708769632848
전기밥솥,A,0.5,비계절ETS,1.4446592280166428
가스레인지,A,0.4,비계절ETS,0.9673510633130663
전자레인지,A,0.1,비계절ETS,0.9802893025183687
전기레인지,A,0.2,비계절ETS,0.885535842186005
냉장고,A,2.4,비계절ETS,2.329370521090794
김치냉장고,A,1.1,비계절ETS,1.4171818568177896
에어컨,A,1.5,비계절ETS,0.7828088301019114
선풍기,A,0.4,비계절ETS,2.2972252467254584
공기청정기,A,0.6,비계절ETS,0.8608270029548781
세탁기,A,1.0,비계절ETS,0.6657845153978734
의류건조기,A,1.1,비계절ETS,1.2045262424077883
식기세척기,A,0.2,비계절ETS,1.056056866338887
청소기,A,1.1,비계절ETS,0.9530542755594303
소형주방가전,A,0.8,비계절ETS,2.012040101681692
보온매트,A,0.4,비계절ETS,0.4436053620618085
가전제품수리비,A,2.4,비계절ETS,2.5039936192327596
가전제품렌탈비,A,2.5,비계절ETS,0.15313295331923524
식기,A,0.8,비계절ETS,2.2675178151164936
컵,A,0.5,비계절ETS,1.0039601226893493
솥,A,0.2,비계절ETS,2.561373678373626
프라이팬,A,0.6,비계절ETS,2.9372279360731177
냄비,A,0.5,비계절ETS,2.399491889174397
수저,A,0.3,비계절ETS,1.6733913935021203
밀폐용기,A,0.7,비계절ETS,2.632727004947799
부엌용용구,A,0.4,비계절ETS,1.1498153814911645
보일러,A,1.5,비계절ETS,0.025926612989311898
건전지,A,0.3,비계절ETS,0.8966027401335827
소형가사용품,A,1.3,비계절ETS,1.6960186935690549
세탁세제,A,1.7,비계절ETS,2.2424241217778507
섬유유연제,A,0.1,비계절ETS,1.4984439326261507
전구,A,0.2,비계절ETS,1.2537677344857945
부엌용세제,A,0.6,비계절ETS,1.421606769612177
청소용세제,A,0.2,비계절ETS,0.1501801774814318
살충제,A,0.3,비계절ETS,1.0886189989001627
가정용비닐용품,A,0.6,비계절ETS,1.4062548094530527
키친타월,A,1.0,비계절ETS,1.5147124243716104
방향제,A,0.3,비계절ETS,1.0802164276133703
습기제거제,A,0.1,비계절ETS,1.7106060521867645
가사도우미료,A,2.4,비계절ETS,0.1645819183703038
간병도우미료,A,2.6,비계절ETS,0.3460038356461857
감기약,A,0.4,비계절ETS,0.06922460274994081
진통제,A,0.4,비계절ETS,0.09328544009129995
소화제,A,0.3,비계절ETS,0.07220819350297904
위장약,A,0.2,비계절ETS,0.10781739673351987
진해거담제,A,0.2,비계절ETS,0.1749858535793142
소염진통제,A,0.6,비계절ETS,0.0505001146252082
피부질환제,A,0.3,비계절ETS,0.12064878632965388
치과구강용약,A,0.3,비계절ETS,0.04717923128491438
조제약,A,5.8,비계절ETS,0.0877817118289299
한방약,A,2.7,비계절ETS,0.13537642795594082
인삼,A,0.3,비계절ETS,0.8451932842336075
홍삼,A,1.1,비계절ETS,3.5614864798078236
비타민제,A,1.2,비계절ETS,0.09154316760948107
건강기능식품,A,6.5,비계절ETS,0.38156617855971336
유산균,A,1.2,비계절ETS,0.6229237247291294
병원약품,A,3.5,비계절ETS,0.08880828567286746
종이기저귀,A,1.4,비계절ETS,0.5288205425909553
생리대,A,1.0,비계절ETS,3.153237519390505
마스크,A,1.6,비계절ETS,0.15953195996134423
반창고,A,0.1,비계절ETS,0.1219286376098262
안경,A,1.0,비계절ETS,0.09833001430950805
콘택트렌즈,A,1.4,비계절ETS,0.5208642211036121
의료측정기,A,0.2,비계절ETS,0.21253652399865575
보청기,A,0.6,비계절ETS,0.03335604031171571
건강기기렌탈비,A,1.5,비계절ETS,3.5316622762582566
치료재료,A,1.5,비계절ETS,0.3704485602435883
건강검진비,A,1.2,비계절ETS,0.20234348361324203
치과보철료,A,6.8,비계절ETS,0.2657685105727177
병원검사료,A,1.1,비계절ETS,0.2073518718091331
소형승용차,A,1.0,비계절ETS,0.26366478247650615
중형승용차,A,1.0,비계절ETS,0.5889534199390888
대형승용차,A,3.2,비계절ETS,1.3324926902073344
경승용차,A,0.6,비계절ETS,0.18120184377302342
다목적승용차,A,7.7,비계절ETS,0.2667530003241389
수입승용차,A,9.3,비계절ETS,1.124926795927835
전기동력차,A,5.1,비계절ETS,1.204548734226899
자전거,A,0.5,비계절ETS,0.21768870993908387
자동차용품,A,0.9,비계절ETS,1.394040743530747
블랙박스,A,0.2,비계절ETS,0.5851501509762138
자동차타이어,A,0.9,비계절ETS,0.14201393354780173
자동차수리비,A,6.3,비계절ETS,0.3694325909858889
엔진오일교체료,A,1.0,비계절ETS,1.2737874483221154
세차료,A,0.5,비계절ETS,0.29838663322210063
자동차학원비,A,0.5,비계절ETS,0.1066298686739149
주차료,A,1.2,비계절ETS,0.18500753186079652
승용차임차료,B,3.2,계절ETS,10.339972548275373
대리운전이용료,A,0.4,비계절ETS,0.12605037310469072
자동차검사료,A,0.3,비계절ETS,0.0
국내항공료,B,1.0,계절ETS,4.562992194861423
여객선료,A,0.2,비계절ETS,1.2694017169422227
이삿짐운송료,A,1.0,비계절ETS,0.45291355542983136
택배이용료,A,1.9,비계절ETS,0.10569613452418329
휴대전화기,A,10.4,비계절ETS,0.46828189712827034
휴대전화기수리비,A,0.4,비계절ETS,1.6998081908681693
TV,A,1.9,비계절ETS,1.6801364441479236
영상음향기기,A,0.9,비계절ETS,1.4502697594537246
컴퓨터,A,3.0,비계절ETS,2.1687775973239916
컴퓨터수리비,A,0.1,비계절ETS,1.9308408891825015
휴대용멀티미디어기기,A,1.2,비계절ETS,1.5946350559963929
컴퓨터소모품,A,0.7,비계절ETS,0.8873331737492448
저장장치,A,0.1,비계절ETS,2.9684890931404735
악기,A,0.3,비계절ETS,0.17772920025682745
헬스기구,A,1.1,비계절ETS,1.7938738056300296
장난감,A,2.9,비계절ETS,0.722512163597108
레저용품,A,1.6,비계절ETS,0.7140780957537176
운동용품,A,2.1,비계절ETS,1.9369251972217836
화초,A,0.7,비계절ETS,5.446906465998976
원예용품,A,0.4,비계절ETS,0.2364469017579042
반려동물용품,A,3.3,비계절ETS,0.6760222031410174
반려동물관리비,A,2.6,비계절ETS,0.09474705592309805
수영장이용료,A,0.2,비계절ETS,0.12465379197729705
볼링장이용료,A,0.2,비계절ETS,0.11213972829812374
헬스클럽이용료,A,1.5,비계절ETS,0.13133100362895203
골프연습장이용료,A,2.3,비계절ETS,0.09433368733133135
골프장이용료,A,3.0,비계절ETS,0.512498150470747
당구장이용료,A,0.5,비계절ETS,0.08879898138833496
노래방이용료,A,0.5,비계절ETS,0.1747064511182688
PC방이용료,A,0.3,비계절ETS,0.13586175742539658
놀이시설이용료,A,2.3,비계절ETS,1.7047966911477364
운동경기관람료,A,0.2,비계절ETS,0.4909344609137325
영화관람료,A,1.0,비계절ETS,0.0001208647119415347
공연예술관람료,A,0.7,비계절ETS,0.4168535717788779
관람시설이용료,A,0.6,비계절ETS,0.3398221711036022
독서실비,A,0.8,비계절ETS,0.21063122698451217
문화강습료,A,0.9,비계절ETS,0.10805288859066103
온라인콘텐츠이용료,A,8.0,비계절ETS,0.11018541095526425
사진서비스료,A,1.7,비계절ETS,0.7337799370249386
유아용학습교재,A,0.3,비계절ETS,0.276032743548375
초등학교학습서,A,0.6,비계절ETS,0.22531392878473458
중학교학습서,A,0.6,비계절ETS,1.3425082693656476
고등학교학습서,A,0.6,비계절ETS,0.370472339427057
대학교재,A,0.2,비계절ETS,0.10946338519567982
서적,A,1.5,비계절ETS,0.3035955958971481
신문,A,0.4,비계절ETS,0.06479542353968046
종이문구,A,0.5,비계절ETS,0.4223448827563037
기타문구,A,0.1,비계절ETS,0.595166224306119
필기구,A,0.4,비계절ETS,0.40983336570908246
회화용구,A,0.2,비계절ETS,0.19120129634358662
국내단체여행비,A,2.0,비계절ETS,6.282336174161912
해외단체여행비,A,5.5,비계절ETS,4.747881969231313
초등학생학원비,A,7.6,비계절ETS,0.12981042323831113
중학생학원비,A,13.8,비계절ETS,0.11627663643574371
고등학생학원비,A,13.8,비계절ETS,0.09928209891032512
음악학원비,A,3.0,비계절ETS,0.1257722589008962
미술학원비,A,2.6,비계절ETS,0.14690964335167384
운동학원비,A,5.7,비계절ETS,0.23521317286855725
전산학원비,A,0.5,비계절ETS,0.1239963258219499
가정학습지,A,3.5,비계절ETS,0.49874046142525574
이러닝이용료,A,0.7,비계절ETS,0.5912786707390855
학교보충교육비,A,1.4,비계절ETS,0.773613233237747
기타학원비,A,0.2,비계절ETS,0.07906374173964477
취업학원비,A,2.0,비계절ETS,0.40541378208833323
외국어학원비,A,0.5,비계절ETS,0.16051284474325236
운동강습료,A,3.7,비계절ETS,0.082580473761473
김치찌개백반,A,4.8,비계절ETS,0.1617851735014705
된장찌개백반,A,4.3,비계절ETS,0.17927227942111443
비빔밥,A,2.4,비계절ETS,0.20010598894903753
설렁탕,A,2.0,비계절ETS,0.1924235625102202
갈비탕,A,2.2,비계절ETS,0.20276570255712625
삼계탕,A,2.2,비계절ETS,0.15513865260649837
해물찜,A,4.1,비계절ETS,0.08888971320633636
해장국,A,5.0,비계절ETS,0.17810447534239218
불고기,A,1.1,비계절ETS,0.19511878132061766
쇠고기(외식),A,8.3,비계절ETS,0.12480001757760416
돼지갈비(외식),A,6.1,비계절ETS,0.1333971848441026
삼겹살(외식),A,7.2,비계절ETS,0.11401739775529281
오리고기(외식),A,1.5,비계절ETS,0.25455864439952713
냉면,A,2.4,비계절ETS,0.16027454115733034
칼국수,A,2.7,비계절ETS,0.10487112292278293
죽(외식),A,1.7,비계절ETS,0.3792162516709349
생선초밥,A,2.7,비계절ETS,0.09993195898699192
생선회(외식),A,10.3,비계절ETS,0.18182486406639853
자장면,A,2.2,비계절ETS,0.1424381860239836
짬뽕,A,2.4,비계절ETS,0.1788203711202191
탕수육,A,2.1,비계절ETS,0.1049412156142131
볶음밥,A,0.9,비계절ETS,0.1175933967365395
돈가스,A,2.2,비계절ETS,0.1858051764490378
스테이크,A,1.5,비계절ETS,0.1838895675196196
스파게티,A,1.5,비계절ETS,0.12283780730936594
라면(외식),A,0.7,비계절ETS,0.15807596995421339
김밥,A,3.4,비계절ETS,0.18156706401930592
떡볶이,A,3.1,비계절ETS,0.15021731719221196
치킨,A,8.6,비계절ETS,0.2444834904210191
햄버거,A,4.3,비계절ETS,1.5532794584776835
피자,A,4.1,비계절ETS,0.029081190980816223
쌀국수,A,0.6,비계절ETS,0.11761153650842228
커피(외식),A,8.8,비계절ETS,0.11082553976905975
기타음료(외식),A,0.5,비계절ETS,0.03767885985114105
소주(외식),A,2.5,비계절ETS,0.26736631822480467
맥주(외식),A,4.8,비계절ETS,0.20504017697900134
막걸리(외식),A,0.3,비계절ETS,0.14232897089719457
구내식당식사비,A,11.9,비계절ETS,0.15831592185186533
도시락,A,0.6,비계절ETS,0.8500496045981524
호텔숙박료,A,2.1,비계절ETS,5.19921696217092
여관숙박료,A,1.5,비계절ETS,0.36305776536826495
콘도이용료,B,0.8,계절ETS,5.863581945825577
학교기숙사비,A,0.9,비계절ETS,0.3363004247956029
휴양시설이용료,A,1.4,비계절ETS,6.1479926505883755
목욕료,A,0.6,비계절ETS,0.18372582315274186
찜질방이용료,A,0.6,비계절ETS,0.19340026274010558
이발료,A,0.3,비계절ETS,0.16341406729159236
미용료,A,7.3,비계절ETS,0.1370226838094027
뷰티미용료,A,2.2,비계절ETS,0.18662076314494613
면도기,A,0.4,비계절ETS,1.1248566100620512
헤어드라이어,A,0.7,비계절ETS,1.9122789251444843
칫솔,A,0.4,비계절ETS,1.659666723520731
치약,A,0.5,비계절ETS,2.130310673688711
비누,A,0.3,비계절ETS,1.2521161145866053
샴푸,A,1.0,비계절ETS,0.9116063407334037
바디워시,A,0.5,비계절ETS,2.38578916010119
화장지,A,1.3,비계절ETS,0.7313526722488349
기초화장품,A,4.5,비계절ETS,0.7421540738116432
기능성화장품,A,3.7,비계절ETS,0.4250295065062442
색조화장품,A,0.7,비계절ETS,0.2992176253599986
모발염색약,A,0.7,비계절ETS,3.22680713492835
구강세정제,A,0.2,비계절ETS,2.985527427052755
손목시계,A,0.6,비계절ETS,1.2680367930213354
장신구,A,1.0,비계절ETS,0.34281422630756375
가방,A,2.7,비계절ETS,0.3787480972202353
핸드백,A,1.4,비계절ETS,2.1044693415354403
우산,A,0.2,비계절ETS,0.21474223152821562
유모차,A,0.2,비계절ETS,0.25839099884265454
선글라스,A,0.4,비계절ETS,0.2292784481497359
지갑,A,0.5,비계절ETS,3.3764907745474433e-06
산후조리원이용료,A,0.7,비계절ETS,0.22591416935728661
보험서비스료,A,8.6,비계절ETS,1.4089885802877138
자동차보험료,A,3.7,비계절ETS,0.14413892600307096
금융수수료,A,0.2,비계절ETS,0.0008845343401198136
대입전형료,A,0.1,비계절ETS,0.7050054273498011
시험응시료,A,0.4,비계절ETS,0.12041013345895633
장례비,A,2.6,비계절ETS,0.1719777994744266
갈치,B,1.1,계절ETS,2.672721682178844
명태,B,0.7,계절ETS,1.9945793940011722
조기,B,0.9,계절ETS,0.7161242971140126
고등어,B,2.0,계절ETS,1.7469633807361626
오징어,B,1.0,계절ETS,1.7176418138786247
게,B,0.9,계절ETS,1.053677092241462
굴,B,0.4,계절ETS,2.2914413985763327
조개,B,0.6,계절ETS,1.3260459510604141
전복,B,0.5,계절ETS,2.119291704919822
새우,B,0.7,계절ETS,0.7015496515544993
낙지,B,0.5,계절ETS,0.6194002286045137
사과,B,2.3,계절ETS,2.0746156416322967
배,B,0.7,계절ETS,5.058951032772943
복숭아,B,1.0,계절ETS,2.503151657839009
포도,B,1.4,계절ETS,1.9511478962773483
밤,B,0.2,계절ETS,1.6513079683765575
감,B,0.5,계절ETS,2.1498748690318346
귤,B,1.8,계절ETS,2.8955795221132927
오렌지,B,0.4,계절ETS,2.547751777243762
참외,B,1.0,계절ETS,6.589514160856016
수박,B,1.0,계절ETS,2.616973438026606
딸기,B,1.5,계절ETS,5.2190989909613466
바나나,B,0.8,계절ETS,1.7909752067348796
키위,B,0.4,계절ETS,2.2842882634888735
블루베리,B,0.4,계절ETS,0.669014395442153
망고,B,0.4,계절ETS,4.898711158706617
체리,B,0.3,계절ETS,6.470173938770915
아보카도,B,0.1,계절ETS,4.83586542184874
파인애플,B,0.2,계절ETS,2.8569496669583034
배추,B,1.3,계절ETS,7.946164118520355
상추,B,0.6,계절ETS,10.716250886542882
시금치,B,0.3,계절ETS,15.632145579883876
양배추,B,0.2,계절ETS,6.39943219211064
미나리,B,0.2,계절ETS,5.169940713257444
깻잎,B,0.2,계절ETS,6.0480100497636435
부추,B,0.2,계절ETS,12.666603801167147
무,B,0.6,계절ETS,9.511552929512565
열무,B,0.2,계절ETS,8.595224164925686
당근,B,0.3,계절ETS,4.2060015260721615
감자,B,0.6,계절ETS,4.5240646062544085
고구마,B,1.0,계절ETS,2.5762188152842254
도라지,B,0.1,계절ETS,0.5173364479410122
콩나물,B,0.5,계절ETS,0.41173497333738035
버섯,B,0.9,계절ETS,3.2144019203487684
오이,B,0.6,계절ETS,7.963282245652539
풋고추,B,0.6,계절ETS,6.59431511278731
호박,B,0.5,계절ETS,15.870880728304313
가지,B,0.2,계절ETS,7.351351569376361
토마토,B,1.3,계절ETS,7.13107792278272
파,B,0.9,계절ETS,11.250208075470347
양파,B,0.7,계절ETS,3.704113081460509
마늘,B,1.3,계절ETS,1.3038611372224738
브로콜리,B,0.2,계절ETS,7.873845836230014
파프리카,B,0.6,계절ETS,10.568398917832331
생강,B,0.1,계절ETS,4.243954496452045
담배,C,9.3,비계절ETS,0.07995578186777988
하수도료,C,3.1,비계절ETS,0.7873914395021102
쓰레기봉투료,C,0.7,비계절ETS,0.09110579516826438
정화조청소료,C,0.5,비계절ETS,0.29343827655436017
외래진료비,C,20.5,계절ETS,0.05132374201698373
한방진료비,C,1.0,계절ETS,0.2335115628448724
약국조제료,C,1.8,계절ETS,0.07281364232514019
치과진료비,C,6.1,계절ETS,0.11012171987362455
입원진료비,C,10.2,계절ETS,0.11124122355257389
도로통행료,C,1.7,비계절ETS,0.13950794913686673
열차료,C,1.7,비계절ETS,0.00850297276542141
도시철도료,C,2.2,비계절ETS,0.0905507132956644
시내버스료,C,6.8,비계절ETS,0.3577367322085366
시외버스료,C,1.0,비계절ETS,0.06456794608766689
택시료,C,3.2,비계절ETS,0.12024435718001135
국제항공료,C,2.9,비계절ETS,4.661684018734933
우편료,C,0.1,비계절ETS,0.961400286006755
유선전화료,C,0.4,비계절ETS,0.006239449112301136
휴대전화료,C,29.8,비계절ETS,4.2337237768729485
인터넷이용료,C,5.5,비계절ETS,3.078972983195973e-05
방송수신료,C,2.4,비계절ETS,0.03640299960695416
유치원납입금,C,1.8,비계절ETS,5.104389766502154
전문대학납입금,C,1.1,계절ETS,0.49706563234710543
국공립대학교납입금,C,1.4,계절ETS,0.22049561271497786
사립대학교납입금,C,8.6,계절ETS,0.5493039788401524
국공립대학원납입금,C,0.4,계절ETS,0.22379329729793818
사립대학원납입금,C,1.6,계절ETS,0.28699738724795393
보육시설이용료,C,0.7,비계절ETS,1.8627628214275862
요양시설이용료,C,0.9,비계절ETS,0.4011515491598438
부동산중개수수료,C,0.8,비계절ETS,0.03021373960253691
행정수수료,C,1.1,비계절ETS,0.09437572766111718
전기료,D,16.1,비계절ETS,1.9659852776625766
도시가스,D,11.5,비계절ETS,0.024378446531455267
취사용LPG,D,0.9,회귀(오피넷),0.10159508420008145
등유,D,2.4,회귀(오피넷),1.1279725995155456
지역난방비,D,1.6,비계절ETS,0.13701937567904687
부탄가스,D,0.1,비계절ETS,2.2917624494360775
휘발유,D,24.1,회귀(오피넷),0.23505950128278705
경유,D,16.3,회귀(오피넷),0.29512395324032586
자동차용LPG,D,2.8,회귀(오피넷),0.30416419402890604
