품목코드,품목명,Tier,가중치,모델,pred_2026-08
A011010,쌀,A,4.2,비계절ETS,116.35490465899694
A011020,현미,A,0.4,비계절ETS,126.92350480575115
A011030,찹쌀,A,0.5,비계절ETS,130.8700000767827
A011040,보리쌀,A,0.2,비계절ETS,177.44667353940193
A011050,콩,A,0.5,비계절ETS,104.28548268277086
A011060,땅콩,A,0.1,비계절ETS,120.98978878662751
A011070,혼식곡,A,0.4,비계절ETS,121.75300957788362
A011080,밀가루,A,0.1,비계절ETS,128.7641304197163
A011090,국수,A,0.7,비계절ETS,147.73665392348687
A011100,라면,A,2.4,비계절ETS,127.03760521247273
A011110,당면,A,0.2,비계절ETS,139.67782682669935
A011120,두부,A,1.2,비계절ETS,107.61132356359641
A011130,시리얼,A,0.4,비계절ETS,121.73621557504967
A011140,부침가루,A,0.6,비계절ETS,141.98790003913132
A011150,케이크,A,1.6,비계절ETS,132.37990300456855
A011160,빵,A,6.8,비계절ETS,138.80116724485868
A011170,떡,A,1.9,비계절ETS,130.73847411343988
A011180,파스타면,A,0.1,비계절ETS,133.41311092366445
A012010,국산쇠고기,A,8.6,비계절ETS,110.24176140890916
A012020,수입쇠고기,A,3.1,비계절ETS,144.31546764364117
A012030,돼지고기,A,9.8,비계절ETS,134.65664217403975
A012040,닭고기,A,1.5,비계절ETS,134.94204844391115
A012050,소시지,A,2.0,비계절ETS,120.95477719742992
A012060,햄및베이컨,A,2.7,비계절ETS,126.15077575923303
A012070,기타육류가공품,A,0.9,비계절ETS,138.06325992671086
A013110,마른멸치,A,0.5,비계절ETS,109.86611304681308
A013120,마른오징어,A,0.2,비계절ETS,126.28471526465965
A013140,오징어채,A,0.2,비계절ETS,142.31521664884977
A013150,북어채,A,0.4,비계절ETS,139.38000741263858
A013160,어묵,A,0.8,비계절ETS,135.63382009684346
A013170,맛살,A,0.2,비계절ETS,147.99642860421474
A013180,수산물통조림,A,0.7,비계절ETS,126.96660936685745
A013190,젓갈,A,0.7,비계절ETS,125.25672277689671
A014010,우유,A,3.4,비계절ETS,124.63348344881449
A014020,분유,A,0.5,비계절ETS,113.36224401391239
A014030,치즈,A,0.7,비계절ETS,144.8143251010459
A014040,발효유,A,2.0,비계절ETS,128.28415802206916
A014050,달걀,A,3.0,비계절ETS,155.7443074283707
A015010,참기름,A,0.6,비계절ETS,153.62950142750736
A015020,식용유,A,0.8,비계절ETS,156.4789746479223
A016190,아몬드,A,0.2,비계절ETS,111.22459093063779
A016200,과일가공품,A,1.0,비계절ETS,147.15164202945348
A017250,고사리,A,0.1,비계절ETS,126.90503436324228
A017270,단무지,A,0.2,비계절ETS,128.44567298975838
A017280,김,A,0.5,비계절ETS,154.80298573985908
A017290,맛김,A,0.5,비계절ETS,136.10624244704945
A017300,미역,A,0.3,비계절ETS,138.06986677299133
A018010,초콜릿,A,0.5,비계절ETS,163.83324091255884
A018020,사탕,A,0.8,비계절ETS,116.97215524352889
A018030,껌,A,0.1,비계절ETS,115.83611820175648
A018040,아이스크림,A,2.6,비계절ETS,128.95540464165344
A018050,비스킷,A,1.9,비계절ETS,135.71572510693306
A018060,스낵과자,A,2.9,비계절ETS,119.00019549157378
A018070,파이,A,0.6,비계절ETS,117.07138727835154
A018080,설탕,A,0.3,비계절ETS,142.97752892861965
A018090,잼,A,0.1,비계절ETS,172.4275539979978
A018100,꿀,A,0.4,비계절ETS,116.93883622263289
A018110,물엿,A,0.2,비계절ETS,138.66302603397796
A019010,고춧가루,A,1.6,비계절ETS,115.15635910455606
A019020,참깨,A,0.6,비계절ETS,137.61308625870114
A019040,소금,A,0.2,비계절ETS,177.1332911213174
A019050,간장,A,0.4,비계절ETS,142.77209125677106
A019060,된장,A,0.4,비계절ETS,140.59933898296615
A019070,양념소스,A,0.5,비계절ETS,141.04815400749845
A019080,고추장,A,0.3,비계절ETS,141.77284625367489
A019090,카레,A,0.2,비계절ETS,130.82598429091374
A019100,식초,A,0.1,비계절ETS,148.49894256161778
A019110,드레싱,A,0.2,비계절ETS,167.30216746968125
A019120,혼합조미료,A,0.3,비계절ETS,136.87319782184383
A019130,스프,A,0.3,비계절ETS,129.8465636032167
A019140,이유식,A,0.3,비계절ETS,111.21617177304073
A019150,김치,A,1.3,비계절ETS,134.31883914143066
A019160,밑반찬,A,3.1,비계절ETS,118.36486080241275
A019170,냉동식품,A,1.9,비계절ETS,118.51592830484799
A019180,즉석식품,A,3.1,비계절ETS,127.43779463259341
A019190,편의점도시락,A,0.4,비계절ETS,118.77286517630164
A019200,삼각김밥,A,0.4,비계절ETS,116.5103073164148
A021010,커피,A,2.6,비계절ETS,146.09545811778054
A021020,차,A,0.9,비계절ETS,125.4415114397681
A022010,주스,A,1.4,비계절ETS,136.78686743569972
A022020,두유,A,0.8,비계절ETS,127.10789504974889
A022030,생수,A,1.3,비계절ETS,117.1699393357026
A022040,기능성음료,A,0.5,비계절ETS,120.6595265091678
A022050,탄산음료,A,1.6,비계절ETS,120.35443921161425
A022060,기타음료,A,0.6,비계절ETS,123.81114914214436
B011010,소주,A,1.7,비계절ETS,109.06575081185771
B011020,과실주,A,0.8,비계절ETS,103.1681621892554
B011030,맥주,A,3.0,비계절ETS,116.3531963802829
B011040,막걸리,A,0.5,비계절ETS,124.3457315882163
B011050,양주,A,0.4,비계절ETS,114.18802063022667
B011060,약주,A,0.1,비계절ETS,105.95758383022834
C011010,남자외의,A,4.4,비계절ETS,120.42416814374822
C011020,남자상의,A,1.5,비계절ETS,115.19250711633983
C011030,남자하의,A,1.3,비계절ETS,123.82494721090497
C011040,남자내의,A,0.7,비계절ETS,111.50071933856674
C012010,여자외의,A,6.2,비계절ETS,115.88489227314535
C012020,원피스,A,1.8,비계절ETS,135.7653964321759
C012030,여자상의,A,1.5,비계절ETS,117.49780275083599
C012040,여자하의,A,2.4,비계절ETS,124.03087129502977
C012050,여자내의,A,1.8,비계절ETS,110.1554909758294
C013010,점퍼,A,3.3,비계절ETS,120.68587747061387
C013020,티셔츠,A,4.6,비계절ETS,123.93364575784051
C013030,스웨터,A,0.6,비계절ETS,118.80108646762002
C013040,청바지,A,1.6,비계절ETS,124.65956755335895
C013050,운동복,A,2.3,비계절ETS,112.64023935112604
C013060,등산복,A,0.5,비계절ETS,110.45386276669544
C014010,유아동복,A,4.6,비계절ETS,120.19308611686009
C015010,양말,A,0.9,비계절ETS,104.29316297836267
C015020,모자,A,0.6,비계절ETS,113.3377086428278
C015030,장갑,A,0.2,비계절ETS,158.16103801629137
C016010,의복수선료,A,0.2,비계절ETS,135.60348744842116
C016020,세탁료,A,1.1,비계절ETS,155.62180206113226
C021010,아동화,A,0.9,비계절ETS,116.35615130599152
C021020,구두,A,2.0,비계절ETS,114.43767462108042
C021030,운동화,A,4.4,비계절ETS,115.04834723667656
C021040,실내화,A,0.2,비계절ETS,128.00596857490336
D011010,전세,A,54.2,비계절ETS,106.32606512401921
D011020,월세,A,44.9,비계절ETS,105.9465907366708
D031010,주택수선재료,A,3.4,비계절ETS,127.9757455651619
D031020,설비수리비,A,5.9,비계절ETS,126.57457038266787
D041010,상수도료,A,4.5,비계절ETS,119.66225551461278
D042010,공동주택관리비,A,21.8,비계절ETS,131.4394371245893
E011010,장롱,A,1.3,비계절ETS,127.97286058691297
E011020,침대,A,2.7,비계절ETS,134.30023021165894
E011030,거실장,A,0.4,비계절ETS,128.1303053247991
E011040,소파,A,1.3,비계절ETS,137.32499552762135
E011050,책상,A,0.4,비계절ETS,131.22206204100496
E011060,의자,A,0.4,비계절ETS,120.25403521680889
E011070,식탁,A,0.9,비계절ETS,130.68117577057853
E011080,싱크대,A,1.3,비계절ETS,158.32774257719566
E021010,침구,A,2.6,비계절ETS,117.22091767103312
E021020,커튼,A,0.4,비계절ETS,107.97533851535637
E031010,전기밥솥,A,0.5,비계절ETS,98.06448129810572
E031020,가스레인지,A,0.4,비계절ETS,105.7502317953139
E031030,전자레인지,A,0.1,비계절ETS,107.09129764600891
E031040,전기레인지,A,0.2,비계절ETS,99.33387378173411
E031050,냉장고,A,2.4,비계절ETS,99.52700435595699
E031060,김치냉장고,A,1.1,비계절ETS,111.00510684530006
E031070,에어컨,A,1.5,비계절ETS,121.59532921556443
E031080,선풍기,A,0.4,비계절ETS,90.73897974160761
E031090,공기청정기,A,0.6,비계절ETS,91.80308472035699
E031100,세탁기,A,1.0,비계절ETS,103.3142954169386
E031110,의류건조기,A,1.1,비계절ETS,111.89909394327267
E031120,식기세척기,A,0.2,비계절ETS,101.718073480237
E031130,청소기,A,1.1,비계절ETS,98.60415189245234
E031140,소형주방가전,A,0.8,비계절ETS,113.11459315135679
E031150,보온매트,A,0.4,비계절ETS,114.89455771279735
E032010,가전제품수리비,A,2.4,비계절ETS,161.9894805142925
E032020,가전제품렌탈비,A,2.5,비계절ETS,97.21407104166461
E041010,식기,A,0.8,비계절ETS,129.10328398558494
E041020,컵,A,0.5,비계절ETS,106.91834511491695
E041030,솥,A,0.2,비계절ETS,122.20046502418037
E041040,프라이팬,A,0.6,비계절ETS,132.25495693777785
E041050,냄비,A,0.5,비계절ETS,129.55894120334438
E041060,수저,A,0.3,비계절ETS,114.63829131709149
E041070,밀폐용기,A,0.7,비계절ETS,126.28489039596154
E041080,부엌용용구,A,0.4,비계절ETS,129.8183588176978
E051010,보일러,A,1.5,비계절ETS,120.3668583492978
E051020,건전지,A,0.3,비계절ETS,150.60569875405605
E051030,소형가사용품,A,1.3,비계절ETS,118.4993733409928
E061010,세탁세제,A,1.7,비계절ETS,127.9609448698091
E061020,섬유유연제,A,0.1,비계절ETS,154.32476020584798
E061030,전구,A,0.2,비계절ETS,109.54110874128699
E061040,부엌용세제,A,0.6,비계절ETS,122.83036696707819
E061050,청소용세제,A,0.2,비계절ETS,139.98558473370608
E061060,살충제,A,0.3,비계절ETS,131.92870134371483
E061070,가정용비닐용품,A,0.6,비계절ETS,154.94013446884995
E061080,키친타월,A,1.0,비계절ETS,135.02782500044154
E061090,방향제,A,0.3,비계절ETS,133.43665220108733
E061100,습기제거제,A,0.1,비계절ETS,145.7915131877434
E062010,가사도우미료,A,2.4,비계절ETS,124.04834178493256
E062020,간병도우미료,A,2.6,비계절ETS,145.54511953628707
F011010,감기약,A,0.4,비계절ETS,128.49480689269754
F011020,진통제,A,0.4,비계절ETS,120.27580340610936
F011030,소화제,A,0.3,비계절ETS,123.36347059122889
F011040,위장약,A,0.2,비계절ETS,108.03762696575515
F011050,진해거담제,A,0.2,비계절ETS,115.23549184040837
F011060,소염진통제,A,0.6,비계절ETS,115.43748688813646
F011070,피부질환제,A,0.3,비계절ETS,115.2846059553115
F011080,치과구강용약,A,0.3,비계절ETS,111.86859842817493
F011090,조제약,A,5.8,비계절ETS,92.403317127532
F011100,한방약,A,2.7,비계절ETS,134.5167365126964
F011110,인삼,A,0.3,비계절ETS,130.73011700003414
F011120,홍삼,A,1.1,비계절ETS,108.80813787066681
F011130,비타민제,A,1.2,비계절ETS,113.4491489193702
F011140,건강기능식품,A,6.5,비계절ETS,102.69047212125416
F011150,유산균,A,1.2,비계절ETS,101.19286160941586
F011160,병원약품,A,3.5,비계절ETS,92.15845537700893
F012010,종이기저귀,A,1.4,비계절ETS,116.78139509705639
F012020,생리대,A,1.0,비계절ETS,109.85543806424342
F012030,마스크,A,1.6,비계절ETS,70.81494049509347
F012040,반창고,A,0.1,비계절ETS,103.28274373579283
F012050,안경,A,1.0,비계절ETS,101.88077180909072
F012060,콘택트렌즈,A,1.4,비계절ETS,106.13260300676332
F012070,의료측정기,A,0.2,비계절ETS,99.5886501985322
F012080,보청기,A,0.6,비계절ETS,102.9145091646133
F012090,건강기기렌탈비,A,1.5,비계절ETS,118.10175683092085
F012100,치료재료,A,1.5,비계절ETS,101.86998543108655
F021020,건강검진비,A,1.2,비계절ETS,108.70398943735451
F022020,치과보철료,A,6.8,비계절ETS,107.2756303261021
F031020,병원검사료,A,1.1,비계절ETS,63.443930337595184
G011010,소형승용차,A,1.0,비계절ETS,107.95722222054503
G011020,중형승용차,A,1.0,비계절ETS,104.29611082458966
G011030,대형승용차,A,3.2,비계절ETS,115.41101921630492
G011040,경승용차,A,0.6,비계절ETS,108.25491598226488
G011050,다목적승용차,A,7.7,비계절ETS,112.91189495792271
G011060,수입승용차,A,9.3,비계절ETS,107.4319382553574
G011070,전기동력차,A,5.1,비계절ETS,106.24511997230783
G011080,자전거,A,0.5,비계절ETS,139.33640784367535
G022010,자동차용품,A,0.9,비계절ETS,116.58722594287703
G022020,블랙박스,A,0.2,비계절ETS,102.11112570918175
G022030,자동차타이어,A,0.9,비계절ETS,121.11145378806151
G022040,자동차수리비,A,6.3,비계절ETS,125.29348597219759
G022050,엔진오일교체료,A,1.0,비계절ETS,157.25218537701505
G022060,세차료,A,0.5,비계절ETS,141.38911327549448
G023010,자동차학원비,A,0.5,비계절ETS,116.3932145206337
G023020,주차료,A,1.2,비계절ETS,113.12537820646682
G023040,승용차임차료,B,3.2,계절ETS,91.44460277538732
G023050,대리운전이용료,A,0.4,비계절ETS,138.59830993467037
G023060,자동차검사료,A,0.3,비계절ETS,100.0
G033010,국내항공료,B,1.0,계절ETS,137.98754024782886
G033030,여객선료,A,0.2,비계절ETS,131.64231119559136
G034010,이삿짐운송료,A,1.0,비계절ETS,136.798733368454
G034020,택배이용료,A,1.9,비계절ETS,114.67390166178404
H021010,휴대전화기,A,10.4,비계절ETS,101.70097854756834
H031040,휴대전화기수리비,A,0.4,비계절ETS,107.77495972153062
I011010,TV,A,1.9,비계절ETS,88.15462067341487
I011020,영상음향기기,A,0.9,비계절ETS,100.18720053874125
I012010,컴퓨터,A,3.0,비계절ETS,117.01897372545973
I012020,컴퓨터수리비,A,0.1,비계절ETS,208.18091607030095
I012030,휴대용멀티미디어기기,A,1.2,비계절ETS,149.9974920586041
I012040,컴퓨터소모품,A,0.7,비계절ETS,127.77518820258581
I012050,저장장치,A,0.1,비계절ETS,214.89480609011372
I021010,악기,A,0.3,비계절ETS,106.54172278880013
I021020,헬스기구,A,1.1,비계절ETS,116.04417600583326
I031010,장난감,A,2.9,비계절ETS,101.40447233331628
I031020,레저용품,A,1.6,비계절ETS,112.94932781914557
I031030,운동용품,A,2.1,비계절ETS,105.70850209457221
I031040,화초,A,0.7,비계절ETS,136.4300000976026
I031050,원예용품,A,0.4,비계절ETS,121.17193914097614
I031060,반려동물용품,A,3.3,비계절ETS,123.15408971876329
I031070,반려동물관리비,A,2.6,비계절ETS,115.40722139673487
I041010,수영장이용료,A,0.2,비계절ETS,114.2950009243212
I041020,볼링장이용료,A,0.2,비계절ETS,109.90170742712277
I041030,헬스클럽이용료,A,1.5,비계절ETS,109.13610718255413
I041040,골프연습장이용료,A,2.3,비계절ETS,103.96576146119764
I041050,골프장이용료,A,3.0,비계절ETS,120.89638350620748
I041060,당구장이용료,A,0.5,비계절ETS,109.10833825528863
I041070,노래방이용료,A,0.5,비계절ETS,123.5853258696335
I041080,PC방이용료,A,0.3,비계절ETS,115.98659016976015
I041090,놀이시설이용료,A,2.3,비계절ETS,129.31251616544475
I041100,운동경기관람료,A,0.2,비계절ETS,133.77913198873236
I042010,영화관람료,A,1.0,비계절ETS,128.81002998546916
I042020,공연예술관람료,A,0.7,비계절ETS,116.06186154562079
I042030,관람시설이용료,A,0.6,비계절ETS,111.5029769148456
I042040,독서실비,A,0.8,비계절ETS,98.93662196441933
I042050,문화강습료,A,0.9,비계절ETS,117.61072739267507
I042060,온라인콘텐츠이용료,A,8.0,비계절ETS,111.55872815790211
I042080,사진서비스료,A,1.7,비계절ETS,126.34116317994346
I051010,유아용학습교재,A,0.3,비계절ETS,115.53543655375334
I051020,초등학교학습서,A,0.6,비계절ETS,111.44321061246707
I051030,중학교학습서,A,0.6,비계절ETS,119.8452379384333
I051040,고등학교학습서,A,0.6,비계절ETS,140.41660834300774
I051050,대학교재,A,0.2,비계절ETS,103.16346789072954
I051060,서적,A,1.5,비계절ETS,113.52482541932137
I052010,신문,A,0.4,비계절ETS,120.4452596361021
I053010,종이문구,A,0.5,비계절ETS,125.65496602818156
I053020,기타문구,A,0.1,비계절ETS,130.57341715030353
I053030,필기구,A,0.4,비계절ETS,118.0105945593535
I053040,회화용구,A,0.2,비계절ETS,118.79835009916302
I061010,국내단체여행비,A,2.0,비계절ETS,132.52210421233423
I061020,해외단체여행비,A,5.5,비계절ETS,135.76251697629587
J041010,초등학생학원비,A,7.6,비계절ETS,112.65689814962941
J041020,중학생학원비,A,13.8,비계절ETS,111.96368741891585
J041030,고등학생학원비,A,13.8,비계절ETS,109.66959953685671
J041040,음악학원비,A,3.0,비계절ETS,120.45771444206808
J041050,미술학원비,A,2.6,비계절ETS,121.31432878798829
J041060,운동학원비,A,5.7,비계절ETS,125.12730419683231
J041070,전산학원비,A,0.5,비계절ETS,115.28197557708765
J041080,가정학습지,A,3.5,비계절ETS,124.56649253307158
J041090,이러닝이용료,A,0.7,비계절ETS,115.60794593079926
J041100,학교보충교육비,A,1.4,비계절ETS,106.19389533052421
J041110,기타학원비,A,0.2,비계절ETS,109.12147152050838
J042010,취업학원비,A,2.0,비계절ETS,108.64511367289388
J042020,외국어학원비,A,0.5,비계절ETS,115.8338371871586
J042030,운동강습료,A,3.7,비계절ETS,110.42354728383557
K011010,김치찌개백반,A,4.8,비계절ETS,131.40121921837218
K011020,된장찌개백반,A,4.3,비계절ETS,130.56597097162603
K011030,비빔밥,A,2.4,비계절ETS,133.36570163180494
K011040,설렁탕,A,2.0,비계절ETS,131.35712143927262
K011050,갈비탕,A,2.2,비계절ETS,137.38737140235207
K011060,삼계탕,A,2.2,비계절ETS,127.4818936018161
K011070,해물찜,A,4.1,비계절ETS,118.07639111699649
K011080,해장국,A,5.0,비계절ETS,135.12032701862697
K011090,불고기,A,1.1,비계절ETS,125.72990594141598
K011100,쇠고기(외식),A,8.3,비계절ETS,123.09719609557935
K011110,돼지갈비(외식),A,6.1,비계절ETS,127.90185009100483
K011120,삼겹살(외식),A,7.2,비계절ETS,125.91727208327212
K011130,오리고기(외식),A,1.5,비계절ETS,126.50901599768154
K011140,냉면,A,2.4,비계절ETS,132.42497033938096
K011150,칼국수,A,2.7,비계절ETS,134.08388873345402
K011160,죽(외식),A,1.7,비계절ETS,126.93528840124821
K011170,생선초밥,A,2.7,비계절ETS,120.94499191410023
K011180,생선회(외식),A,10.3,비계절ETS,138.81466452770755
K011190,자장면,A,2.2,비계절ETS,138.45642394620555
K011200,짬뽕,A,2.4,비계절ETS,134.52692120489448
K011210,탕수육,A,2.1,비계절ETS,124.39807419110467
K011220,볶음밥,A,0.9,비계절ETS,133.1705983312361
K011230,돈가스,A,2.2,비계절ETS,132.79209402403754
K011240,스테이크,A,1.5,비계절ETS,121.87382634111427
K011250,스파게티,A,1.5,비계절ETS,121.65903634216117
K011260,라면(외식),A,0.7,비계절ETS,136.25622283540233
K011270,김밥,A,3.4,비계절ETS,145.27195075869136
K011280,떡볶이,A,3.1,비계절ETS,140.83105707893904
K011290,치킨,A,8.6,비계절ETS,132.2575663167978
K011300,햄버거,A,4.3,비계절ETS,142.35485845447812
K011310,피자,A,4.1,비계절ETS,119.68907897513654
K011320,쌀국수,A,0.6,비계절ETS,130.71683517882664
K011330,커피(외식),A,8.8,비계절ETS,111.69160072779957
K011340,기타음료(외식),A,0.5,비계절ETS,107.46800388755982
K011350,소주(외식),A,2.5,비계절ETS,119.10065848548906
K011360,맥주(외식),A,4.8,비계절ETS,121.22477487985198
K011370,막걸리(외식),A,0.3,비계절ETS,120.67305966994313
K011380,구내식당식사비,A,11.9,비계절ETS,127.01329229148364
K011390,도시락,A,0.6,비계절ETS,146.38489546371147
K021010,호텔숙박료,A,2.1,비계절ETS,140.90162944386213
K021020,여관숙박료,A,1.5,비계절ETS,109.87184162522935
K021030,콘도이용료,B,0.8,계절ETS,172.51072722470207
K021040,학교기숙사비,A,0.9,비계절ETS,119.06015677117362
K021050,휴양시설이용료,A,1.4,비계절ETS,124.0961743938717
L011010,목욕료,A,0.6,비계절ETS,138.57551629410003
L011020,찜질방이용료,A,0.6,비계절ETS,135.89249392526506
L011030,이발료,A,0.3,비계절ETS,120.35120355880608
L011040,미용료,A,7.3,비계절ETS,121.32740624434507
L011050,뷰티미용료,A,2.2,비계절ETS,122.06893840633552
L012010,면도기,A,0.4,비계절ETS,124.39581578721113
L012020,헤어드라이어,A,0.7,비계절ETS,117.23366557969261
L012030,칫솔,A,0.4,비계절ETS,105.05660609656354
L012040,치약,A,0.5,비계절ETS,117.16649894343189
L012050,비누,A,0.3,비계절ETS,140.09931529769418
L012060,샴푸,A,1.0,비계절ETS,143.02230185367588
L012070,바디워시,A,0.5,비계절ETS,119.07015937226416
L012080,화장지,A,1.3,비계절ETS,123.0822822204851
L012090,기초화장품,A,4.5,비계절ETS,108.43814275400499
L012100,기능성화장품,A,3.7,비계절ETS,131.36959298607175
L012110,색조화장품,A,0.7,비계절ETS,109.33342868623605
L012120,모발염색약,A,0.7,비계절ETS,129.82849554122996
L012130,구강세정제,A,0.2,비계절ETS,120.12726904452165
L021010,손목시계,A,0.6,비계절ETS,146.49380964395274
L021020,장신구,A,1.0,비계절ETS,119.90050992428259
L021030,가방,A,2.7,비계절ETS,111.10551927543793
L021040,핸드백,A,1.4,비계절ETS,115.48204174036604
L021050,우산,A,0.2,비계절ETS,107.22761035864059
L021060,유모차,A,0.2,비계절ETS,105.6491110620346
L021070,선글라스,A,0.4,비계절ETS,102.82366731899968
L021080,지갑,A,0.5,비계절ETS,122.68999998810263
L031010,산후조리원이용료,A,0.7,비계절ETS,128.5847844923241
L031040,보험서비스료,A,8.6,비계절ETS,217.53199017196638
L031050,자동차보험료,A,3.7,비계절ETS,94.9379822349045
L031060,금융수수료,A,0.2,비계절ETS,99.99931497468953
L031090,대입전형료,A,0.1,비계절ETS,101.7307203748236
L031100,시험응시료,A,0.4,비계절ETS,116.22148920752211
L031110,장례비,A,2.6,비계절ETS,111.5678113287711
A013010,갈치,B,1.1,계절ETS,121.42970975385731
A013020,명태,B,0.7,계절ETS,110.67218080880924
A013030,조기,B,0.9,계절ETS,134.4369268688711
A013040,고등어,B,2.0,계절ETS,133.63475463256978
A013050,오징어,B,1.0,계절ETS,131.38425112634698
A013060,게,B,0.9,계절ETS,94.54903681552256
A013070,굴,B,0.4,계절ETS,114.08819054641096
A013080,조개,B,0.6,계절ETS,121.97678899247659
A013090,전복,B,0.5,계절ETS,86.33652265595016
A013100,새우,B,0.7,계절ETS,126.1703531880883
A013130,낙지,B,0.5,계절ETS,126.17046861421893
A016010,사과,B,2.3,계절ETS,171.3001860356725
A016020,배,B,0.7,계절ETS,172.7390733536317
A016030,복숭아,B,1.0,계절ETS,148.06064394590382
A016040,포도,B,1.4,계절ETS,151.59776430888837
A016050,밤,B,0.2,계절ETS,113.68348442223294
A016060,감,B,0.5,계절ETS,120.90442123981656
A016070,귤,B,1.8,계절ETS,215.1657241949079
A016080,오렌지,B,0.4,계절ETS,121.30734628920199
A016090,참외,B,1.0,계절ETS,96.8364244171776
A016100,수박,B,1.0,계절ETS,162.0373545876966
A016110,딸기,B,1.5,계절ETS,98.2160386835701
A016120,바나나,B,0.8,계절ETS,110.83740853867732
A016130,키위,B,0.4,계절ETS,142.09746579621552
A016140,블루베리,B,0.4,계절ETS,143.74399036788344
A016150,망고,B,0.4,계절ETS,130.2408227345608
A016160,체리,B,0.3,계절ETS,92.8133379818876
A016170,아보카도,B,0.1,계절ETS,75.18684621700096
A016180,파인애플,B,0.2,계절ETS,116.0092943708211
A017010,배추,B,1.3,계절ETS,110.90691548323254
A017020,상추,B,0.6,계절ETS,171.61756491970192
A017030,시금치,B,0.3,계절ETS,242.61913292478482
A017040,양배추,B,0.2,계절ETS,87.02381645247128
A017050,미나리,B,0.2,계절ETS,150.5510838268189
A017060,깻잎,B,0.2,계절ETS,135.91444381103926
A017070,부추,B,0.2,계절ETS,110.9183822949053
A017080,무,B,0.6,계절ETS,114.30717258454943
A017090,열무,B,0.2,계절ETS,147.86124927706337
A017100,당근,B,0.3,계절ETS,87.02495750944588
A017110,감자,B,0.6,계절ETS,100.7778082405709
A017120,고구마,B,1.0,계절ETS,101.74831087173013
A017130,도라지,B,0.1,계절ETS,133.29353169953782
A017140,콩나물,B,0.5,계절ETS,109.89229937303381
A017150,버섯,B,0.9,계절ETS,110.71887702858838
A017160,오이,B,0.6,계절ETS,123.19624665967906
A017170,풋고추,B,0.6,계절ETS,119.54679355290423
A017180,호박,B,0.5,계절ETS,108.93073540183184
A017190,가지,B,0.2,계절ETS,101.03035855796298
A017200,토마토,B,1.3,계절ETS,95.50675152058749
A017210,파,B,0.9,계절ETS,118.64863072845722
A017220,양파,B,0.7,계절ETS,85.45152182503071
A017230,마늘,B,1.3,계절ETS,137.1322339906499
A017240,브로콜리,B,0.2,계절ETS,117.73415368866752
A017260,파프리카,B,0.6,계절ETS,102.81377218376551
A019030,생강,B,0.1,계절ETS,107.07005267268808
B021010,담배,C,9.3,비계절ETS,99.84697357139989
D041020,하수도료,C,3.1,비계절ETS,132.78475079760324
D042020,쓰레기봉투료,C,0.7,비계절ETS,106.15090569252952
D042030,정화조청소료,C,0.5,비계절ETS,117.45145158191359
F021010,외래진료비,C,20.5,계절ETS,111.41028939141101
F021030,한방진료비,C,1.0,계절ETS,119.29825216950226
F021040,약국조제료,C,1.8,계절ETS,119.90548320923031
F022010,치과진료비,C,6.1,계절ETS,115.18775057362018
F031010,입원진료비,C,10.2,계절ETS,109.98486958653095
G023030,도로통행료,C,1.7,비계절ETS,95.8261410680853
G031010,열차료,C,1.7,비계절ETS,100.00778485298912
G031020,도시철도료,C,2.2,비계절ETS,120.17730927178953
G032010,시내버스료,C,6.8,비계절ETS,117.04735247292787
G032020,시외버스료,C,1.0,비계절ETS,110.24863819420229
G032030,택시료,C,3.2,비계절ETS,124.56458126756223
G033020,국제항공료,C,2.9,비계절ETS,150.1321946260037
H011010,우편료,C,0.1,비계절ETS,123.37128488972303
H031010,유선전화료,C,0.4,비계절ETS,100.36999617309966
H031020,휴대전화료,C,29.8,비계절ETS,102.00468632760024
H031030,인터넷이용료,C,5.5,비계절ETS,100.6199744085836
I042070,방송수신료,C,2.4,비계절ETS,100.59429327317626
J011010,유치원납입금,C,1.8,비계절ETS,39.29450498924817
J031010,전문대학납입금,C,1.1,계절ETS,108.36186629041296
J031020,국공립대학교납입금,C,1.4,계절ETS,101.88438929136498
J031030,사립대학교납입금,C,8.6,계절ETS,107.5518722952988
J031040,국공립대학원납입금,C,0.4,계절ETS,107.63083837636518
J031050,사립대학원납입금,C,1.6,계절ETS,108.52919863465155
L031020,보육시설이용료,C,0.7,비계절ETS,69.81238996518314
L031030,요양시설이용료,C,0.9,비계절ETS,125.41400211506587
L031070,부동산중개수수료,C,0.8,비계절ETS,92.25331205287331
L031080,행정수수료,C,1.1,비계절ETS,99.58479498359367
D051010,전기료,D,16.1,비계절ETS,126.48322435831183
D052010,도시가스,D,11.5,비계절ETS,146.21215831217597
D052020,취사용LPG,D,0.9,회귀(오피넷 8월실측),147.18131029750194
D053010,등유,D,2.4,회귀(오피넷 8월실측),183.26844381938
D053020,지역난방비,D,1.6,비계절ETS,163.2217713913098
D053030,부탄가스,D,0.1,비계절ETS,148.92105599345388
G021010,휘발유,D,24.1,회귀(오피넷 8월실측),134.3966803078048
G021020,경유,D,16.3,회귀(오피넷 8월실측),154.49259350708405
G021030,자동차용LPG,D,2.8,회귀(오피넷 8월실측),139.1455421018653
