품목코드,품목명,Tier,가중치,모델,pred_2026-08,보정치(레벨),보정후_pred_2026-08,보정후_pred_2026-08(R-ONE반영)
A011010,쌀,A,4.2,비계절ETS,116.35490465899694,0.0,116.35490465899694,116.35490465899694
A011020,현미,A,0.4,비계절ETS,126.92350480575116,0.0,126.92350480575116,126.92350480575116
A011030,찹쌀,A,0.5,비계절ETS,130.8700000767827,0.0,130.8700000767827,130.8700000767827
A011040,보리쌀,A,0.2,비계절ETS,177.44667353940193,2.073184832164785,176.20276264010306,176.20276264010306
A011050,콩,A,0.5,비계절ETS,104.28548268277086,0.0,104.28548268277086,104.28548268277086
A011060,땅콩,A,0.1,비계절ETS,120.98978878662751,0.0,120.98978878662751,120.98978878662751
A011070,혼식곡,A,0.4,비계절ETS,121.75300957788362,0.0,121.75300957788362,121.75300957788362
A011080,밀가루,A,0.1,비계절ETS,128.7641304197163,0.0,128.7641304197163,128.7641304197163
A011090,국수,A,0.7,비계절ETS,147.73665392348687,0.0,147.73665392348687,147.73665392348687
A011100,라면,A,2.4,비계절ETS,127.03760521247273,0.0,127.03760521247273,127.03760521247273
A011110,당면,A,0.2,비계절ETS,139.67782682669937,0.0,139.67782682669937,139.67782682669937
A011120,두부,A,1.2,비계절ETS,107.6113235635964,0.0,107.6113235635964,107.6113235635964
A011130,시리얼,A,0.4,비계절ETS,121.73621557504968,0.0,121.73621557504968,121.73621557504968
A011140,부침가루,A,0.6,비계절ETS,141.98790003913132,0.0,141.98790003913132,141.98790003913132
A011150,케이크,A,1.6,비계절ETS,132.37990300456855,0.220205207842819,132.24777987986286,132.24777987986286
A011160,빵,A,6.8,비계절ETS,138.80116724485868,0.375576560905903,138.57582130831514,138.57582130831514
A011170,떡,A,1.9,비계절ETS,130.73847411343988,0.0,130.73847411343988,130.73847411343988
A011180,파스타면,A,0.1,비계절ETS,133.41311092366445,0.0,133.41311092366445,133.41311092366445
A012010,국산쇠고기,A,8.6,비계절ETS,110.24176140890916,0.0,110.24176140890916,110.24176140890916
A012020,수입쇠고기,A,3.1,비계절ETS,144.31546764364117,0.8620845033847454,143.79821694161032,143.79821694161032
A012030,돼지고기,A,9.8,비계절ETS,134.65664217403975,0.0,134.65664217403975,134.65664217403975
A012040,닭고기,A,1.5,비계절ETS,134.94204844391115,0.0,134.94204844391115,134.94204844391115
A012050,소시지,A,2.0,비계절ETS,120.95477719742992,-0.3542344040628933,121.16731783986764,121.16731783986764
A012060,햄및베이컨,A,2.7,비계절ETS,126.15077575923304,0.0,126.15077575923304,126.15077575923304
A012070,기타육류가공품,A,0.9,비계절ETS,138.06325992671086,0.0,138.06325992671086,138.06325992671086
A013110,마른멸치,A,0.5,비계절ETS,109.86611304681308,0.0,109.86611304681308,109.86611304681308
A013120,마른오징어,A,0.2,비계절ETS,126.28471526465964,0.238716223961011,126.14148553028303,126.14148553028303
A013140,오징어채,A,0.2,비계절ETS,142.31521664884977,0.0,142.31521664884977,142.31521664884977
A013150,북어채,A,0.4,비계절ETS,139.38000741263858,0.0,139.38000741263858,139.38000741263858
A013160,어묵,A,0.8,비계절ETS,135.63382009684346,0.0,135.63382009684346,135.63382009684346
A013170,맛살,A,0.2,비계절ETS,147.99642860421474,0.0,147.99642860421474,147.99642860421474
A013180,수산물통조림,A,0.7,비계절ETS,126.96660936685744,0.0,126.96660936685744,126.96660936685744
A013190,젓갈,A,0.7,비계절ETS,125.25672277689672,-0.7195362531631323,125.6884445287946,125.6884445287946
A014010,우유,A,3.4,비계절ETS,124.63348344881447,0.0,124.63348344881447,124.63348344881447
A014020,분유,A,0.5,비계절ETS,113.3622440139124,0.0,113.3622440139124,113.3622440139124
A014030,치즈,A,0.7,비계절ETS,144.8143251010459,0.0,144.8143251010459,144.8143251010459
A014040,발효유,A,2.0,비계절ETS,128.28415802206916,0.3007610025090154,128.10370142056377,128.10370142056377
A014050,달걀,A,3.0,비계절ETS,155.7443074283707,0.0,155.7443074283707,155.7443074283707
A015010,참기름,A,0.6,비계절ETS,153.62950142750736,0.0,153.62950142750736,153.62950142750736
A015020,식용유,A,0.8,비계절ETS,156.4789746479223,0.0,156.4789746479223,156.4789746479223
A016190,아몬드,A,0.2,비계절ETS,111.2245909306378,0.0,111.2245909306378,111.2245909306378
A016200,과일가공품,A,1.0,비계절ETS,147.15164202945348,0.0,147.15164202945348,147.15164202945348
A017250,고사리,A,0.1,비계절ETS,126.90503436324228,0.0,126.90503436324228,126.90503436324228
A017270,단무지,A,0.2,비계절ETS,128.44567298975838,0.0,128.44567298975838,128.44567298975838
A017280,김,A,0.5,비계절ETS,154.80298573985908,0.0,154.80298573985908,154.80298573985908
A017290,맛김,A,0.5,비계절ETS,136.10624244704945,0.0,136.10624244704945,136.10624244704945
A017300,미역,A,0.3,비계절ETS,138.06986677299133,0.0,138.06986677299133,138.06986677299133
A018010,초콜릿,A,0.5,비계절ETS,163.83324091255884,1.0834198865169593,163.18318898064865,163.18318898064865
A018020,사탕,A,0.8,비계절ETS,116.97215524352887,0.0,116.97215524352887,116.97215524352887
A018030,껌,A,0.1,비계절ETS,115.83611820175648,0.0,115.83611820175648,115.83611820175648
A018040,아이스크림,A,2.6,비계절ETS,128.95540464165344,0.0,128.95540464165344,128.95540464165344
A018050,비스킷,A,1.9,비계절ETS,135.71572510693306,0.0,135.71572510693306,135.71572510693306
A018060,스낵과자,A,2.9,비계절ETS,119.00019549157378,0.0,119.00019549157378,119.00019549157378
A018070,파이,A,0.6,비계절ETS,117.07138727835154,0.0,117.07138727835154,117.07138727835154
A018080,설탕,A,0.3,비계절ETS,142.97752892861965,0.0,142.97752892861965,142.97752892861965
A018090,잼,A,0.1,비계절ETS,172.4275539979978,0.0,172.4275539979978,172.4275539979978
A018100,꿀,A,0.4,비계절ETS,116.93883622263289,0.0,116.93883622263289,116.93883622263289
A018110,물엿,A,0.2,비계절ETS,138.66302603397796,0.0,138.66302603397796,138.66302603397796
A019010,고춧가루,A,1.6,비계절ETS,115.15635910455606,0.0,115.15635910455606,115.15635910455606
A019020,참깨,A,0.6,비계절ETS,137.61308625870114,0.0,137.61308625870114,137.61308625870114
A019040,소금,A,0.2,비계절ETS,177.1332911213174,0.0,177.1332911213174,177.1332911213174
A019050,간장,A,0.4,비계절ETS,142.77209125677106,-0.5715670322882479,143.115031476144,143.115031476144
A019060,된장,A,0.4,비계절ETS,140.59933898296617,0.0,140.59933898296617,140.59933898296617
A019070,양념소스,A,0.5,비계절ETS,141.04815400749845,0.0,141.04815400749845,141.04815400749845
A019080,고추장,A,0.3,비계절ETS,141.77284625367489,0.0,141.77284625367489,141.77284625367489
A019090,카레,A,0.2,비계절ETS,130.82598429091374,0.0,130.82598429091374,130.82598429091374
A019100,식초,A,0.1,비계절ETS,148.49894256161778,0.0,148.49894256161778,148.49894256161778
A019110,드레싱,A,0.2,비계절ETS,167.30216746968125,0.0,167.30216746968125,167.30216746968125
A019120,혼합조미료,A,0.3,비계절ETS,136.87319782184383,0.0,136.87319782184383,136.87319782184383
A019130,스프,A,0.3,비계절ETS,129.8465636032167,0.0,129.8465636032167,129.8465636032167
A019140,이유식,A,0.3,비계절ETS,111.21617177304071,0.0980364419703079,111.15734990785852,111.15734990785852
A019150,김치,A,1.3,비계절ETS,134.31883914143066,0.0,134.31883914143066,134.31883914143066
A019160,밑반찬,A,3.1,비계절ETS,118.36486080241276,0.0,118.36486080241276,118.36486080241276
A019170,냉동식품,A,1.9,비계절ETS,118.515928304848,0.0,118.515928304848,118.515928304848
A019180,즉석식품,A,3.1,비계절ETS,127.4377946325934,0.0,127.4377946325934,127.4377946325934
A019190,편의점도시락,A,0.4,비계절ETS,118.77286517630164,0.2355951037757175,118.6315081140362,118.6315081140362
A019200,삼각김밥,A,0.4,비계절ETS,116.5103073164148,0.0,116.5103073164148,116.5103073164148
A021010,커피,A,2.6,비계절ETS,146.09545811778054,0.0,146.09545811778054,146.09545811778054
A021020,차,A,0.9,비계절ETS,125.4415114397681,0.0,125.4415114397681,125.4415114397681
A022010,주스,A,1.4,비계절ETS,136.78686743569972,0.4182318382394214,136.53592833275607,136.53592833275607
A022020,두유,A,0.8,비계절ETS,127.10789504974888,0.0,127.10789504974888,127.10789504974888
A022030,생수,A,1.3,비계절ETS,117.1699393357026,0.0,117.1699393357026,117.1699393357026
A022040,기능성음료,A,0.5,비계절ETS,120.6595265091678,0.0,120.6595265091678,120.6595265091678
A022050,탄산음료,A,1.6,비계절ETS,120.35443921161423,0.0,120.35443921161423,120.35443921161423
A022060,기타음료,A,0.6,비계절ETS,123.81114914214436,1.1336627810858315,123.13095147349286,123.13095147349286
B011010,소주,A,1.7,비계절ETS,109.06575081185773,0.0,109.06575081185773,109.06575081185773
B011020,과실주,A,0.8,비계절ETS,103.1681621892554,0.0,103.1681621892554,103.1681621892554
B011030,맥주,A,3.0,비계절ETS,116.3531963802829,0.1398933180323448,116.26926038946348,116.26926038946348
B011040,막걸리,A,0.5,비계절ETS,124.3457315882163,0.0,124.3457315882163,124.3457315882163
B011050,양주,A,0.4,비계절ETS,114.18802063022667,0.0,114.18802063022667,114.18802063022667
B011060,약주,A,0.1,비계절ETS,105.95758383022834,0.0,105.95758383022834,105.95758383022834
C011010,남자외의,A,4.4,비계절ETS,120.42416814374822,0.2274164206640113,120.28771829134982,120.28771829134982
C011020,남자상의,A,1.5,비계절ETS,115.19250711633984,0.1487662954878554,115.10324733904712,115.10324733904712
C011030,남자하의,A,1.3,비계절ETS,123.82494721090497,0.2012192239798338,123.70421567651708,123.70421567651708
C011040,남자내의,A,0.7,비계절ETS,111.50071933856674,0.0,111.50071933856674,111.50071933856674
C012010,여자외의,A,6.2,비계절ETS,115.88489227314535,0.1353903786820348,115.80365804593612,115.80365804593612
C012020,원피스,A,1.8,비계절ETS,135.7653964321759,0.0,135.7653964321759,135.7653964321759
C012030,여자상의,A,1.5,비계절ETS,117.497802750836,0.0589225278356574,117.4624492341346,117.4624492341346
C012040,여자하의,A,2.4,비계절ETS,124.03087129502975,0.0,124.03087129502975,124.03087129502975
C012050,여자내의,A,1.8,비계절ETS,110.1554909758294,0.0,110.1554909758294,110.1554909758294
C013010,점퍼,A,3.3,비계절ETS,120.68587747061387,0.1089778802277147,120.62049074247724,120.62049074247724
C013020,티셔츠,A,4.6,비계절ETS,123.93364575784052,0.1758998174094396,123.82810586739484,123.82810586739484
C013030,스웨터,A,0.6,비계절ETS,118.80108646762002,0.07247472039649,118.75760163538212,118.75760163538212
C013040,청바지,A,1.6,비계절ETS,124.65956755335895,0.0,124.65956755335895,124.65956755335895
C013050,운동복,A,2.3,비계절ETS,112.64023935112604,0.0,112.64023935112604,112.64023935112604
C013060,등산복,A,0.5,비계절ETS,110.45386276669544,0.0,110.45386276669544,110.45386276669544
C014010,유아동복,A,4.6,비계절ETS,120.19308611686009,0.2412134887557281,120.04835802360664,120.04835802360664
C015010,양말,A,0.9,비계절ETS,104.29316297836267,0.0,104.29316297836267,104.29316297836267
C015020,모자,A,0.6,비계절ETS,113.3377086428278,0.0588252744934128,113.30241347813175,113.30241347813175
C015030,장갑,A,0.2,비계절ETS,158.16103801629137,0.2569739915145703,158.00685362138262,158.00685362138262
C016010,의복수선료,A,0.2,비계절ETS,135.60348744842116,0.0,135.60348744842116,135.60348744842116
C016020,세탁료,A,1.1,비계절ETS,155.62180206113226,0.0,155.62180206113226,155.62180206113226
C021010,아동화,A,0.9,비계절ETS,116.35615130599152,0.1892226485637754,116.24261771685325,116.24261771685325
C021020,구두,A,2.0,비계절ETS,114.43767462108042,0.5549483331159522,114.10470562121084,114.10470562121084
C021030,운동화,A,4.4,비계절ETS,115.04834723667656,0.0,115.04834723667656,115.04834723667656
C021040,실내화,A,0.2,비계절ETS,128.00596857490336,0.0,128.00596857490336,128.00596857490336
D011010,전세,A,54.2,비계절ETS,106.3260651240192,0.0,106.3260651240192,106.26
D011020,월세,A,44.9,비계절ETS,105.9465907366708,0.0,105.9465907366708,105.92
D031010,주택수선재료,A,3.4,비계절ETS,127.9757455651619,-0.5913652523651933,128.33056471658102,128.33056471658102
D031020,설비수리비,A,5.9,비계절ETS,126.57457038266789,-0.1116848555302828,126.64158129598606,126.64158129598606
D041010,상수도료,A,4.5,비계절ETS,119.66225551461278,0.0,119.66225551461278,119.66225551461278
D042010,공동주택관리비,A,21.8,비계절ETS,131.4394371245893,0.0,131.4394371245893,131.4394371245893
E011010,장롱,A,1.3,비계절ETS,127.97286058691296,0.0,127.97286058691296,127.97286058691296
E011020,침대,A,2.7,비계절ETS,134.30023021165894,0.0,134.30023021165894,134.30023021165894
E011030,거실장,A,0.4,비계절ETS,128.1303053247991,0.0,128.1303053247991,128.1303053247991
E011040,소파,A,1.3,비계절ETS,137.32499552762135,0.0,137.32499552762135,137.32499552762135
E011050,책상,A,0.4,비계절ETS,131.22206204100496,0.0,131.22206204100496,131.22206204100496
E011060,의자,A,0.4,비계절ETS,120.25403521680887,0.0,120.25403521680887,120.25403521680887
E011070,식탁,A,0.9,비계절ETS,130.68117577057853,0.0,130.68117577057853,130.68117577057853
E011080,싱크대,A,1.3,비계절ETS,158.32774257719566,0.8771144226887438,157.80147392358242,157.80147392358242
E021010,침구,A,2.6,비계절ETS,117.22091767103312,0.1840179542763683,117.11050689846728,117.11050689846728
E021020,커튼,A,0.4,비계절ETS,107.97533851535636,0.0,107.97533851535636,107.97533851535636
E031010,전기밥솥,A,0.5,비계절ETS,98.06448129810572,0.0,98.06448129810572,98.06448129810572
E031020,가스레인지,A,0.4,비계절ETS,105.7502317953139,0.0,105.7502317953139,105.7502317953139
E031030,전자레인지,A,0.1,비계절ETS,107.09129764600893,-1.5327438834325473,108.01094397606846,108.01094397606846
E031040,전기레인지,A,0.2,비계절ETS,99.33387378173413,-0.3301329153227452,99.53195353092778,99.53195353092778
E031050,냉장고,A,2.4,비계절ETS,99.527004355957,0.0,99.527004355957,99.527004355957
E031060,김치냉장고,A,1.1,비계절ETS,111.00510684530006,-0.4805355845571384,111.29342819603434,111.29342819603434
E031070,에어컨,A,1.5,비계절ETS,121.59532921556443,-1.5060693229046769,122.49897080930724,122.49897080930724
E031080,선풍기,A,0.4,비계절ETS,90.7389797416076,0.0,90.7389797416076,90.7389797416076
E031090,공기청정기,A,0.6,비계절ETS,91.803084720357,0.0,91.803084720357,91.803084720357
E031100,세탁기,A,1.0,비계절ETS,103.3142954169386,-0.5704122784611153,103.65654278401529,103.65654278401529
E031110,의류건조기,A,1.1,비계절ETS,111.89909394327267,0.0,111.89909394327267,111.89909394327267
E031120,식기세척기,A,0.2,비계절ETS,101.718073480237,0.0,101.718073480237,101.718073480237
E031130,청소기,A,1.1,비계절ETS,98.60415189245234,0.0,98.60415189245234,98.60415189245234
E031140,소형주방가전,A,0.8,비계절ETS,113.1145931513568,0.0,113.1145931513568,113.1145931513568
E031150,보온매트,A,0.4,비계절ETS,114.89455771279736,0.0,114.89455771279736,114.89455771279736
E032010,가전제품수리비,A,2.4,비계절ETS,161.9894805142925,0.0,161.9894805142925,161.9894805142925
E032020,가전제품렌탈비,A,2.5,비계절ETS,97.2140710416646,0.0,97.2140710416646,97.2140710416646
E041010,식기,A,0.8,비계절ETS,129.10328398558494,0.0,129.10328398558494,129.10328398558494
E041020,컵,A,0.5,비계절ETS,106.91834511491696,0.0,106.91834511491696,106.91834511491696
E041030,솥,A,0.2,비계절ETS,122.20046502418036,0.0,122.20046502418036,122.20046502418036
E041040,프라이팬,A,0.6,비계절ETS,132.25495693777785,0.0,132.25495693777785,132.25495693777785
E041050,냄비,A,0.5,비계절ETS,129.55894120334438,0.0,129.55894120334438,129.55894120334438
E041060,수저,A,0.3,비계절ETS,114.63829131709149,0.0,114.63829131709149,114.63829131709149
E041070,밀폐용기,A,0.7,비계절ETS,126.28489039596154,0.0,126.28489039596154,126.28489039596154
E041080,부엌용용구,A,0.4,비계절ETS,129.8183588176978,-1.689463950877948,130.83203718822458,130.83203718822458
E051010,보일러,A,1.5,비계절ETS,120.3668583492978,0.0,120.3668583492978,120.3668583492978
E051020,건전지,A,0.3,비계절ETS,150.60569875405605,0.0,150.60569875405605,150.60569875405605
E051030,소형가사용품,A,1.3,비계절ETS,118.4993733409928,0.0,118.4993733409928,118.4993733409928
E061010,세탁세제,A,1.7,비계절ETS,127.9609448698091,0.0,127.9609448698091,127.9609448698091
E061020,섬유유연제,A,0.1,비계절ETS,154.32476020584798,0.0,154.32476020584798,154.32476020584798
E061030,전구,A,0.2,비계절ETS,109.541108741287,0.0,109.541108741287,109.541108741287
E061040,부엌용세제,A,0.6,비계절ETS,122.8303669670782,0.0,122.8303669670782,122.8303669670782
E061050,청소용세제,A,0.2,비계절ETS,139.98558473370608,0.0,139.98558473370608,139.98558473370608
E061060,살충제,A,0.3,비계절ETS,131.92870134371483,0.0,131.92870134371483,131.92870134371483
E061070,가정용비닐용품,A,0.6,비계절ETS,154.94013446884995,0.0,154.94013446884995,154.94013446884995
E061080,키친타월,A,1.0,비계절ETS,135.02782500044154,0.0,135.02782500044154,135.02782500044154
E061090,방향제,A,0.3,비계절ETS,133.43665220108733,0.0,133.43665220108733,133.43665220108733
E061100,습기제거제,A,0.1,비계절ETS,145.7915131877434,0.0,145.7915131877434,145.7915131877434
E062010,가사도우미료,A,2.4,비계절ETS,124.04834178493256,0.0,124.04834178493256,124.04834178493256
E062020,간병도우미료,A,2.6,비계절ETS,145.54511953628707,0.0,145.54511953628707,145.54511953628707
F011010,감기약,A,0.4,비계절ETS,128.49480689269754,0.0,128.49480689269754,128.49480689269754
F011020,진통제,A,0.4,비계절ETS,120.27580340610936,0.0,120.27580340610936,120.27580340610936
F011030,소화제,A,0.3,비계절ETS,123.36347059122888,0.0,123.36347059122888,123.36347059122888
F011040,위장약,A,0.2,비계절ETS,108.03762696575517,-0.1180940498692137,108.1084833956767,108.1084833956767
F011050,진해거담제,A,0.2,비계절ETS,115.23549184040836,0.0,115.23549184040836,115.23549184040836
F011060,소염진통제,A,0.6,비계절ETS,115.43748688813646,0.0,115.43748688813646,115.43748688813646
F011070,피부질환제,A,0.3,비계절ETS,115.2846059553115,0.0,115.2846059553115,115.2846059553115
F011080,치과구강용약,A,0.3,비계절ETS,111.86859842817492,0.0,111.86859842817492,111.86859842817492
F011090,조제약,A,5.8,비계절ETS,92.403317127532,0.0,92.403317127532,92.403317127532
F011100,한방약,A,2.7,비계절ETS,134.5167365126964,0.0,134.5167365126964,134.5167365126964
F011110,인삼,A,0.3,비계절ETS,130.73011700003414,-1.2686540136489814,131.49130940822354,131.49130940822354
F011120,홍삼,A,1.1,비계절ETS,108.8081378706668,0.0,108.8081378706668,108.8081378706668
F011130,비타민제,A,1.2,비계절ETS,113.4491489193702,-0.1392486743205196,113.53269812396252,113.53269812396252
F011140,건강기능식품,A,6.5,비계절ETS,102.69047212125416,0.1067084609900964,102.6264470446601,102.6264470446601
F011150,유산균,A,1.2,비계절ETS,101.19286160941586,0.0,101.19286160941586,101.19286160941586
F011160,병원약품,A,3.5,비계절ETS,92.15845537700892,0.0,92.15845537700892,92.15845537700892
F012010,종이기저귀,A,1.4,비계절ETS,116.7813950970564,0.0,116.7813950970564,116.7813950970564
F012020,생리대,A,1.0,비계절ETS,109.85543806424342,0.0,109.85543806424342,109.85543806424342
F012030,마스크,A,1.6,비계절ETS,70.81494049509347,0.0,70.81494049509347,70.81494049509347
F012040,반창고,A,0.1,비계절ETS,103.28274373579283,-0.1722990410350178,103.38612316041385,103.38612316041385
F012050,안경,A,1.0,비계절ETS,101.88077180909072,0.0,101.88077180909072,101.88077180909072
F012060,콘택트렌즈,A,1.4,비계절ETS,106.13260300676332,0.0,106.13260300676332,106.13260300676332
F012070,의료측정기,A,0.2,비계절ETS,99.5886501985322,0.0,99.5886501985322,99.5886501985322
F012080,보청기,A,0.6,비계절ETS,102.9145091646133,0.0,102.9145091646133,102.9145091646133
F012090,건강기기렌탈비,A,1.5,비계절ETS,118.10175683092083,0.0,118.10175683092083,118.10175683092083
F012100,치료재료,A,1.5,비계절ETS,101.86998543108656,0.0,101.86998543108656,101.86998543108656
F021020,건강검진비,A,1.2,비계절ETS,108.70398943735452,-0.1613616857147401,108.80080644878336,108.80080644878336
F022020,치과보철료,A,6.8,비계절ETS,107.2756303261021,-0.2608982565202993,107.43216928001428,107.43216928001428
F031020,병원검사료,A,1.1,비계절ETS,63.443930337595184,0.0,63.443930337595184,63.443930337595184
G011010,소형승용차,A,1.0,비계절ETS,107.95722222054503,0.0,107.95722222054503,107.95722222054503
G011020,중형승용차,A,1.0,비계절ETS,104.29611082458966,0.0,104.29611082458966,104.29611082458966
G011030,대형승용차,A,3.2,비계절ETS,115.41101921630492,0.0,115.41101921630492,115.41101921630492
G011040,경승용차,A,0.6,비계절ETS,108.25491598226488,0.0,108.25491598226488,108.25491598226488
G011050,다목적승용차,A,7.7,비계절ETS,112.91189495792273,0.0,112.91189495792273,112.91189495792273
G011060,수입승용차,A,9.3,비계절ETS,107.4319382553574,0.0,107.4319382553574,107.4319382553574
G011070,전기동력차,A,5.1,비계절ETS,106.24511997230783,0.0,106.24511997230783,106.24511997230783
G011080,자전거,A,0.5,비계절ETS,139.33640784367535,-0.4198931739980433,139.58834374807418,139.58834374807418
G022010,자동차용품,A,0.9,비계절ETS,116.58722594287704,-0.2401071176260458,116.73129021345268,116.73129021345268
G022020,블랙박스,A,0.2,비계절ETS,102.11112570918176,-0.3583014395286241,102.32610657289894,102.32610657289894
G022030,자동차타이어,A,0.9,비계절ETS,121.11145378806152,0.0,121.11145378806152,121.11145378806152
G022040,자동차수리비,A,6.3,비계절ETS,125.2934859721976,0.0,125.2934859721976,125.2934859721976
G022050,엔진오일교체료,A,1.0,비계절ETS,157.25218537701505,0.0,157.25218537701505,157.25218537701505
G022060,세차료,A,0.5,비계절ETS,141.38911327549448,0.0,141.38911327549448,141.38911327549448
G023010,자동차학원비,A,0.5,비계절ETS,116.3932145206337,0.0,116.3932145206337,116.3932145206337
G023020,주차료,A,1.2,비계절ETS,113.12537820646682,0.099762717764681,113.065520575808,113.065520575808
G023040,승용차임차료,B,3.2,계절ETS,91.44460277538732,0.0,91.44460277538732,91.44460277538732
G023050,대리운전이용료,A,0.4,비계절ETS,138.59830993467037,0.0,138.59830993467037,138.59830993467037
G023060,자동차검사료,A,0.3,비계절ETS,100.0,0.0,100.0,100.0
G033010,국내항공료,B,1.0,계절ETS,137.98754024782886,0.0,137.98754024782886,137.98754024782886
G033030,여객선료,A,0.2,비계절ETS,131.64231119559136,0.0,131.64231119559136,131.64231119559136
G034010,이삿짐운송료,A,1.0,비계절ETS,136.798733368454,0.0,136.798733368454,136.798733368454
G034020,택배이용료,A,1.9,비계절ETS,114.67390166178404,0.0,114.67390166178404,114.67390166178404
H021010,휴대전화기,A,10.4,비계절ETS,101.70097854756834,-0.4010490890498441,101.94160800099824,101.94160800099824
H031040,휴대전화기수리비,A,0.4,비계절ETS,107.77495972153062,0.0,107.77495972153062,107.77495972153062
I011010,TV,A,1.9,비계절ETS,88.15462067341487,-1.171440363524065,88.85748489152931,88.85748489152931
I011020,영상음향기기,A,0.9,비계절ETS,100.18720053874124,0.0,100.18720053874124,100.18720053874124
I012010,컴퓨터,A,3.0,비계절ETS,117.01897372545972,0.0,117.01897372545972,117.01897372545972
I012020,컴퓨터수리비,A,0.1,비계절ETS,208.18091607030087,0.0,208.18091607030087,208.18091607030087
I012030,휴대용멀티미디어기기,A,1.2,비계절ETS,149.9974920586041,0.0,149.9974920586041,149.9974920586041
I012040,컴퓨터소모품,A,0.7,비계절ETS,127.7751882025858,0.1051736770564441,127.71208399635194,127.71208399635194
I012050,저장장치,A,0.1,비계절ETS,214.8948060901137,0.0,214.8948060901137,214.8948060901137
I021010,악기,A,0.3,비계절ETS,106.54172278880012,0.0,106.54172278880012,106.54172278880012
I021020,헬스기구,A,1.1,비계절ETS,116.04417600583326,0.0,116.04417600583326,116.04417600583326
I031010,장난감,A,2.9,비계절ETS,101.40447233331628,-0.1758878776121903,101.5100050598836,101.5100050598836
I031020,레저용품,A,1.6,비계절ETS,112.94932781914557,-0.1979725650427374,113.0681113581712,113.0681113581712
I031030,운동용품,A,2.1,비계절ETS,105.7085020945722,0.0,105.7085020945722,105.7085020945722
I031040,화초,A,0.7,비계절ETS,136.4300000976026,0.0,136.4300000976026,136.4300000976026
I031050,원예용품,A,0.4,비계절ETS,121.17193914097614,0.0,121.17193914097614,121.17193914097614
I031060,반려동물용품,A,3.3,비계절ETS,123.15408971876327,0.0,123.15408971876327,123.15408971876327
I031070,반려동물관리비,A,2.6,비계절ETS,115.40722139673488,-0.1787455696801577,115.51446873854296,115.51446873854296
I041010,수영장이용료,A,0.2,비계절ETS,114.2950009243212,0.0,114.2950009243212,114.2950009243212
I041020,볼링장이용료,A,0.2,비계절ETS,109.90170742712276,0.0,109.90170742712276,109.90170742712276
I041030,헬스클럽이용료,A,1.5,비계절ETS,109.13610718255411,0.0,109.13610718255411,109.13610718255411
I041040,골프연습장이용료,A,2.3,비계절ETS,103.96576146119764,0.0791551202027894,103.91826838907598,103.91826838907598
I041050,골프장이용료,A,3.0,비계절ETS,120.89638350620748,0.0,120.89638350620748,120.89638350620748
I041060,당구장이용료,A,0.5,비계절ETS,109.10833825528864,0.0,109.10833825528864,109.10833825528864
I041070,노래방이용료,A,0.5,비계절ETS,123.5853258696335,0.0,123.5853258696335,123.5853258696335
I041080,PC방이용료,A,0.3,비계절ETS,115.98659016976016,0.0,115.98659016976016,115.98659016976016
I041090,놀이시설이용료,A,2.3,비계절ETS,129.31251616544475,-1.8739161580255868,130.4368658602601,130.4368658602601
I041100,운동경기관람료,A,0.2,비계절ETS,133.77913198873236,0.0,133.77913198873236,133.77913198873236
I042010,영화관람료,A,1.0,비계절ETS,128.81002998546916,0.0,128.81002998546916,128.81002998546916
I042020,공연예술관람료,A,0.7,비계절ETS,116.0618615456208,0.0,116.0618615456208,116.0618615456208
I042030,관람시설이용료,A,0.6,비계절ETS,111.5029769148456,0.0,111.5029769148456,111.5029769148456
I042040,독서실비,A,0.8,비계절ETS,98.93662196441932,0.0,98.93662196441932,98.93662196441932
I042050,문화강습료,A,0.9,비계절ETS,117.61072739267507,0.0,117.61072739267507,117.61072739267507
I042060,온라인콘텐츠이용료,A,8.0,비계절ETS,111.55872815790212,0.1047055264922628,111.49590484200677,111.49590484200677
I042080,사진서비스료,A,1.7,비계절ETS,126.34116317994346,0.0,126.34116317994346,126.34116317994346
I051010,유아용학습교재,A,0.3,비계절ETS,115.53543655375334,0.0624927820950939,115.49794088449627,115.49794088449627
I051020,초등학교학습서,A,0.6,비계절ETS,111.44321061246708,0.0,111.44321061246708,111.44321061246708
I051030,중학교학습서,A,0.6,비계절ETS,119.8452379384333,0.0,119.8452379384333,119.8452379384333
I051040,고등학교학습서,A,0.6,비계절ETS,140.41660834300774,0.0,140.41660834300774,140.41660834300774
I051050,대학교재,A,0.2,비계절ETS,103.16346789072954,0.1362835201452578,103.08169777864238,103.08169777864238
I051060,서적,A,1.5,비계절ETS,113.52482541932136,0.0,113.52482541932136,113.52482541932136
I052010,신문,A,0.4,비계절ETS,120.4452596361021,0.0767134197266017,120.39923158426612,120.39923158426612
I053010,종이문구,A,0.5,비계절ETS,125.65496602818156,0.0,125.65496602818156,125.65496602818156
I053020,기타문구,A,0.1,비계절ETS,130.57341715030353,-0.5017982625660574,130.87449610784316,130.87449610784316
I053030,필기구,A,0.4,비계절ETS,118.0105945593535,-0.2290967590619791,118.1480526147907,118.1480526147907
I053040,회화용구,A,0.2,비계절ETS,118.79835009916302,0.0,118.79835009916302,118.79835009916302
I061010,국내단체여행비,A,2.0,비계절ETS,132.52210421233423,0.0,132.52210421233423,132.52210421233423
I061020,해외단체여행비,A,5.5,비계절ETS,135.76251697629587,0.0,135.76251697629587,135.76251697629587
J041010,초등학생학원비,A,7.6,비계절ETS,112.6568981496294,0.0,112.6568981496294,112.6568981496294
J041020,중학생학원비,A,13.8,비계절ETS,111.96368741891584,0.0,111.96368741891584,111.96368741891584
J041030,고등학생학원비,A,13.8,비계절ETS,109.66959953685672,-0.1208016639830233,109.74208053524654,109.74208053524654
J041040,음악학원비,A,3.0,비계절ETS,120.45771444206808,0.0,120.45771444206808,120.45771444206808
J041050,미술학원비,A,2.6,비계절ETS,121.31432878798827,0.0,121.31432878798827,121.31432878798827
J041060,운동학원비,A,5.7,비계절ETS,125.12730419683233,0.0,125.12730419683233,125.12730419683233
J041070,전산학원비,A,0.5,비계절ETS,115.28197557708764,0.1071549303169116,115.21768261889748,115.21768261889748
J041080,가정학습지,A,3.5,비계절ETS,124.56649253307158,0.0,124.56649253307158,124.56649253307158
J041090,이러닝이용료,A,0.7,비계절ETS,115.60794593079926,0.0,115.60794593079926,115.60794593079926
J041100,학교보충교육비,A,1.4,비계절ETS,106.1938953305242,0.0,106.1938953305242,106.1938953305242
J041110,기타학원비,A,0.2,비계절ETS,109.12147152050838,0.0,109.12147152050838,109.12147152050838
J042010,취업학원비,A,2.0,비계절ETS,108.64511367289388,0.0,108.64511367289388,108.64511367289388
J042020,외국어학원비,A,0.5,비계절ETS,115.8338371871586,0.0,115.8338371871586,115.8338371871586
J042030,운동강습료,A,3.7,비계절ETS,110.42354728383556,0.0,110.42354728383556,110.42354728383556
K011010,김치찌개백반,A,4.8,비계절ETS,131.40121921837218,0.0,131.40121921837218,131.40121921837218
K011020,된장찌개백반,A,4.3,비계절ETS,130.56597097162603,0.0,130.56597097162603,130.56597097162603
K011030,비빔밥,A,2.4,비계절ETS,133.36570163180494,0.0,133.36570163180494,133.36570163180494
K011040,설렁탕,A,2.0,비계절ETS,131.35712143927262,0.0,131.35712143927262,131.35712143927262
K011050,갈비탕,A,2.2,비계절ETS,137.38737140235207,0.0,137.38737140235207,137.38737140235207
K011060,삼계탕,A,2.2,비계절ETS,127.4818936018161,-0.1391221387606786,127.5653668850725,127.5653668850725
K011070,해물찜,A,4.1,비계절ETS,118.07639111699648,0.0,118.07639111699648,118.07639111699648
K011080,해장국,A,5.0,비계절ETS,135.12032701862697,0.0,135.12032701862697,135.12032701862697
K011090,불고기,A,1.1,비계절ETS,125.72990594141598,0.0,125.72990594141598,125.72990594141598
K011100,쇠고기(외식),A,8.3,비계절ETS,123.09719609557936,0.0,123.09719609557936,123.09719609557936
K011110,돼지갈비(외식),A,6.1,비계절ETS,127.90185009100485,0.0,127.90185009100485,127.90185009100485
K011120,삼겹살(외식),A,7.2,비계절ETS,125.91727208327212,0.0,125.91727208327212,125.91727208327212
K011130,오리고기(외식),A,1.5,비계절ETS,126.50901599768154,0.0,126.50901599768154,126.50901599768154
K011140,냉면,A,2.4,비계절ETS,132.42497033938096,0.0,132.42497033938096,132.42497033938096
K011150,칼국수,A,2.7,비계절ETS,134.08388873345402,0.0,134.08388873345402,134.08388873345402
K011160,죽(외식),A,1.7,비계절ETS,126.9352884012482,0.0,126.9352884012482,126.9352884012482
K011170,생선초밥,A,2.7,비계절ETS,120.94499191410024,0.0,120.94499191410024,120.94499191410024
K011180,생선회(외식),A,10.3,비계절ETS,138.81466452770755,0.0,138.81466452770755,138.81466452770755
K011190,자장면,A,2.2,비계절ETS,138.45642394620555,0.0,138.45642394620555,138.45642394620555
K011200,짬뽕,A,2.4,비계절ETS,134.52692120489448,0.0,134.52692120489448,134.52692120489448
K011210,탕수육,A,2.1,비계절ETS,124.39807419110468,0.0,124.39807419110468,124.39807419110468
K011220,볶음밥,A,0.9,비계절ETS,133.1705983312361,0.0,133.1705983312361,133.1705983312361
K011230,돈가스,A,2.2,비계절ETS,132.79209402403754,0.0,132.79209402403754,132.79209402403754
K011240,스테이크,A,1.5,비계절ETS,121.87382634111428,0.0,121.87382634111428,121.87382634111428
K011250,스파게티,A,1.5,비계절ETS,121.65903634216116,0.0,121.65903634216116,121.65903634216116
K011260,라면(외식),A,0.7,비계절ETS,136.25622283540233,0.0,136.25622283540233,136.25622283540233
K011270,김밥,A,3.4,비계절ETS,145.27195075869136,0.0,145.27195075869136,145.27195075869136
K011280,떡볶이,A,3.1,비계절ETS,140.83105707893904,0.0,140.83105707893904,140.83105707893904
K011290,치킨,A,8.6,비계절ETS,132.2575663167978,0.0,132.2575663167978,132.2575663167978
K011300,햄버거,A,4.3,비계절ETS,142.35485845447812,0.0,142.35485845447812,142.35485845447812
K011310,피자,A,4.1,비계절ETS,119.68907897513654,0.0,119.68907897513654,119.68907897513654
K011320,쌀국수,A,0.6,비계절ETS,130.71683517882664,0.0,130.71683517882664,130.71683517882664
K011330,커피(외식),A,8.8,비계절ETS,111.69160072779955,0.0985022025182947,111.63249940628856,111.63249940628856
K011340,기타음료(외식),A,0.5,비계절ETS,107.46800388755982,0.0,107.46800388755982,107.46800388755982
K011350,소주(외식),A,2.5,비계절ETS,119.10065848548906,0.0,119.10065848548906,119.10065848548906
K011360,맥주(외식),A,4.8,비계절ETS,121.22477487985198,0.0,121.22477487985198,121.22477487985198
K011370,막걸리(외식),A,0.3,비계절ETS,120.67305966994311,0.0,120.67305966994311,120.67305966994311
K011380,구내식당식사비,A,11.9,비계절ETS,127.01329229148364,0.0,127.01329229148364,127.01329229148364
K011390,도시락,A,0.6,비계절ETS,146.38489546371147,0.0,146.38489546371147,146.38489546371147
K021010,호텔숙박료,A,2.1,비계절ETS,140.9016294438621,0.0,140.9016294438621,140.9016294438621
K021020,여관숙박료,A,1.5,비계절ETS,109.87184162522937,-0.2672057589847322,110.0321650806202,110.0321650806202
K021030,콘도이용료,B,0.8,계절ETS,172.51072722470207,0.0,172.51072722470207,172.51072722470207
K021040,학교기숙사비,A,0.9,비계절ETS,119.06015677117362,0.0,119.06015677117362,119.06015677117362
K021050,휴양시설이용료,A,1.4,비계절ETS,124.0961743938717,0.0,124.0961743938717,124.0961743938717
L011010,목욕료,A,0.6,비계절ETS,138.57551629410003,0.1150933610442876,138.50646027747345,138.50646027747345
L011020,찜질방이용료,A,0.6,비계절ETS,135.89249392526506,0.0,135.89249392526506,135.89249392526506
L011030,이발료,A,0.3,비계절ETS,120.35120355880608,0.0,120.35120355880608,120.35120355880608
L011040,미용료,A,7.3,비계절ETS,121.32740624434508,0.0,121.32740624434508,121.32740624434508
L011050,뷰티미용료,A,2.2,비계절ETS,122.06893840633552,0.0,122.06893840633552,122.06893840633552
L012010,면도기,A,0.4,비계절ETS,124.39581578721112,0.0,124.39581578721112,124.39581578721112
L012020,헤어드라이어,A,0.7,비계절ETS,117.2336655796926,0.0,117.2336655796926,117.2336655796926
L012030,칫솔,A,0.4,비계절ETS,105.05660609656354,-0.9334134723905194,105.61665417999784,105.61665417999784
L012040,치약,A,0.5,비계절ETS,117.16649894343188,0.0,117.16649894343188,117.16649894343188
L012050,비누,A,0.3,비계절ETS,140.09931529769418,0.0,140.09931529769418,140.09931529769418
L012060,샴푸,A,1.0,비계절ETS,143.02230185367588,0.6539999538811401,142.6299018813472,142.6299018813472
L012070,바디워시,A,0.5,비계절ETS,119.07015937226416,0.0,119.07015937226416,119.07015937226416
L012080,화장지,A,1.3,비계절ETS,123.0822822204851,-0.8570072077339622,123.59648654512549,123.59648654512549
L012090,기초화장품,A,4.5,비계절ETS,108.438142754005,0.0,108.438142754005,108.438142754005
L012100,기능성화장품,A,3.7,비계절ETS,131.36959298607175,0.0,131.36959298607175,131.36959298607175
L012110,색조화장품,A,0.7,비계절ETS,109.33342868623603,0.0,109.33342868623603,109.33342868623603
L012120,모발염색약,A,0.7,비계절ETS,129.82849554122996,0.0,129.82849554122996,129.82849554122996
L012130,구강세정제,A,0.2,비계절ETS,120.12726904452164,0.0,120.12726904452164,120.12726904452164
L021010,손목시계,A,0.6,비계절ETS,146.49380964395274,0.0,146.49380964395274,146.49380964395274
L021020,장신구,A,1.0,비계절ETS,119.9005099242826,0.0,119.9005099242826,119.9005099242826
L021030,가방,A,2.7,비계절ETS,111.10551927543791,0.0862194311595203,111.0537876167422,111.0537876167422
L021040,핸드백,A,1.4,비계절ETS,115.48204174036604,0.0,115.48204174036604,115.48204174036604
L021050,우산,A,0.2,비계절ETS,107.2276103586406,0.0,107.2276103586406,107.2276103586406
L021060,유모차,A,0.2,비계절ETS,105.6491110620346,0.2971815500623478,105.4708021319972,105.4708021319972
L021070,선글라스,A,0.4,비계절ETS,102.82366731899968,0.0,102.82366731899968,102.82366731899968
L021080,지갑,A,0.5,비계절ETS,122.68999998810264,0.0,122.68999998810264,122.68999998810264
L031010,산후조리원이용료,A,0.7,비계절ETS,128.5847844923241,0.0,128.5847844923241,128.5847844923241
L031040,보험서비스료,A,8.6,비계절ETS,217.5319901719664,0.0,217.5319901719664,217.5319901719664
L031050,자동차보험료,A,3.7,비계절ETS,94.9379822349045,0.0,94.9379822349045,94.9379822349045
L031060,금융수수료,A,0.2,비계절ETS,99.99931497468953,0.0,99.99931497468953,99.99931497468953
L031090,대입전형료,A,0.1,비계절ETS,101.7307203748236,0.0,101.7307203748236,101.7307203748236
L031100,시험응시료,A,0.4,비계절ETS,116.22148920752213,0.1304524047938097,116.14321776464584,116.14321776464584
L031110,장례비,A,2.6,비계절ETS,111.5678113287711,0.0,111.5678113287711,111.5678113287711
A013010,갈치,B,1.1,계절ETS,121.42970975385732,0.0,121.42970975385732,121.42970975385732
A013020,명태,B,0.7,계절ETS,110.67218080880924,0.0,110.67218080880924,110.67218080880924
A013030,조기,B,0.9,계절ETS,134.4369268688711,0.0,134.4369268688711,134.4369268688711
A013040,고등어,B,2.0,계절ETS,133.63475463256978,0.0,133.63475463256978,133.63475463256978
A013050,오징어,B,1.0,계절ETS,131.38425112634698,0.0,131.38425112634698,131.38425112634698
A013060,게,B,0.9,계절ETS,94.54903681552256,0.0,94.54903681552256,94.54903681552256
A013070,굴,B,0.4,계절ETS,114.08819054641096,0.0,114.08819054641096,114.08819054641096
A013080,조개,B,0.6,계절ETS,121.9767889924766,0.0,121.9767889924766,121.9767889924766
A013090,전복,B,0.5,계절ETS,86.33652265595016,0.0,86.33652265595016,86.33652265595016
A013100,새우,B,0.7,계절ETS,126.1703531880883,-0.4961442315865814,126.46803972704024,126.46803972704024
A013130,낙지,B,0.5,계절ETS,126.17046861421892,0.0,126.17046861421892,126.17046861421892
A016010,사과,B,2.3,계절ETS,171.3001860356725,0.0,171.3001860356725,171.3001860356725
A016020,배,B,0.7,계절ETS,172.7390733536317,0.0,172.7390733536317,172.7390733536317
A016030,복숭아,B,1.0,계절ETS,148.06064394590382,0.0,148.06064394590382,148.06064394590382
A016040,포도,B,1.4,계절ETS,151.59776430888837,0.0,151.59776430888837,151.59776430888837
A016050,밤,B,0.2,계절ETS,113.68348442223294,0.0,113.68348442223294,113.68348442223294
A016060,감,B,0.5,계절ETS,120.90442123981656,0.0,120.90442123981656,120.90442123981656
A016070,귤,B,1.8,계절ETS,215.1657241949079,0.0,215.1657241949079,215.1657241949079
A016080,오렌지,B,0.4,계절ETS,121.307346289202,0.0,121.307346289202,121.307346289202
A016090,참외,B,1.0,계절ETS,96.8364244171776,0.0,96.8364244171776,96.8364244171776
A016100,수박,B,1.0,계절ETS,162.0373545876966,0.0,162.0373545876966,162.0373545876966
A016110,딸기,B,1.5,계절ETS,98.2160386835701,0.0,98.2160386835701,98.2160386835701
A016120,바나나,B,0.8,계절ETS,110.83740853867732,1.7921640625050586,109.76211010117429,109.76211010117429
A016130,키위,B,0.4,계절ETS,142.09746579621552,0.0,142.09746579621552,142.09746579621552
A016140,블루베리,B,0.4,계절ETS,143.74399036788344,0.0,143.74399036788344,143.74399036788344
A016150,망고,B,0.4,계절ETS,130.2408227345608,0.0,130.2408227345608,130.2408227345608
A016160,체리,B,0.3,계절ETS,92.8133379818876,0.0,92.8133379818876,92.8133379818876
A016170,아보카도,B,0.1,계절ETS,75.18684621700096,0.0,75.18684621700096,75.18684621700096
A016180,파인애플,B,0.2,계절ETS,116.0092943708211,0.0,116.0092943708211,116.0092943708211
A017010,배추,B,1.3,계절ETS,110.90691548323254,0.0,110.90691548323254,110.90691548323254
A017020,상추,B,0.6,계절ETS,171.61756491970192,0.0,171.61756491970192,171.61756491970192
A017030,시금치,B,0.3,계절ETS,242.6191329247848,0.0,242.6191329247848,242.6191329247848
A017040,양배추,B,0.2,계절ETS,87.02381645247128,0.0,87.02381645247128,87.02381645247128
A017050,미나리,B,0.2,계절ETS,150.5510838268189,0.0,150.5510838268189,150.5510838268189
A017060,깻잎,B,0.2,계절ETS,135.91444381103926,0.0,135.91444381103926,135.91444381103926
A017070,부추,B,0.2,계절ETS,110.9183822949053,0.0,110.9183822949053,110.9183822949053
A017080,무,B,0.6,계절ETS,114.30717258454943,0.0,114.30717258454943,114.30717258454943
A017090,열무,B,0.2,계절ETS,147.86124927706337,0.0,147.86124927706337,147.86124927706337
A017100,당근,B,0.3,계절ETS,87.02495750944588,0.0,87.02495750944588,87.02495750944588
A017110,감자,B,0.6,계절ETS,100.7778082405709,0.0,100.7778082405709,100.7778082405709
A017120,고구마,B,1.0,계절ETS,101.74831087173013,0.0,101.74831087173013,101.74831087173013
A017130,도라지,B,0.1,계절ETS,133.29353169953782,0.0,133.29353169953782,133.29353169953782
A017140,콩나물,B,0.5,계절ETS,109.8922993730338,0.0,109.8922993730338,109.8922993730338
A017150,버섯,B,0.9,계절ETS,110.71887702858838,0.0,110.71887702858838,110.71887702858838
A017160,오이,B,0.6,계절ETS,123.19624665967906,0.0,123.19624665967906,123.19624665967906
A017170,풋고추,B,0.6,계절ETS,119.54679355290423,0.0,119.54679355290423,119.54679355290423
A017180,호박,B,0.5,계절ETS,108.93073540183184,0.0,108.93073540183184,108.93073540183184
A017190,가지,B,0.2,계절ETS,101.03035855796298,0.0,101.03035855796298,101.03035855796298
A017200,토마토,B,1.3,계절ETS,95.50675152058749,0.0,95.50675152058749,95.50675152058749
A017210,파,B,0.9,계절ETS,118.64863072845722,0.0,118.64863072845722,118.64863072845722
A017220,양파,B,0.7,계절ETS,85.45152182503071,0.0,85.45152182503071,85.45152182503071
A017230,마늘,B,1.3,계절ETS,137.1322339906499,0.0,137.1322339906499,137.1322339906499
A017240,브로콜리,B,0.2,계절ETS,117.73415368866752,0.0,117.73415368866752,117.73415368866752
A017260,파프리카,B,0.6,계절ETS,102.81377218376552,0.0,102.81377218376552,102.81377218376552
A019030,생강,B,0.1,계절ETS,107.07005267268808,0.0,107.07005267268808,107.07005267268808
B021010,담배,C,9.3,비계절ETS,99.84697357139989,0.0784611228713364,99.79989689767709,99.79989689767709
D041020,하수도료,C,3.1,비계절ETS,132.78475079760324,0.4826229355099277,132.4951770362973,132.4951770362973
D042020,쓰레기봉투료,C,0.7,비계절ETS,106.15090569252952,0.1169825943664217,106.08071613590968,106.08071613590968
D042030,정화조청소료,C,0.5,비계절ETS,117.4514515819136,0.1131988399196686,117.3835322779618,117.3835322779618
F021010,외래진료비,C,20.5,계절ETS,111.410289391411,0.0,111.410289391411,111.410289391411
F021030,한방진료비,C,1.0,계절ETS,119.29825216950226,-0.2157514185060236,119.42770302060588,119.42770302060588
F021040,약국조제료,C,1.8,계절ETS,119.90548320923033,0.0,119.90548320923033,119.90548320923033
F022010,치과진료비,C,6.1,계절ETS,115.18775057362018,-0.071020539789752,115.23036289749405,115.23036289749405
F031010,입원진료비,C,10.2,계절ETS,109.98486958653096,-0.06633904141511,110.02467301138005,110.02467301138005
G023030,도로통행료,C,1.7,비계절ETS,95.8261410680853,0.0,95.8261410680853,95.8261410680853
G031010,열차료,C,1.7,비계절ETS,100.00778485298912,0.0,100.00778485298912,100.00778485298912
G031020,도시철도료,C,2.2,비계절ETS,120.17730927178953,0.0991956428846663,120.11779188605873,120.11779188605873
G032010,시내버스료,C,6.8,비계절ETS,117.04735247292788,0.1007222326217037,116.98691913335486,116.98691913335486
G032020,시외버스료,C,1.0,비계절ETS,110.24863819420229,0.0699683079499801,110.2066572094323,110.2066572094323
G032030,택시료,C,3.2,비계절ETS,124.56458126756225,0.0,124.56458126756225,124.56458126756225
G033020,국제항공료,C,2.9,비계절ETS,150.1321946260037,0.0,150.1321946260037,150.1321946260037
H011010,우편료,C,0.1,비계절ETS,123.37128488972304,0.0,123.37128488972304,123.37128488972304
H031010,유선전화료,C,0.4,비계절ETS,100.36999617309966,0.0,100.36999617309966,100.36999617309966
H031020,휴대전화료,C,29.8,비계절ETS,102.00468632760024,-0.3000263292461606,102.18470212514794,102.18470212514794
H031030,인터넷이용료,C,5.5,비계절ETS,100.6199744085836,0.0,100.6199744085836,100.6199744085836
I042070,방송수신료,C,2.4,비계절ETS,100.59429327317626,0.0529669468491391,100.56251310506678,100.56251310506678
J011010,유치원납입금,C,1.8,비계절ETS,39.29450498924817,0.0,39.29450498924817,39.29450498924817
J031010,전문대학납입금,C,1.1,계절ETS,108.36186629041296,-0.9404764160265464,108.92615214002888,108.92615214002888
J031020,국공립대학교납입금,C,1.4,계절ETS,101.88438929136498,0.0,101.88438929136498,101.88438929136498
J031030,사립대학교납입금,C,8.6,계절ETS,107.5518722952988,-1.072828814190295,108.19556958381298,108.19556958381298
J031040,국공립대학원납입금,C,0.4,계절ETS,107.63083837636518,0.0,107.63083837636518,107.63083837636518
J031050,사립대학원납입금,C,1.6,계절ETS,108.52919863465156,0.0,108.52919863465156,108.52919863465156
L031020,보육시설이용료,C,0.7,비계절ETS,69.81238996518314,0.0,69.81238996518314,69.81238996518314
L031030,요양시설이용료,C,0.9,비계절ETS,125.41400211506588,0.2560538536592247,125.26036980287034,125.26036980287034
L031070,부동산중개수수료,C,0.8,비계절ETS,92.25331205287333,0.0,92.25331205287333,92.25331205287333
L031080,행정수수료,C,1.1,비계절ETS,99.58479498359368,0.0,99.58479498359368,99.58479498359368
D051010,전기료,D,16.1,비계절ETS,126.48322435831184,0.0,126.48322435831184,126.48322435831184
D052010,도시가스,D,11.5,비계절ETS,146.21215831217597,0.0,146.21215831217597,146.21215831217597
D052020,취사용LPG,D,0.9,회귀(오피넷 8월실측),147.18131029750194,-0.1629625117960387,147.27908780457955,147.27908780457955
D053010,등유,D,2.4,회귀(오피넷 8월실측),183.26844381938,0.3327137145731835,183.0688155906361,183.0688155906361
D053020,지역난방비,D,1.6,비계절ETS,163.2217713913098,0.1725699615378365,163.1182294143871,163.1182294143871
D053030,부탄가스,D,0.1,비계절ETS,148.92105599345388,0.0,148.92105599345388,148.92105599345388
G021010,휘발유,D,24.1,회귀(오피넷 8월실측),134.3966803078048,0.4434741221973179,134.1305958344864,134.1305958344864
G021020,경유,D,16.3,회귀(오피넷 8월실측),154.49259350708405,0.5580432726850452,154.15776754347303,154.15776754347303
G021030,자동차용LPG,D,2.8,회귀(오피넷 8월실측),139.1455421018653,0.3973776416882539,138.90711551685234,138.90711551685234
