품목코드,품목명,Tier,가중치,모델,pred_raw,보정치레벨,pred_corr,예측(8월),실제(8월),오차,오차%,대분류
A011010,쌀,A,4.2,비계절ETS,116.35490465899694,0.0,116.35490465899694,116.35490465899694,116.51,-0.15509534100306155,-0.13311762166600424,01 식료품 및 비주류음료
A011020,현미,A,0.4,비계절ETS,126.92350480575116,0.0,126.92350480575116,126.92350480575116,126.72,0.20350480575116592,0.16059407019504884,01 식료품 및 비주류음료
A011030,찹쌀,A,0.5,비계절ETS,130.8700000767827,0.0,130.8700000767827,130.8700000767827,132.02,-1.1499999232173082,-0.8710800812129283,01 식료품 및 비주류음료
A011040,보리쌀,A,0.2,비계절ETS,177.44667353940193,2.073184832164785,176.20276264010306,176.20276264010306,176.08,0.12276264010304772,0.06971980923616976,01 식료품 및 비주류음료
A011050,콩,A,0.5,비계절ETS,104.28548268277086,0.0,104.28548268277086,104.28548268277086,104.08,0.2054826827708638,0.19742763525255938,01 식료품 및 비주류음료
A011060,땅콩,A,0.1,비계절ETS,120.98978878662751,0.0,120.98978878662751,120.98978878662751,120.83,0.15978878662751583,0.1322426439026035,01 식료품 및 비주류음료
A011070,혼식곡,A,0.4,비계절ETS,121.75300957788362,0.0,121.75300957788362,121.75300957788362,121.13,0.6230095778836215,0.5143313612512355,01 식료품 및 비주류음료
A011080,밀가루,A,0.1,비계절ETS,128.7641304197163,0.0,128.7641304197163,128.7641304197163,128.78,-0.015869580283691676,-0.012323016216564432,01 식료품 및 비주류음료
A011090,국수,A,0.7,비계절ETS,147.73665392348687,0.0,147.73665392348687,147.73665392348687,165.94,-18.203346076513128,-10.969836131440958,01 식료품 및 비주류음료
A011100,라면,A,2.4,비계절ETS,127.03760521247273,0.0,127.03760521247273,127.03760521247273,127.62,-0.5823947875272779,-0.4563507189525763,01 식료품 및 비주류음료
A011110,당면,A,0.2,비계절ETS,139.67782682669937,0.0,139.67782682669937,139.67782682669937,149.22,-9.542173173300625,-6.3947012285890805,01 식료품 및 비주류음료
A011120,두부,A,1.2,비계절ETS,107.6113235635964,0.0,107.6113235635964,107.6113235635964,109.6,-1.988676436403594,-1.8144857996383157,01 식료품 및 비주류음료
A011130,시리얼,A,0.4,비계절ETS,121.73621557504968,0.0,121.73621557504968,121.73621557504968,135.49,-13.753784424950325,-10.151143571444626,01 식료품 및 비주류음료
A011140,부침가루,A,0.6,비계절ETS,141.98790003913132,0.0,141.98790003913132,141.98790003913132,142.97,-0.9820999608686805,-0.6869273000410439,01 식료품 및 비주류음료
A011150,케이크,A,1.6,비계절ETS,132.37990300456855,0.220205207842819,132.24777987986286,132.24777987986286,132.25,-0.0022201201371387924,-0.001678729782335571,01 식료품 및 비주류음료
A011160,빵,A,6.8,비계절ETS,138.80116724485868,0.375576560905903,138.57582130831514,138.57582130831514,142.6,-4.0241786916848525,-2.822004692626124,01 식료품 및 비주류음료
A011170,떡,A,1.9,비계절ETS,130.73847411343988,0.0,130.73847411343988,130.73847411343988,130.44,0.2984741134398803,0.22882100079720966,01 식료품 및 비주류음료
A011180,파스타면,A,0.1,비계절ETS,133.41311092366445,0.0,133.41311092366445,133.41311092366445,129.36,4.053110923664434,3.1332026311567978,01 식료품 및 비주류음료
A012010,국산쇠고기,A,8.6,비계절ETS,110.24176140890916,0.0,110.24176140890916,110.24176140890916,109.39,0.8517614089091552,0.7786465023394782,01 식료품 및 비주류음료
A012020,수입쇠고기,A,3.1,비계절ETS,144.31546764364117,0.8620845033847454,143.79821694161032,143.79821694161032,142.91,0.8882169416103238,0.6215218960256972,01 식료품 및 비주류음료
A012030,돼지고기,A,9.8,비계절ETS,134.65664217403975,0.0,134.65664217403975,134.65664217403975,133.57,1.0866421740397527,0.8135376012875293,01 식료품 및 비주류음료
A012040,닭고기,A,1.5,비계절ETS,134.94204844391115,0.0,134.94204844391115,134.94204844391115,133.56,1.3820484439111453,1.034777211673514,01 식료품 및 비주류음료
A012050,소시지,A,2.0,비계절ETS,120.95477719742992,-0.3542344040628933,121.16731783986764,121.16731783986764,122.91,-1.742682160132361,-1.4178522171770898,01 식료품 및 비주류음료
A012060,햄및베이컨,A,2.7,비계절ETS,126.15077575923304,0.0,126.15077575923304,126.15077575923304,126.28,-0.12922424076695904,-0.10233151787057257,01 식료품 및 비주류음료
A012070,기타육류가공품,A,0.9,비계절ETS,138.06325992671086,0.0,138.06325992671086,138.06325992671086,138.08,-0.0167400732891565,-0.01212345979805656,01 식료품 및 비주류음료
A013110,마른멸치,A,0.5,비계절ETS,109.86611304681308,0.0,109.86611304681308,109.86611304681308,110.86,-0.9938869531869159,-0.8965244030190475,01 식료품 및 비주류음료
A013120,마른오징어,A,0.2,비계절ETS,126.28471526465964,0.238716223961011,126.14148553028303,126.14148553028303,126.53,-0.38851446971696646,-0.3070532440662028,01 식료품 및 비주류음료
A013140,오징어채,A,0.2,비계절ETS,142.31521664884977,0.0,142.31521664884977,142.31521664884977,139.1,3.2152166488497755,2.3114425944283075,01 식료품 및 비주류음료
A013150,북어채,A,0.4,비계절ETS,139.38000741263858,0.0,139.38000741263858,139.38000741263858,137.0,2.3800074126385766,1.737231688057355,01 식료품 및 비주류음료
A013160,어묵,A,0.8,비계절ETS,135.63382009684346,0.0,135.63382009684346,135.63382009684346,129.72,5.913820096843466,4.558911576351731,01 식료품 및 비주류음료
A013170,맛살,A,0.2,비계절ETS,147.99642860421474,0.0,147.99642860421474,147.99642860421474,147.5,0.4964286042147421,0.33656176556931666,01 식료품 및 비주류음료
A013180,수산물통조림,A,0.7,비계절ETS,126.96660936685744,0.0,126.96660936685744,126.96660936685744,130.27,-3.3033906331425698,-2.535803049929047,01 식료품 및 비주류음료
A013190,젓갈,A,0.7,비계절ETS,125.25672277689672,-0.7195362531631323,125.6884445287946,125.6884445287946,125.5,0.18844452879460505,0.1501550030235897,01 식료품 및 비주류음료
A014010,우유,A,3.4,비계절ETS,124.63348344881447,0.0,124.63348344881447,124.63348344881447,124.55,0.08348344881447645,0.06702806006782533,01 식료품 및 비주류음료
A014020,분유,A,0.5,비계절ETS,113.3622440139124,0.0,113.3622440139124,113.3622440139124,113.45,-0.08775598608760049,-0.07735212524248611,01 식료품 및 비주류음료
A014030,치즈,A,0.7,비계절ETS,144.8143251010459,0.0,144.8143251010459,144.8143251010459,144.79,0.024325101045917563,0.016800263171432808,01 식료품 및 비주류음료
A014040,발효유,A,2.0,비계절ETS,128.28415802206916,0.3007610025090154,128.10370142056377,128.10370142056377,128.16,-0.05629857943623051,-0.043928354741128675,01 식료품 및 비주류음료
A014050,달걀,A,3.0,비계절ETS,155.7443074283707,0.0,155.7443074283707,155.7443074283707,152.83,2.9143074283706767,1.9068948690510217,01 식료품 및 비주류음료
A015010,참기름,A,0.6,비계절ETS,153.62950142750736,0.0,153.62950142750736,153.62950142750736,160.34,-6.710498572492639,-4.185168125541125,01 식료품 및 비주류음료
A015020,식용유,A,0.8,비계절ETS,156.4789746479223,0.0,156.4789746479223,156.4789746479223,149.73,6.748974647922324,4.507429805598293,01 식료품 및 비주류음료
A016190,아몬드,A,0.2,비계절ETS,111.2245909306378,0.0,111.2245909306378,111.2245909306378,111.96,-0.7354090693621913,-0.656849829726859,01 식료품 및 비주류음료
A016200,과일가공품,A,1.0,비계절ETS,147.15164202945348,0.0,147.15164202945348,147.15164202945348,151.13,-3.9783579705465115,-2.632407841293265,01 식료품 및 비주류음료
A017250,고사리,A,0.1,비계절ETS,126.90503436324228,0.0,126.90503436324228,126.90503436324228,127.46,-0.5549656367577143,-0.43540376334356995,01 식료품 및 비주류음료
A017270,단무지,A,0.2,비계절ETS,128.44567298975838,0.0,128.44567298975838,128.44567298975838,128.98,-0.5343270102416113,-0.41427121277842405,01 식료품 및 비주류음료
A017280,김,A,0.5,비계절ETS,154.80298573985908,0.0,154.80298573985908,154.80298573985908,155.15,-0.3470142601409236,-0.22366371907246124,01 식료품 및 비주류음료
A017290,맛김,A,0.5,비계절ETS,136.10624244704945,0.0,136.10624244704945,136.10624244704945,133.87,2.236242447049449,1.6704582408675945,01 식료품 및 비주류음료
A017300,미역,A,0.3,비계절ETS,138.06986677299133,0.0,138.06986677299133,138.06986677299133,138.96,-0.8901332270086755,-0.6405679526544872,01 식료품 및 비주류음료
A018010,초콜릿,A,0.5,비계절ETS,163.83324091255884,1.0834198865169593,163.18318898064865,163.18318898064865,162.68,0.5031889806486447,0.30931213465001517,01 식료품 및 비주류음료
A018020,사탕,A,0.8,비계절ETS,116.97215524352887,0.0,116.97215524352887,116.97215524352887,117.08,-0.10784475647112401,-0.09211202295107962,01 식료품 및 비주류음료
A018030,껌,A,0.1,비계절ETS,115.83611820175648,0.0,115.83611820175648,115.83611820175648,117.18,-1.3438817982435296,-1.146852533063261,01 식료품 및 비주류음료
A018040,아이스크림,A,2.6,비계절ETS,128.95540464165344,0.0,128.95540464165344,128.95540464165344,129.09,-0.13459535834655867,-0.10426474424553309,01 식료품 및 비주류음료
A018050,비스킷,A,1.9,비계절ETS,135.71572510693306,0.0,135.71572510693306,135.71572510693306,134.85,0.8657251069330698,0.6419911805213718,01 식료품 및 비주류음료
A018060,스낵과자,A,2.9,비계절ETS,119.00019549157378,0.0,119.00019549157378,119.00019549157378,122.75,-3.749804508426223,-3.054830556762707,01 식료품 및 비주류음료
A018070,파이,A,0.6,비계절ETS,117.07138727835154,0.0,117.07138727835154,117.07138727835154,116.79,0.28138727835153077,0.2409343936565894,01 식료품 및 비주류음료
A018080,설탕,A,0.3,비계절ETS,142.97752892861965,0.0,142.97752892861965,142.97752892861965,142.87,0.1075289286196437,0.0752634763208817,01 식료품 및 비주류음료
A018090,잼,A,0.1,비계절ETS,172.4275539979978,0.0,172.4275539979978,172.4275539979978,172.06,0.36755399799778843,0.21361966639415808,01 식료품 및 비주류음료
A018100,꿀,A,0.4,비계절ETS,116.93883622263289,0.0,116.93883622263289,116.93883622263289,117.02,-0.08116377736710945,-0.06935889366527898,01 식료품 및 비주류음료
A018110,물엿,A,0.2,비계절ETS,138.66302603397796,0.0,138.66302603397796,138.66302603397796,137.32,1.3430260339779636,0.9780265321715436,01 식료품 및 비주류음료
A019010,고춧가루,A,1.6,비계절ETS,115.15635910455606,0.0,115.15635910455606,115.15635910455606,114.6,0.5563591045560656,0.4854791488272824,01 식료품 및 비주류음료
A019020,참깨,A,0.6,비계절ETS,137.61308625870114,0.0,137.61308625870114,137.61308625870114,139.34,-1.7269137412988584,-1.2393524768902386,01 식료품 및 비주류음료
A019040,소금,A,0.2,비계절ETS,177.1332911213174,0.0,177.1332911213174,177.1332911213174,177.08,0.053291121317386114,0.030094376167487072,01 식료품 및 비주류음료
A019050,간장,A,0.4,비계절ETS,142.77209125677106,-0.5715670322882479,143.115031476144,143.115031476144,139.65,3.4650314761439915,2.4812255468270616,01 식료품 및 비주류음료
A019060,된장,A,0.4,비계절ETS,140.59933898296617,0.0,140.59933898296617,140.59933898296617,140.66,-0.06066101703382287,-0.043125989644406997,01 식료품 및 비주류음료
A019070,양념소스,A,0.5,비계절ETS,141.04815400749845,0.0,141.04815400749845,141.04815400749845,141.89,-0.8418459925015327,-0.5933088959768361,01 식료품 및 비주류음료
A019080,고추장,A,0.3,비계절ETS,141.77284625367489,0.0,141.77284625367489,141.77284625367489,140.51,1.2628462536748941,0.8987589877410107,01 식료품 및 비주류음료
A019090,카레,A,0.2,비계절ETS,130.82598429091374,0.0,130.82598429091374,130.82598429091374,144.99,-14.164015709086271,-9.768960417329657,01 식료품 및 비주류음료
A019100,식초,A,0.1,비계절ETS,148.49894256161778,0.0,148.49894256161778,148.49894256161778,165.02,-16.52105743838223,-10.011548562830098,01 식료품 및 비주류음료
A019110,드레싱,A,0.2,비계절ETS,167.30216746968125,0.0,167.30216746968125,167.30216746968125,175.06,-7.757832530318751,-4.431527779229265,01 식료품 및 비주류음료
A019120,혼합조미료,A,0.3,비계절ETS,136.87319782184383,0.0,136.87319782184383,136.87319782184383,134.71,2.1631978218438235,1.605818292512674,01 식료품 및 비주류음료
A019130,스프,A,0.3,비계절ETS,129.8465636032167,0.0,129.8465636032167,129.8465636032167,129.97,-0.12343639678329055,-0.09497299129282953,01 식료품 및 비주류음료
A019140,이유식,A,0.3,비계절ETS,111.21617177304071,0.0980364419703079,111.15734990785852,111.15734990785852,111.12,0.037349907858512665,0.033612228094413846,01 식료품 및 비주류음료
A019150,김치,A,1.3,비계절ETS,134.31883914143066,0.0,134.31883914143066,134.31883914143066,134.31,0.008839141430655673,0.006581149155428242,01 식료품 및 비주류음료
A019160,밑반찬,A,3.1,비계절ETS,118.36486080241276,0.0,118.36486080241276,118.36486080241276,118.32,0.044860802412770795,0.037914809341422245,01 식료품 및 비주류음료
A019170,냉동식품,A,1.9,비계절ETS,118.515928304848,0.0,118.515928304848,118.515928304848,119.48,-0.9640716951520005,-0.8068896008972217,01 식료품 및 비주류음료
A019180,즉석식품,A,3.1,비계절ETS,127.4377946325934,0.0,127.4377946325934,127.4377946325934,128.9,-1.462205367406611,-1.134371890928325,01 식료품 및 비주류음료
A019190,편의점도시락,A,0.4,비계절ETS,118.77286517630164,0.2355951037757175,118.6315081140362,118.6315081140362,119.2,-0.5684918859638088,-0.47692272312400075,01 식료품 및 비주류음료
A019200,삼각김밥,A,0.4,비계절ETS,116.5103073164148,0.0,116.5103073164148,116.5103073164148,116.26,0.25030731641479065,0.21529960125132516,01 식료품 및 비주류음료
A021010,커피,A,2.6,비계절ETS,146.09545811778054,0.0,146.09545811778054,146.09545811778054,146.06,0.03545811778053576,0.02427640543648895,01 식료품 및 비주류음료
A021020,차,A,0.9,비계절ETS,125.4415114397681,0.0,125.4415114397681,125.4415114397681,122.39,3.051511439768106,2.493268600186376,01 식료품 및 비주류음료
A022010,주스,A,1.4,비계절ETS,136.78686743569972,0.4182318382394214,136.53592833275607,136.53592833275607,136.32,0.2159283327560786,0.1583981314231797,01 식료품 및 비주류음료
A022020,두유,A,0.8,비계절ETS,127.10789504974888,0.0,127.10789504974888,127.10789504974888,127.92,-0.8121049502511255,-0.6348537759936879,01 식료품 및 비주류음료
A022030,생수,A,1.3,비계절ETS,117.1699393357026,0.0,117.1699393357026,117.1699393357026,116.77,0.399939335702598,0.3425017861630539,01 식료품 및 비주류음료
A022040,기능성음료,A,0.5,비계절ETS,120.6595265091678,0.0,120.6595265091678,120.6595265091678,120.0,0.6595265091678044,0.5496054243065037,01 식료품 및 비주류음료
A022050,탄산음료,A,1.6,비계절ETS,120.35443921161423,0.0,120.35443921161423,120.35443921161423,123.53,-3.1755607883857664,-2.5706798254559753,01 식료품 및 비주류음료
A022060,기타음료,A,0.6,비계절ETS,123.81114914214436,1.1336627810858315,123.13095147349286,123.13095147349286,123.5,-0.36904852650714304,-0.29882471781954906,01 식료품 및 비주류음료
B011010,소주,A,1.7,비계절ETS,109.06575081185773,0.0,109.06575081185773,109.06575081185773,108.92,0.14575081185772376,0.1338145536703303,02 주류 및 담배
B011020,과실주,A,0.8,비계절ETS,103.1681621892554,0.0,103.1681621892554,103.1681621892554,104.07,-0.9018378107445955,-0.8665684738585524,02 주류 및 담배
B011030,맥주,A,3.0,비계절ETS,116.3531963802829,0.1398933180323448,116.26926038946348,116.26926038946348,116.19,0.07926038946348513,0.0682161885390181,02 주류 및 담배
B011040,막걸리,A,0.5,비계절ETS,124.3457315882163,0.0,124.3457315882163,124.3457315882163,123.94,0.4057315882162982,0.3273612943491191,02 주류 및 담배
B011050,양주,A,0.4,비계절ETS,114.18802063022667,0.0,114.18802063022667,114.18802063022667,117.34,-3.151979369773329,-2.6861934291574308,02 주류 및 담배
B011060,약주,A,0.1,비계절ETS,105.95758383022834,0.0,105.95758383022834,105.95758383022834,105.91,0.04758383022834778,0.04492855276021884,02 주류 및 담배
C011010,남자외의,A,4.4,비계절ETS,120.42416814374822,0.2274164206640113,120.28771829134982,120.28771829134982,120.22,0.06771829134981999,0.056328640284328726,03 의류 및 신발
C011020,남자상의,A,1.5,비계절ETS,115.19250711633984,0.1487662954878554,115.10324733904712,115.10324733904712,115.06,0.04324733904711309,0.03758677129072926,03 의류 및 신발
C011030,남자하의,A,1.3,비계절ETS,123.82494721090497,0.2012192239798338,123.70421567651708,123.70421567651708,123.64,0.0642156765170796,0.05193762254697477,03 의류 및 신발
C011040,남자내의,A,0.7,비계절ETS,111.50071933856674,0.0,111.50071933856674,111.50071933856674,111.64,-0.13928066143326134,-0.1247587436700657,03 의류 및 신발
C012010,여자외의,A,6.2,비계절ETS,115.88489227314535,0.1353903786820348,115.80365804593612,115.80365804593612,115.76,0.043658045936112444,0.03771427603326921,03 의류 및 신발
C012020,원피스,A,1.8,비계절ETS,135.7653964321759,0.0,135.7653964321759,135.7653964321759,135.33,0.4353964321758781,0.3217294259778896,03 의류 및 신발
C012030,여자상의,A,1.5,비계절ETS,117.497802750836,0.0589225278356574,117.4624492341346,117.4624492341346,117.44,0.022449234134597873,0.01911549228082244,03 의류 및 신발
C012040,여자하의,A,2.4,비계절ETS,124.03087129502975,0.0,124.03087129502975,124.03087129502975,123.83,0.20087129502975642,0.1622153719048344,03 의류 및 신발
C012050,여자내의,A,1.8,비계절ETS,110.1554909758294,0.0,110.1554909758294,110.1554909758294,110.14,0.01549097582939396,0.01406480463899942,03 의류 및 신발
C013010,점퍼,A,3.3,비계절ETS,120.68587747061387,0.1089778802277147,120.62049074247724,120.62049074247724,120.59,0.03049074247724093,0.025284635937673876,03 의류 및 신발
C013020,티셔츠,A,4.6,비계절ETS,123.93364575784052,0.1758998174094396,123.82810586739484,123.82810586739484,123.77,0.05810586739484336,0.04694664894145864,03 의류 및 신발
C013030,스웨터,A,0.6,비계절ETS,118.80108646762002,0.07247472039649,118.75760163538212,118.75760163538212,118.73,0.027601635382112022,0.02324739777824646,03 의류 및 신발
C013040,청바지,A,1.6,비계절ETS,124.65956755335895,0.0,124.65956755335895,124.65956755335895,124.42,0.23956755335895252,0.192547462915088,03 의류 및 신발
C013050,운동복,A,2.3,비계절ETS,112.64023935112604,0.0,112.64023935112604,112.64023935112604,112.73,-0.08976064887396262,-0.07962445566749102,03 의류 및 신발
C013060,등산복,A,0.5,비계절ETS,110.45386276669544,0.0,110.45386276669544,110.45386276669544,110.44,0.013862766695439177,0.012552305953856554,03 의류 및 신발
C014010,유아동복,A,4.6,비계절ETS,120.19308611686009,0.2412134887557281,120.04835802360664,120.04835802360664,120.11,-0.061641976393360665,-0.05132126916439986,03 의류 및 신발
C015010,양말,A,0.9,비계절ETS,104.29316297836267,0.0,104.29316297836267,104.29316297836267,104.15,0.14316297836266756,0.13745845258057374,03 의류 및 신발
C015020,모자,A,0.6,비계절ETS,113.3377086428278,0.0588252744934128,113.30241347813175,113.30241347813175,113.28,0.022413478131753095,0.019785909367719894,03 의류 및 신발
C015030,장갑,A,0.2,비계절ETS,158.16103801629137,0.2569739915145703,158.00685362138262,158.00685362138262,157.86,0.14685362138260416,0.09302775964943884,03 의류 및 신발
C016010,의복수선료,A,0.2,비계절ETS,135.60348744842116,0.0,135.60348744842116,135.60348744842116,134.76,0.8434874484211718,0.6259182609239922,03 의류 및 신발
C016020,세탁료,A,1.1,비계절ETS,155.62180206113226,0.0,155.62180206113226,155.62180206113226,153.58,2.0418020611322447,1.3294713251284311,03 의류 및 신발
C021010,아동화,A,0.9,비계절ETS,116.35615130599152,0.1892226485637754,116.24261771685325,116.24261771685325,116.17,0.07261771685324447,0.06250987075255614,03 의류 및 신발
C021020,구두,A,2.0,비계절ETS,114.43767462108042,0.5549483331159522,114.10470562121084,114.10470562121084,113.81,0.2947056212108379,0.258945278280325,03 의류 및 신발
C021030,운동화,A,4.4,비계절ETS,115.04834723667656,0.0,115.04834723667656,115.04834723667656,115.05,-0.0016527633234346695,-0.0014365609069401735,03 의류 및 신발
C021040,실내화,A,0.2,비계절ETS,128.00596857490336,0.0,128.00596857490336,128.00596857490336,128.43,-0.4240314250966435,-0.3301654014612189,03 의류 및 신발
D011010,전세,A,54.2,비계절ETS,106.3260651240192,0.0,106.3260651240192,106.26,106.38,-0.11999999999999034,-0.1128031584884286,"04 주택, 수도, 전기 및 연료"
D011020,월세,A,44.9,비계절ETS,105.9465907366708,0.0,105.9465907366708,105.92,106.02,-0.09999999999999432,-0.09432182607054737,"04 주택, 수도, 전기 및 연료"
D031010,주택수선재료,A,3.4,비계절ETS,127.9757455651619,-0.5913652523651933,128.33056471658102,128.33056471658102,128.03,0.3005647165810217,0.23476116268141972,"04 주택, 수도, 전기 및 연료"
D031020,설비수리비,A,5.9,비계절ETS,126.57457038266789,-0.1116848555302828,126.64158129598606,126.64158129598606,126.82,-0.17841870401393578,-0.1406865667985616,"04 주택, 수도, 전기 및 연료"
D041010,상수도료,A,4.5,비계절ETS,119.66225551461278,0.0,119.66225551461278,119.66225551461278,119.5,0.16225551461278087,0.13577867331613463,"04 주택, 수도, 전기 및 연료"
D042010,공동주택관리비,A,21.8,비계절ETS,131.4394371245893,0.0,131.4394371245893,131.4394371245893,131.99,-0.5505628754107192,-0.41712468778749845,"04 주택, 수도, 전기 및 연료"
E011010,장롱,A,1.3,비계절ETS,127.97286058691296,0.0,127.97286058691296,127.97286058691296,127.74,0.23286058691296319,0.18229261540078534,05 가정용품 및 가사 서비스
E011020,침대,A,2.7,비계절ETS,134.30023021165894,0.0,134.30023021165894,134.30023021165894,133.99,0.31023021165893283,0.2315323618620291,05 가정용품 및 가사 서비스
E011030,거실장,A,0.4,비계절ETS,128.1303053247991,0.0,128.1303053247991,128.1303053247991,127.83,0.3003053247991119,0.23492554548940925,05 가정용품 및 가사 서비스
E011040,소파,A,1.3,비계절ETS,137.32499552762135,0.0,137.32499552762135,137.32499552762135,137.23,0.09499552762136432,0.06922358640338433,05 가정용품 및 가사 서비스
E011050,책상,A,0.4,비계절ETS,131.22206204100496,0.0,131.22206204100496,131.22206204100496,131.12,0.10206204100495597,0.07783865238327942,05 가정용품 및 가사 서비스
E011060,의자,A,0.4,비계절ETS,120.25403521680887,0.0,120.25403521680887,120.25403521680887,120.32,-0.06596478319112009,-0.05482445411496018,05 가정용품 및 가사 서비스
E011070,식탁,A,0.9,비계절ETS,130.68117577057853,0.0,130.68117577057853,130.68117577057853,130.42,0.26117577057854646,0.2002574532882583,05 가정용품 및 가사 서비스
E011080,싱크대,A,1.3,비계절ETS,158.32774257719566,0.8771144226887438,157.80147392358242,157.80147392358242,157.43,0.37147392358241405,0.2359613311201258,05 가정용품 및 가사 서비스
E021010,침구,A,2.6,비계절ETS,117.22091767103312,0.1840179542763683,117.11050689846728,117.11050689846728,117.05,0.06050689846728119,0.0516932067212996,05 가정용품 및 가사 서비스
E021020,커튼,A,0.4,비계절ETS,107.97533851535636,0.0,107.97533851535636,107.97533851535636,108.93,-0.9546614846436512,-0.8763990495213909,05 가정용품 및 가사 서비스
E031010,전기밥솥,A,0.5,비계절ETS,98.06448129810572,0.0,98.06448129810572,98.06448129810572,98.26,-0.19551870189428655,-0.19898097078596227,05 가정용품 및 가사 서비스
E031020,가스레인지,A,0.4,비계절ETS,105.7502317953139,0.0,105.7502317953139,105.7502317953139,106.61,-0.8597682046861053,-0.8064611243655428,05 가정용품 및 가사 서비스
E031030,전자레인지,A,0.1,비계절ETS,107.09129764600893,-1.5327438834325473,108.01094397606846,108.01094397606846,106.32,1.6909439760684677,1.5904288713962262,05 가정용품 및 가사 서비스
E031040,전기레인지,A,0.2,비계절ETS,99.33387378173413,-0.3301329153227452,99.53195353092778,99.53195353092778,104.17,-4.638046469072222,-4.452382134081042,05 가정용품 및 가사 서비스
E031050,냉장고,A,2.4,비계절ETS,99.527004355957,0.0,99.527004355957,99.527004355957,100.94,-1.4129956440429936,-1.3998371746017373,05 가정용품 및 가사 서비스
E031060,김치냉장고,A,1.1,비계절ETS,111.00510684530006,-0.4805355845571384,111.29342819603434,111.29342819603434,111.04,0.253428196034335,0.2282314445554169,05 가정용품 및 가사 서비스
E031070,에어컨,A,1.5,비계절ETS,121.59532921556443,-1.5060693229046769,122.49897080930724,122.49897080930724,116.34,6.158970809307235,5.293940870987824,05 가정용품 및 가사 서비스
E031080,선풍기,A,0.4,비계절ETS,90.7389797416076,0.0,90.7389797416076,90.7389797416076,89.3,1.4389797416075965,1.6113994866826389,05 가정용품 및 가사 서비스
E031090,공기청정기,A,0.6,비계절ETS,91.803084720357,0.0,91.803084720357,91.803084720357,91.22,0.5830847203570073,0.6392071040966973,05 가정용품 및 가사 서비스
E031100,세탁기,A,1.0,비계절ETS,103.3142954169386,-0.5704122784611153,103.65654278401529,103.65654278401529,102.99,0.6665427840152915,0.647191750670251,05 가정용품 및 가사 서비스
E031110,의류건조기,A,1.1,비계절ETS,111.89909394327267,0.0,111.89909394327267,111.89909394327267,111.98,-0.0809060567273292,-0.07225045251592177,05 가정용품 및 가사 서비스
E031120,식기세척기,A,0.2,비계절ETS,101.718073480237,0.0,101.718073480237,101.718073480237,101.69,0.02807348023699774,0.027606923234337433,05 가정용품 및 가사 서비스
E031130,청소기,A,1.1,비계절ETS,98.60415189245234,0.0,98.60415189245234,98.60415189245234,100.26,-1.6558481075476692,-1.651554066973538,05 가정용품 및 가사 서비스
E031140,소형주방가전,A,0.8,비계절ETS,113.1145931513568,0.0,113.1145931513568,113.1145931513568,119.67,-6.555406848643202,-5.4779032745409895,05 가정용품 및 가사 서비스
E031150,보온매트,A,0.4,비계절ETS,114.89455771279736,0.0,114.89455771279736,114.89455771279736,114.83,0.06455771279736666,0.0562202497582223,05 가정용품 및 가사 서비스
E032010,가전제품수리비,A,2.4,비계절ETS,161.9894805142925,0.0,161.9894805142925,161.9894805142925,161.24,0.7494805142924861,0.46482294361975074,05 가정용품 및 가사 서비스
E032020,가전제품렌탈비,A,2.5,비계절ETS,97.2140710416646,0.0,97.2140710416646,97.2140710416646,97.21,0.0040710416646021486,0.004187883617531272,05 가정용품 및 가사 서비스
E041010,식기,A,0.8,비계절ETS,129.10328398558494,0.0,129.10328398558494,129.10328398558494,133.83,-4.726716014415075,-3.5318807549989346,05 가정용품 및 가사 서비스
E041020,컵,A,0.5,비계절ETS,106.91834511491696,0.0,106.91834511491696,106.91834511491696,108.11,-1.1916548850830395,-1.1022614791259269,05 가정용품 및 가사 서비스
E041030,솥,A,0.2,비계절ETS,122.20046502418036,0.0,122.20046502418036,122.20046502418036,126.83,-4.629534975819638,-3.650189210612346,05 가정용품 및 가사 서비스
E041040,프라이팬,A,0.6,비계절ETS,132.25495693777785,0.0,132.25495693777785,132.25495693777785,130.74,1.5149569377778391,1.1587554977649068,05 가정용품 및 가사 서비스
E041050,냄비,A,0.5,비계절ETS,129.55894120334438,0.0,129.55894120334438,129.55894120334438,127.11,2.4489412033443756,1.9266314242344236,05 가정용품 및 가사 서비스
E041060,수저,A,0.3,비계절ETS,114.63829131709149,0.0,114.63829131709149,114.63829131709149,115.75,-1.1117086829085139,-0.960439466875606,05 가정용품 및 가사 서비스
E041070,밀폐용기,A,0.7,비계절ETS,126.28489039596154,0.0,126.28489039596154,126.28489039596154,124.4,1.8848903959615342,1.5151852057568602,05 가정용품 및 가사 서비스
E041080,부엌용용구,A,0.4,비계절ETS,129.8183588176978,-1.689463950877948,130.83203718822458,130.83203718822458,130.14,0.6920371882245888,0.5317636301095657,05 가정용품 및 가사 서비스
E051010,보일러,A,1.5,비계절ETS,120.3668583492978,0.0,120.3668583492978,120.3668583492978,121.0,-0.6331416507021999,-0.5232575625638015,05 가정용품 및 가사 서비스
E051020,건전지,A,0.3,비계절ETS,150.60569875405605,0.0,150.60569875405605,150.60569875405605,149.96,0.6456987540560419,0.4305806575460402,05 가정용품 및 가사 서비스
E051030,소형가사용품,A,1.3,비계절ETS,118.4993733409928,0.0,118.4993733409928,118.4993733409928,118.81,-0.3106266590071982,-0.26144824426159263,05 가정용품 및 가사 서비스
E061010,세탁세제,A,1.7,비계절ETS,127.9609448698091,0.0,127.9609448698091,127.9609448698091,128.21,-0.24905513019091075,-0.19425561983535664,05 가정용품 및 가사 서비스
E061020,섬유유연제,A,0.1,비계절ETS,154.32476020584798,0.0,154.32476020584798,154.32476020584798,156.03,-1.7052397941520212,-1.0928922605601623,05 가정용품 및 가사 서비스
E061030,전구,A,0.2,비계절ETS,109.541108741287,0.0,109.541108741287,109.541108741287,110.89,-1.348891258712996,-1.216422814242038,05 가정용품 및 가사 서비스
E061040,부엌용세제,A,0.6,비계절ETS,122.8303669670782,0.0,122.8303669670782,122.8303669670782,122.86,-0.029633032921793756,-0.024119349602632068,05 가정용품 및 가사 서비스
E061050,청소용세제,A,0.2,비계절ETS,139.98558473370608,0.0,139.98558473370608,139.98558473370608,142.4,-2.414415266293929,-1.695516338689557,05 가정용품 및 가사 서비스
E061060,살충제,A,0.3,비계절ETS,131.92870134371483,0.0,131.92870134371483,131.92870134371483,131.12,0.80870134371483,0.6167642950845257,05 가정용품 및 가사 서비스
E061070,가정용비닐용품,A,0.6,비계절ETS,154.94013446884995,0.0,154.94013446884995,154.94013446884995,158.56,-3.6198655311500545,-2.282962620553768,05 가정용품 및 가사 서비스
E061080,키친타월,A,1.0,비계절ETS,135.02782500044154,0.0,135.02782500044154,135.02782500044154,136.86,-1.8321749995584753,-1.338722051409086,05 가정용품 및 가사 서비스
E061090,방향제,A,0.3,비계절ETS,133.43665220108733,0.0,133.43665220108733,133.43665220108733,133.78,-0.3433477989126743,-0.2566510681063494,05 가정용품 및 가사 서비스
E061100,습기제거제,A,0.1,비계절ETS,145.7915131877434,0.0,145.7915131877434,145.7915131877434,143.61,2.181513187743377,1.519053817800555,05 가정용품 및 가사 서비스
E062010,가사도우미료,A,2.4,비계절ETS,124.04834178493256,0.0,124.04834178493256,124.04834178493256,123.91,0.13834178493256388,0.111646989696202,05 가정용품 및 가사 서비스
E062020,간병도우미료,A,2.6,비계절ETS,145.54511953628707,0.0,145.54511953628707,145.54511953628707,145.36,0.18511953628706124,0.12735246029654734,05 가정용품 및 가사 서비스
F011010,감기약,A,0.4,비계절ETS,128.49480689269754,0.0,128.49480689269754,128.49480689269754,128.41,0.08480689269754293,0.0660438382505591,06 보건
F011020,진통제,A,0.4,비계절ETS,120.27580340610936,0.0,120.27580340610936,120.27580340610936,119.98,0.29580340610935707,0.24654392907931078,06 보건
F011030,소화제,A,0.3,비계절ETS,123.36347059122888,0.0,123.36347059122888,123.36347059122888,123.42,-0.056529408771126555,-0.04580247024074425,06 보건
F011040,위장약,A,0.2,비계절ETS,108.03762696575517,-0.1180940498692137,108.1084833956767,108.1084833956767,108.16,-0.05151660432329663,-0.04762999660068106,06 보건
F011050,진해거담제,A,0.2,비계절ETS,115.23549184040836,0.0,115.23549184040836,115.23549184040836,115.11,0.12549184040835826,0.10901906038429177,06 보건
F011060,소염진통제,A,0.6,비계절ETS,115.43748688813646,0.0,115.43748688813646,115.43748688813646,115.54,-0.10251311186354428,-0.08872521366067533,06 보건
F011070,피부질환제,A,0.3,비계절ETS,115.2846059553115,0.0,115.2846059553115,115.2846059553115,115.42,-0.13539404468849625,-0.11730553170030866,06 보건
F011080,치과구강용약,A,0.3,비계절ETS,111.86859842817492,0.0,111.86859842817492,111.86859842817492,112.06,-0.19140157182508233,-0.17080275908003062,06 보건
F011090,조제약,A,5.8,비계절ETS,92.403317127532,0.0,92.403317127532,92.403317127532,92.45,-0.04668287246799707,-0.05049526497349602,06 보건
F011100,한방약,A,2.7,비계절ETS,134.5167365126964,0.0,134.5167365126964,134.5167365126964,134.43,0.08673651269640459,0.06452169359250509,06 보건
F011110,인삼,A,0.3,비계절ETS,130.73011700003414,-1.2686540136489814,131.49130940822354,131.49130940822354,130.61,0.8813094082235295,0.674764113179335,06 보건
F011120,홍삼,A,1.1,비계절ETS,108.8081378706668,0.0,108.8081378706668,108.8081378706668,111.11,-2.301862129333202,-2.0716966333662152,06 보건
F011130,비타민제,A,1.2,비계절ETS,113.4491489193702,-0.1392486743205196,113.53269812396252,113.53269812396252,113.58,-0.04730187603747993,-0.04164630748149316,06 보건
F011140,건강기능식품,A,6.5,비계절ETS,102.69047212125416,0.1067084609900964,102.6264470446601,102.6264470446601,102.68,-0.05355295533991011,-0.05215519608483649,06 보건
F011150,유산균,A,1.2,비계절ETS,101.19286160941586,0.0,101.19286160941586,101.19286160941586,90.83,10.362861609415859,11.409073664445513,06 보건
F011160,병원약품,A,3.5,비계절ETS,92.15845537700892,0.0,92.15845537700892,92.15845537700892,92.24,-0.08154462299107479,-0.08840483845519817,06 보건
F012010,종이기저귀,A,1.4,비계절ETS,116.7813950970564,0.0,116.7813950970564,116.7813950970564,116.96,-0.1786049029435901,-0.1527059703690066,06 보건
F012020,생리대,A,1.0,비계절ETS,109.85543806424342,0.0,109.85543806424342,109.85543806424342,111.64,-1.7845619357565852,-1.5984968969514377,06 보건
F012030,마스크,A,1.6,비계절ETS,70.81494049509347,0.0,70.81494049509347,70.81494049509347,70.36,0.45494049509346723,0.6465896746638249,06 보건
F012040,반창고,A,0.1,비계절ETS,103.28274373579283,-0.1722990410350178,103.38612316041385,103.38612316041385,103.24,0.14612316041385043,0.14153735026525616,06 보건
F012050,안경,A,1.0,비계절ETS,101.88077180909072,0.0,101.88077180909072,101.88077180909072,101.91,-0.029228190909279306,-0.0286803953579426,06 보건
F012060,콘택트렌즈,A,1.4,비계절ETS,106.13260300676332,0.0,106.13260300676332,106.13260300676332,106.05,0.08260300676332122,0.07789062401067536,06 보건
F012070,의료측정기,A,0.2,비계절ETS,99.5886501985322,0.0,99.5886501985322,99.5886501985322,99.72,-0.13134980146779185,-0.1317186135858322,06 보건
F012080,보청기,A,0.6,비계절ETS,102.9145091646133,0.0,102.9145091646133,102.9145091646133,102.88,0.03450916461331133,0.033543122680123764,06 보건
F012090,건강기기렌탈비,A,1.5,비계절ETS,118.10175683092083,0.0,118.10175683092083,118.10175683092083,119.94,-1.8382431690791634,-1.5326356253786588,06 보건
F012100,치료재료,A,1.5,비계절ETS,101.86998543108656,0.0,101.86998543108656,101.86998543108656,101.87,-1.4568913442758458e-05,-1.4301475844466925e-05,06 보건
F021020,건강검진비,A,1.2,비계절ETS,108.70398943735452,-0.1613616857147401,108.80080644878336,108.80080644878336,108.62,0.1808064487833576,0.16645778750078954,06 보건
F022020,치과보철료,A,6.8,비계절ETS,107.2756303261021,-0.2608982565202993,107.43216928001428,107.43216928001428,107.4,0.03216928001427277,0.02995277468740481,06 보건
F031020,병원검사료,A,1.1,비계절ETS,63.443930337595184,0.0,63.443930337595184,63.443930337595184,63.4,0.043930337595185165,0.06929075330470846,06 보건
G011010,소형승용차,A,1.0,비계절ETS,107.95722222054503,0.0,107.95722222054503,107.95722222054503,108.02,-0.06277777945496155,-0.058116811196964956,07 교통
G011020,중형승용차,A,1.0,비계절ETS,104.29611082458966,0.0,104.29611082458966,104.29611082458966,104.4,-0.10388917541034459,-0.09951070441603888,07 교통
G011030,대형승용차,A,3.2,비계절ETS,115.41101921630492,0.0,115.41101921630492,115.41101921630492,115.49,-0.07898078369507289,-0.06838755190498995,07 교통
G011040,경승용차,A,0.6,비계절ETS,108.25491598226488,0.0,108.25491598226488,108.25491598226488,108.35,-0.09508401773511821,-0.08775636154602512,07 교통
G011050,다목적승용차,A,7.7,비계절ETS,112.91189495792273,0.0,112.91189495792273,112.91189495792273,113.41,-0.49810504207727035,-0.43920733804538437,07 교통
G011060,수입승용차,A,9.3,비계절ETS,107.4319382553574,0.0,107.4319382553574,107.4319382553574,107.62,-0.18806174464261005,-0.17474609240160754,07 교통
G011070,전기동력차,A,5.1,비계절ETS,106.24511997230783,0.0,106.24511997230783,106.24511997230783,109.75,-3.5048800276921668,-3.193512553705847,07 교통
G011080,자전거,A,0.5,비계절ETS,139.33640784367535,-0.4198931739980433,139.58834374807418,139.58834374807418,139.28,0.3083437480741793,0.22138408104119708,07 교통
G022010,자동차용품,A,0.9,비계절ETS,116.58722594287704,-0.2401071176260458,116.73129021345268,116.73129021345268,116.83,-0.09870978654731744,-0.084490102325873,07 교통
G022020,블랙박스,A,0.2,비계절ETS,102.11112570918176,-0.3583014395286241,102.32610657289894,102.32610657289894,103.0,-0.6738934271010635,-0.654265463204916,07 교통
G022030,자동차타이어,A,0.9,비계절ETS,121.11145378806152,0.0,121.11145378806152,121.11145378806152,121.04,0.07145378806151825,0.05903320229801573,07 교통
G022040,자동차수리비,A,6.3,비계절ETS,125.2934859721976,0.0,125.2934859721976,125.2934859721976,124.95,0.34348597219759824,0.2748987372529798,07 교통
G022050,엔진오일교체료,A,1.0,비계절ETS,157.25218537701505,0.0,157.25218537701505,157.25218537701505,157.99,-0.7378146229849563,-0.46700083738524983,07 교통
G022060,세차료,A,0.5,비계절ETS,141.38911327549448,0.0,141.38911327549448,141.38911327549448,141.32,0.06911327549448743,0.048905516200458125,07 교통
G023010,자동차학원비,A,0.5,비계절ETS,116.3932145206337,0.0,116.3932145206337,116.3932145206337,116.24,0.15321452063371055,0.1318087754935569,07 교통
G023020,주차료,A,1.2,비계절ETS,113.12537820646682,0.099762717764681,113.065520575808,113.065520575808,113.03,0.03552057580799328,0.031425794751829855,07 교통
G023040,승용차임차료,B,3.2,계절ETS,91.44460277538732,0.0,91.44460277538732,91.44460277538732,107.27,-15.825397224612672,-14.752864011012093,07 교통
G023050,대리운전이용료,A,0.4,비계절ETS,138.59830993467037,0.0,138.59830993467037,138.59830993467037,138.41,0.1883099346703716,0.1360522611591443,07 교통
G023060,자동차검사료,A,0.3,비계절ETS,100.0,0.0,100.0,100.0,100.0,0.0,0.0,07 교통
G033010,국내항공료,B,1.0,계절ETS,137.98754024782886,0.0,137.98754024782886,137.98754024782886,127.97,10.017540247828862,7.82803801502607,07 교통
G033030,여객선료,A,0.2,비계절ETS,131.64231119559136,0.0,131.64231119559136,131.64231119559136,133.09,-1.4476888044086422,-1.0877517502506893,07 교통
G034010,이삿짐운송료,A,1.0,비계절ETS,136.798733368454,0.0,136.798733368454,136.798733368454,136.92,-0.1212666315459785,-0.08856750770229221,07 교통
G034020,택배이용료,A,1.9,비계절ETS,114.67390166178404,0.0,114.67390166178404,114.67390166178404,114.65,0.023901661784037742,0.02084750264634779,07 교통
H021010,휴대전화기,A,10.4,비계절ETS,101.70097854756834,-0.4010490890498441,101.94160800099824,101.94160800099824,103.88,-1.9383919990017517,-1.8659915277259835,08 통신
H031040,휴대전화기수리비,A,0.4,비계절ETS,107.77495972153062,0.0,107.77495972153062,107.77495972153062,110.79,-3.0150402784693853,-2.721401099800871,08 통신
I011010,TV,A,1.9,비계절ETS,88.15462067341487,-1.171440363524065,88.85748489152931,88.85748489152931,88.06,0.797484891529308,0.905615366260854,09 오락 및 문화
I011020,영상음향기기,A,0.9,비계절ETS,100.18720053874124,0.0,100.18720053874124,100.18720053874124,100.14,0.04720053874123664,0.047134550370717634,09 오락 및 문화
I012010,컴퓨터,A,3.0,비계절ETS,117.01897372545972,0.0,117.01897372545972,117.01897372545972,116.31,0.7089737254597139,0.60955526219561,09 오락 및 문화
I012020,컴퓨터수리비,A,0.1,비계절ETS,208.18091607030087,0.0,208.18091607030087,208.18091607030087,206.85,1.3309160703008729,0.6434208703412486,09 오락 및 문화
I012030,휴대용멀티미디어기기,A,1.2,비계절ETS,149.9974920586041,0.0,149.9974920586041,149.9974920586041,149.78,0.21749205860410825,0.1452076769956658,09 오락 및 문화
I012040,컴퓨터소모품,A,0.7,비계절ETS,127.7751882025858,0.1051736770564441,127.71208399635194,127.71208399635194,127.46,0.2520839963519421,0.19777498536948226,09 오락 및 문화
I012050,저장장치,A,0.1,비계절ETS,214.8948060901137,0.0,214.8948060901137,214.8948060901137,211.8,3.0948060901136785,1.4611926771074968,09 오락 및 문화
I021010,악기,A,0.3,비계절ETS,106.54172278880012,0.0,106.54172278880012,106.54172278880012,107.69,-1.1482772111998827,-1.0662802592625895,09 오락 및 문화
I021020,헬스기구,A,1.1,비계절ETS,116.04417600583326,0.0,116.04417600583326,116.04417600583326,112.99,3.05417600583327,2.7030498325809984,09 오락 및 문화
I031010,장난감,A,2.9,비계절ETS,101.40447233331628,-0.1758878776121903,101.5100050598836,101.5100050598836,101.52,-0.009994940116399675,-0.009845291682820799,09 오락 및 문화
I031020,레저용품,A,1.6,비계절ETS,112.94932781914557,-0.1979725650427374,113.0681113581712,113.0681113581712,113.03,0.03811135817119293,0.033717913979645166,09 오락 및 문화
I031030,운동용품,A,2.1,비계절ETS,105.7085020945722,0.0,105.7085020945722,105.7085020945722,105.06,0.6485020945721942,0.6172683176967392,09 오락 및 문화
I031040,화초,A,0.7,비계절ETS,136.4300000976026,0.0,136.4300000976026,136.4300000976026,137.66,-1.2299999023973953,-0.893505667875487,09 오락 및 문화
I031050,원예용품,A,0.4,비계절ETS,121.17193914097614,0.0,121.17193914097614,121.17193914097614,121.22,-0.048060859023863145,-0.03964763159863318,09 오락 및 문화
I031060,반려동물용품,A,3.3,비계절ETS,123.15408971876327,0.0,123.15408971876327,123.15408971876327,123.88,-0.7259102812367217,-0.5859785931843088,09 오락 및 문화
I031070,반려동물관리비,A,2.6,비계절ETS,115.40722139673488,-0.1787455696801577,115.51446873854296,115.51446873854296,115.36,0.15446873854295973,0.13390147238467384,09 오락 및 문화
I041010,수영장이용료,A,0.2,비계절ETS,114.2950009243212,0.0,114.2950009243212,114.2950009243212,114.14,0.15500092432120027,0.13579895244541815,09 오락 및 문화
I041020,볼링장이용료,A,0.2,비계절ETS,109.90170742712276,0.0,109.90170742712276,109.90170742712276,109.84,0.06170742712275512,0.05617937647738084,09 오락 및 문화
I041030,헬스클럽이용료,A,1.5,비계절ETS,109.13610718255411,0.0,109.13610718255411,109.13610718255411,108.79,0.3461071825541069,0.3181424602942429,09 오락 및 문화
I041040,골프연습장이용료,A,2.3,비계절ETS,103.96576146119764,0.0791551202027894,103.91826838907598,103.91826838907598,103.74,0.1782683890759813,0.17184151636396888,09 오락 및 문화
I041050,골프장이용료,A,3.0,비계절ETS,120.89638350620748,0.0,120.89638350620748,120.89638350620748,119.78,1.1163835062074838,0.9320283070691967,09 오락 및 문화
I041060,당구장이용료,A,0.5,비계절ETS,109.10833825528864,0.0,109.10833825528864,109.10833825528864,109.05,0.058338255288646224,0.05349679531283469,09 오락 및 문화
I041070,노래방이용료,A,0.5,비계절ETS,123.5853258696335,0.0,123.5853258696335,123.5853258696335,123.63,-0.04467413036650214,-0.03613534770403797,09 오락 및 문화
I041080,PC방이용료,A,0.3,비계절ETS,115.98659016976016,0.0,115.98659016976016,115.98659016976016,116.11,-0.12340983023983654,-0.10628699529742187,09 오락 및 문화
I041090,놀이시설이용료,A,2.3,비계절ETS,129.31251616544475,-1.8739161580255868,130.4368658602601,130.4368658602601,129.41,1.0268658602601022,0.7934980760838437,09 오락 및 문화
I041100,운동경기관람료,A,0.2,비계절ETS,133.77913198873236,0.0,133.77913198873236,133.77913198873236,133.35,0.42913198873236524,0.32180876545359227,09 오락 및 문화
I042010,영화관람료,A,1.0,비계절ETS,128.81002998546916,0.0,128.81002998546916,128.81002998546916,128.81,2.998546915478073e-05,2.3278836390637938e-05,09 오락 및 문화
I042020,공연예술관람료,A,0.7,비계절ETS,116.0618615456208,0.0,116.0618615456208,116.0618615456208,115.97,0.09186154562080162,0.07921147333000053,09 오락 및 문화
I042030,관람시설이용료,A,0.6,비계절ETS,111.5029769148456,0.0,111.5029769148456,111.5029769148456,111.64,-0.13702308515439654,-0.12273655065782564,09 오락 및 문화
I042040,독서실비,A,0.8,비계절ETS,98.93662196441932,0.0,98.93662196441932,98.93662196441932,98.72,0.2166219644193177,0.21943067708601874,09 오락 및 문화
I042050,문화강습료,A,0.9,비계절ETS,117.61072739267507,0.0,117.61072739267507,117.61072739267507,117.32,0.2907273926750804,0.24780718775577942,09 오락 및 문화
I042060,온라인콘텐츠이용료,A,8.0,비계절ETS,111.55872815790212,0.1047055264922628,111.49590484200677,111.49590484200677,111.47,0.025904842006767126,0.023239294883616333,09 오락 및 문화
I042080,사진서비스료,A,1.7,비계절ETS,126.34116317994346,0.0,126.34116317994346,126.34116317994346,126.13,0.211163179943469,0.1674170934301665,09 오락 및 문화
I051010,유아용학습교재,A,0.3,비계절ETS,115.53543655375334,0.0624927820950939,115.49794088449627,115.49794088449627,115.46,0.03794088449627964,0.03286063095122089,09 오락 및 문화
I051020,초등학교학습서,A,0.6,비계절ETS,111.44321061246708,0.0,111.44321061246708,111.44321061246708,112.41,-0.9667893875329128,-0.8600563895853685,09 오락 및 문화
I051030,중학교학습서,A,0.6,비계절ETS,119.8452379384333,0.0,119.8452379384333,119.8452379384333,119.77,0.07523793843330395,0.06281868450639054,09 오락 및 문화
I051040,고등학교학습서,A,0.6,비계절ETS,140.41660834300774,0.0,140.41660834300774,140.41660834300774,139.9,0.5166083430077322,0.36926972337936537,09 오락 및 문화
I051050,대학교재,A,0.2,비계절ETS,103.16346789072954,0.1362835201452578,103.08169777864238,103.08169777864238,103.13,-0.048302221357616304,-0.046836246831781544,09 오락 및 문화
I051060,서적,A,1.5,비계절ETS,113.52482541932136,0.0,113.52482541932136,113.52482541932136,102.59,10.934825419321356,10.658763446068189,09 오락 및 문화
I052010,신문,A,0.4,비계절ETS,120.4452596361021,0.0767134197266017,120.39923158426612,120.39923158426612,120.37,0.02923158426611394,0.024284775497311575,09 오락 및 문화
I053010,종이문구,A,0.5,비계절ETS,125.65496602818156,0.0,125.65496602818156,125.65496602818156,125.31,0.34496602818155964,0.2752901030895855,09 오락 및 문화
I053020,기타문구,A,0.1,비계절ETS,130.57341715030353,-0.5017982625660574,130.87449610784316,130.87449610784316,131.05,-0.17550389215685414,-0.1339213217526548,09 오락 및 문화
I053030,필기구,A,0.4,비계절ETS,118.0105945593535,-0.2290967590619791,118.1480526147907,118.1480526147907,118.11,0.038052614790700545,0.03221794495868305,09 오락 및 문화
I053040,회화용구,A,0.2,비계절ETS,118.79835009916302,0.0,118.79835009916302,118.79835009916302,118.85,-0.051649900836977736,-0.04345805707781046,09 오락 및 문화
I061010,국내단체여행비,A,2.0,비계절ETS,132.52210421233423,0.0,132.52210421233423,132.52210421233423,138.29,-5.767895787665765,-4.17086975751375,09 오락 및 문화
I061020,해외단체여행비,A,5.5,비계절ETS,135.76251697629587,0.0,135.76251697629587,135.76251697629587,130.06,5.702516976295868,4.384527891969759,09 오락 및 문화
J041010,초등학생학원비,A,7.6,비계절ETS,112.6568981496294,0.0,112.6568981496294,112.6568981496294,112.63,0.02689814962940318,0.023881869510257638,10 교육
J041020,중학생학원비,A,13.8,비계절ETS,111.96368741891584,0.0,111.96368741891584,111.96368741891584,111.92,0.043687418915837384,0.03903450582187043,10 교육
J041030,고등학생학원비,A,13.8,비계절ETS,109.66959953685672,-0.1208016639830233,109.74208053524654,109.74208053524654,109.54,0.20208053524653735,0.1844810436795119,10 교육
J041040,음악학원비,A,3.0,비계절ETS,120.45771444206808,0.0,120.45771444206808,120.45771444206808,120.3,0.15771444206808383,0.1311009493500281,10 교육
J041050,미술학원비,A,2.6,비계절ETS,121.31432878798827,0.0,121.31432878798827,121.31432878798827,121.21,0.10432878798827971,0.08607275636356712,10 교육
J041060,운동학원비,A,5.7,비계절ETS,125.12730419683233,0.0,125.12730419683233,125.12730419683233,124.96,0.16730419683233322,0.13388620105020266,10 교육
J041070,전산학원비,A,0.5,비계절ETS,115.28197557708764,0.1071549303169116,115.21768261889748,115.21768261889748,115.25,-0.032317381102515697,-0.028041111585696915,10 교육
J041080,가정학습지,A,3.5,비계절ETS,124.56649253307158,0.0,124.56649253307158,124.56649253307158,124.33,0.23649253307158347,0.19021357119889284,10 교육
J041090,이러닝이용료,A,0.7,비계절ETS,115.60794593079926,0.0,115.60794593079926,115.60794593079926,115.57,0.03794593079926756,0.032833720515071003,10 교육
J041100,학교보충교육비,A,1.4,비계절ETS,106.1938953305242,0.0,106.1938953305242,106.1938953305242,106.16,0.033895330524202905,0.031928532897704316,10 교육
J041110,기타학원비,A,0.2,비계절ETS,109.12147152050838,0.0,109.12147152050838,109.12147152050838,109.09,0.03147152050837576,0.02884913420879619,10 교육
J042010,취업학원비,A,2.0,비계절ETS,108.64511367289388,0.0,108.64511367289388,108.64511367289388,108.69,-0.044886327106112844,-0.0412975684111812,10 교육
J042020,외국어학원비,A,0.5,비계절ETS,115.8338371871586,0.0,115.8338371871586,115.8338371871586,115.92,-0.08616281284140825,-0.07432954868996572,10 교육
J042030,운동강습료,A,3.7,비계절ETS,110.42354728383556,0.0,110.42354728383556,110.42354728383556,110.39,0.03354728383555994,0.030389785157677273,10 교육
K011010,김치찌개백반,A,4.8,비계절ETS,131.40121921837218,0.0,131.40121921837218,131.40121921837218,131.51,-0.10878078162781435,-0.08271673760764531,11 음식 및 숙박
K011020,된장찌개백반,A,4.3,비계절ETS,130.56597097162603,0.0,130.56597097162603,130.56597097162603,130.37,0.19597097162602495,0.15031907005141132,11 음식 및 숙박
K011030,비빔밥,A,2.4,비계절ETS,133.36570163180494,0.0,133.36570163180494,133.36570163180494,133.55,-0.18429836819507273,-0.13799952691506753,11 음식 및 숙박
K011040,설렁탕,A,2.0,비계절ETS,131.35712143927262,0.0,131.35712143927262,131.35712143927262,131.42,-0.06287856072736986,-0.04784550352105453,11 음식 및 숙박
K011050,갈비탕,A,2.2,비계절ETS,137.38737140235207,0.0,137.38737140235207,137.38737140235207,137.51,-0.12262859764791756,-0.08917794898401393,11 음식 및 숙박
K011060,삼계탕,A,2.2,비계절ETS,127.4818936018161,-0.1391221387606786,127.5653668850725,127.5653668850725,126.94,0.6253668850725091,0.4926476170415229,11 음식 및 숙박
K011070,해물찜,A,4.1,비계절ETS,118.07639111699648,0.0,118.07639111699648,118.07639111699648,118.3,-0.22360888300352144,-0.18901849788970537,11 음식 및 숙박
K011080,해장국,A,5.0,비계절ETS,135.12032701862697,0.0,135.12032701862697,135.12032701862697,134.95,0.17032701862697763,0.1262149082082087,11 음식 및 숙박
K011090,불고기,A,1.1,비계절ETS,125.72990594141598,0.0,125.72990594141598,125.72990594141598,125.69,0.039905941415980806,0.031749495915332014,11 음식 및 숙박
K011100,쇠고기(외식),A,8.3,비계절ETS,123.09719609557936,0.0,123.09719609557936,123.09719609557936,122.66,0.4371960955793668,0.3564292316805534,11 음식 및 숙박
K011110,돼지갈비(외식),A,6.1,비계절ETS,127.90185009100485,0.0,127.90185009100485,127.90185009100485,128.0,-0.09814990899515408,-0.07667961640246412,11 음식 및 숙박
K011120,삼겹살(외식),A,7.2,비계절ETS,125.91727208327212,0.0,125.91727208327212,125.91727208327212,126.09,-0.17272791672787946,-0.13698779976832376,11 음식 및 숙박
K011130,오리고기(외식),A,1.5,비계절ETS,126.50901599768154,0.0,126.50901599768154,126.50901599768154,126.5,0.009015997681544263,0.007127270894501395,11 음식 및 숙박
K011140,냉면,A,2.4,비계절ETS,132.42497033938096,0.0,132.42497033938096,132.42497033938096,132.37,0.05497033938095797,0.0415277928389801,11 음식 및 숙박
K011150,칼국수,A,2.7,비계절ETS,134.08388873345402,0.0,134.08388873345402,134.08388873345402,133.95,0.13388873345402885,0.09995426163048068,11 음식 및 숙박
K011160,죽(외식),A,1.7,비계절ETS,126.9352884012482,0.0,126.9352884012482,126.9352884012482,127.78,-0.8447115987518004,-0.6610671456814841,11 음식 및 숙박
K011170,생선초밥,A,2.7,비계절ETS,120.94499191410024,0.0,120.94499191410024,120.94499191410024,120.65,0.29499191410023684,0.24450220812286516,11 음식 및 숙박
K011180,생선회(외식),A,10.3,비계절ETS,138.81466452770755,0.0,138.81466452770755,138.81466452770755,139.05,-0.2353354722924621,-0.16924521560047615,11 음식 및 숙박
K011190,자장면,A,2.2,비계절ETS,138.45642394620555,0.0,138.45642394620555,138.45642394620555,138.53,-0.07357605379445431,-0.05311200014036982,11 음식 및 숙박
K011200,짬뽕,A,2.4,비계절ETS,134.52692120489448,0.0,134.52692120489448,134.52692120489448,134.77,-0.2430787951055322,-0.18036565638163699,11 음식 및 숙박
K011210,탕수육,A,2.1,비계절ETS,124.39807419110468,0.0,124.39807419110468,124.39807419110468,124.83,-0.43192580889531484,-0.34601122237868687,11 음식 및 숙박
K011220,볶음밥,A,0.9,비계절ETS,133.1705983312361,0.0,133.1705983312361,133.1705983312361,133.32,-0.14940166876388616,-0.1120624578186965,11 음식 및 숙박
K011230,돈가스,A,2.2,비계절ETS,132.79209402403754,0.0,132.79209402403754,132.79209402403754,132.89,-0.09790597596244766,-0.07367444951647804,11 음식 및 숙박
K011240,스테이크,A,1.5,비계절ETS,121.87382634111428,0.0,121.87382634111428,121.87382634111428,121.94,-0.06617365888571669,-0.05426739288643324,11 음식 및 숙박
K011250,스파게티,A,1.5,비계절ETS,121.65903634216116,0.0,121.65903634216116,121.65903634216116,121.57,0.0890363421611653,0.07323874488867756,11 음식 및 숙박
K011260,라면(외식),A,0.7,비계절ETS,136.25622283540233,0.0,136.25622283540233,136.25622283540233,136.6,-0.34377716459766816,-0.2516670311842373,11 음식 및 숙박
K011270,김밥,A,3.4,비계절ETS,145.27195075869136,0.0,145.27195075869136,145.27195075869136,145.39,-0.1180492413086256,-0.0811948836292906,11 음식 및 숙박
K011280,떡볶이,A,3.1,비계절ETS,140.83105707893904,0.0,140.83105707893904,140.83105707893904,140.61,0.22105707893902604,0.15721291440084348,11 음식 및 숙박
K011290,치킨,A,8.6,비계절ETS,132.2575663167978,0.0,132.2575663167978,132.2575663167978,132.22,0.03756631679780753,0.028411977611410927,11 음식 및 숙박
K011300,햄버거,A,4.3,비계절ETS,142.35485845447812,0.0,142.35485845447812,142.35485845447812,141.81,0.544858454478117,0.3842172304337614,11 음식 및 숙박
K011310,피자,A,4.1,비계절ETS,119.68907897513654,0.0,119.68907897513654,119.68907897513654,119.68,0.009078975136532108,0.007586042059268138,11 음식 및 숙박
K011320,쌀국수,A,0.6,비계절ETS,130.71683517882664,0.0,130.71683517882664,130.71683517882664,130.7,0.01683517882665342,0.012880779515419603,11 음식 및 숙박
K011330,커피(외식),A,8.8,비계절ETS,111.69160072779955,0.0985022025182947,111.63249940628856,111.63249940628856,111.58,0.05249940628856109,0.047050910816061206,11 음식 및 숙박
K011340,기타음료(외식),A,0.5,비계절ETS,107.46800388755982,0.0,107.46800388755982,107.46800388755982,107.43,0.03800388755981032,0.03537548874598373,11 음식 및 숙박
K011350,소주(외식),A,2.5,비계절ETS,119.10065848548906,0.0,119.10065848548906,119.10065848548906,118.57,0.5306584854890701,0.44754869316780815,11 음식 및 숙박
K011360,맥주(외식),A,4.8,비계절ETS,121.22477487985198,0.0,121.22477487985198,121.22477487985198,120.83,0.3947748798519797,0.3267192583397995,11 음식 및 숙박
K011370,막걸리(외식),A,0.3,비계절ETS,120.67305966994311,0.0,120.67305966994311,120.67305966994311,120.63,0.04305966994311916,0.035695656091452505,11 음식 및 숙박
K011380,구내식당식사비,A,11.9,비계절ETS,127.01329229148364,0.0,127.01329229148364,127.01329229148364,126.79,0.22329229148363083,0.17611191062672987,11 음식 및 숙박
K011390,도시락,A,0.6,비계절ETS,146.38489546371147,0.0,146.38489546371147,146.38489546371147,145.69,0.6948954637114753,0.4769685384799748,11 음식 및 숙박
K021010,호텔숙박료,A,2.1,비계절ETS,140.9016294438621,0.0,140.9016294438621,140.9016294438621,155.9,-14.9983705561379,-9.62050709181392,11 음식 및 숙박
K021020,여관숙박료,A,1.5,비계절ETS,109.87184162522937,-0.2672057589847322,110.0321650806202,110.0321650806202,110.69,-0.6578349193797948,-0.5943038389915934,11 음식 및 숙박
K021030,콘도이용료,B,0.8,계절ETS,172.51072722470207,0.0,172.51072722470207,172.51072722470207,172.95,-0.43927277529792264,-0.2539883060410076,11 음식 및 숙박
K021040,학교기숙사비,A,0.9,비계절ETS,119.06015677117362,0.0,119.06015677117362,119.06015677117362,118.91,0.15015677117362713,0.12627766476631666,11 음식 및 숙박
K021050,휴양시설이용료,A,1.4,비계절ETS,124.0961743938717,0.0,124.0961743938717,124.0961743938717,132.23,-8.133825606128283,-6.151270971888591,11 음식 및 숙박
L011010,목욕료,A,0.6,비계절ETS,138.57551629410003,0.1150933610442876,138.50646027747345,138.50646027747345,138.83,-0.3235397225265615,-0.23304741232194875,12 기타 상품 및 서비스
L011020,찜질방이용료,A,0.6,비계절ETS,135.89249392526506,0.0,135.89249392526506,135.89249392526506,135.78,0.1124939252650563,0.08285014380988091,12 기타 상품 및 서비스
L011030,이발료,A,0.3,비계절ETS,120.35120355880608,0.0,120.35120355880608,120.35120355880608,120.25,0.1012035588060769,0.08416096366409721,12 기타 상품 및 서비스
L011040,미용료,A,7.3,비계절ETS,121.32740624434508,0.0,121.32740624434508,121.32740624434508,121.32,0.007406244345091295,0.006104718385337369,12 기타 상품 및 서비스
L011050,뷰티미용료,A,2.2,비계절ETS,122.06893840633552,0.0,122.06893840633552,122.06893840633552,122.25,-0.18106159366448082,-0.14810764307932991,12 기타 상품 및 서비스
L012010,면도기,A,0.4,비계절ETS,124.39581578721112,0.0,124.39581578721112,124.39581578721112,124.22,0.17581578721112123,0.14153581324353665,12 기타 상품 및 서비스
L012020,헤어드라이어,A,0.7,비계절ETS,117.2336655796926,0.0,117.2336655796926,117.2336655796926,121.65,-4.4163344203074075,-3.6303612168577124,12 기타 상품 및 서비스
L012030,칫솔,A,0.4,비계절ETS,105.05660609656354,-0.9334134723905194,105.61665417999784,105.61665417999784,99.88,5.736654179997842,5.743546435720708,12 기타 상품 및 서비스
L012040,치약,A,0.5,비계절ETS,117.16649894343188,0.0,117.16649894343188,117.16649894343188,113.57,3.5964989434318824,3.16676846300245,12 기타 상품 및 서비스
L012050,비누,A,0.3,비계절ETS,140.09931529769418,0.0,140.09931529769418,140.09931529769418,135.45,4.649315297694187,3.4324956055328073,12 기타 상품 및 서비스
L012060,샴푸,A,1.0,비계절ETS,143.02230185367588,0.6539999538811401,142.6299018813472,142.6299018813472,146.03,-3.4000981186528065,-2.3283558985501656,12 기타 상품 및 서비스
L012070,바디워시,A,0.5,비계절ETS,119.07015937226416,0.0,119.07015937226416,119.07015937226416,122.6,-3.5298406277358367,-2.879152224906882,12 기타 상품 및 서비스
L012080,화장지,A,1.3,비계절ETS,123.0822822204851,-0.8570072077339622,123.59648654512549,123.59648654512549,124.67,-1.073513454874515,-0.8610840257275327,12 기타 상품 및 서비스
L012090,기초화장품,A,4.5,비계절ETS,108.438142754005,0.0,108.438142754005,108.438142754005,108.72,-0.28185724599499906,-0.2592505941823023,12 기타 상품 및 서비스
L012100,기능성화장품,A,3.7,비계절ETS,131.36959298607175,0.0,131.36959298607175,131.36959298607175,129.75,1.6195929860717513,1.248241222405974,12 기타 상품 및 서비스
L012110,색조화장품,A,0.7,비계절ETS,109.33342868623603,0.0,109.33342868623603,109.33342868623603,108.23,1.103428686236029,1.0195220236866203,12 기타 상품 및 서비스
L012120,모발염색약,A,0.7,비계절ETS,129.82849554122996,0.0,129.82849554122996,129.82849554122996,132.59,-2.761504458770048,-2.082739617444791,12 기타 상품 및 서비스
L012130,구강세정제,A,0.2,비계절ETS,120.12726904452164,0.0,120.12726904452164,120.12726904452164,121.07,-0.9427309554783534,-0.7786660241829961,12 기타 상품 및 서비스
L021010,손목시계,A,0.6,비계절ETS,146.49380964395274,0.0,146.49380964395274,146.49380964395274,145.45,1.0438096439527556,0.7176415565161606,12 기타 상품 및 서비스
L021020,장신구,A,1.0,비계절ETS,119.9005099242826,0.0,119.9005099242826,119.9005099242826,120.67,-0.7694900757173997,-0.637681342270158,12 기타 상품 및 서비스
L021030,가방,A,2.7,비계절ETS,111.10551927543791,0.0862194311595203,111.0537876167422,111.0537876167422,110.94,0.11378761674220073,0.10256680795222708,12 기타 상품 및 서비스
L021040,핸드백,A,1.4,비계절ETS,115.48204174036604,0.0,115.48204174036604,115.48204174036604,115.44,0.04204174036604513,0.03641869401078061,12 기타 상품 및 서비스
L021050,우산,A,0.2,비계절ETS,107.2276103586406,0.0,107.2276103586406,107.2276103586406,107.4,-0.17238964135940194,-0.16051177035326064,12 기타 상품 및 서비스
L021060,유모차,A,0.2,비계절ETS,105.6491110620346,0.2971815500623478,105.4708021319972,105.4708021319972,105.79,-0.3191978680028029,-0.3017278268293817,12 기타 상품 및 서비스
L021070,선글라스,A,0.4,비계절ETS,102.82366731899968,0.0,102.82366731899968,102.82366731899968,103.16,-0.33633268100031444,-0.3260301289262451,12 기타 상품 및 서비스
L021080,지갑,A,0.5,비계절ETS,122.68999998810264,0.0,122.68999998810264,122.68999998810264,122.69,-1.1897355989276548e-08,-9.697086958412704e-09,12 기타 상품 및 서비스
L031010,산후조리원이용료,A,0.7,비계절ETS,128.5847844923241,0.0,128.5847844923241,128.5847844923241,128.46,0.12478449232409616,0.0971387920941119,12 기타 상품 및 서비스
L031040,보험서비스료,A,8.6,비계절ETS,217.5319901719664,0.0,217.5319901719664,217.5319901719664,215.81,1.7219901719664108,0.7979195458812895,12 기타 상품 및 서비스
L031050,자동차보험료,A,3.7,비계절ETS,94.9379822349045,0.0,94.9379822349045,94.9379822349045,94.93,0.007982234904488905,0.008408548303475092,12 기타 상품 및 서비스
L031060,금융수수료,A,0.2,비계절ETS,99.99931497468953,0.0,99.99931497468953,99.99931497468953,100.0,-0.0006850253104744297,-0.0006850253104744297,12 기타 상품 및 서비스
L031090,대입전형료,A,0.1,비계절ETS,101.7307203748236,0.0,101.7307203748236,101.7307203748236,101.74,-0.009279625176390027,-0.009120921148407733,12 기타 상품 및 서비스
L031100,시험응시료,A,0.4,비계절ETS,116.22148920752213,0.1304524047938097,116.14321776464584,116.14321776464584,116.55,-0.40678223535415725,-0.34901950695337386,12 기타 상품 및 서비스
L031110,장례비,A,2.6,비계절ETS,111.5678113287711,0.0,111.5678113287711,111.5678113287711,111.46,0.10781132877110622,0.09672647476323903,12 기타 상품 및 서비스
A013010,갈치,B,1.1,계절ETS,121.42970975385732,0.0,121.42970975385732,121.42970975385732,123.81,-2.3802902461426783,-1.922534727520134,01 식료품 및 비주류음료
A013020,명태,B,0.7,계절ETS,110.67218080880924,0.0,110.67218080880924,110.67218080880924,111.67,-0.9978191911907572,-0.8935427520289757,01 식료품 및 비주류음료
A013030,조기,B,0.9,계절ETS,134.4369268688711,0.0,134.4369268688711,134.4369268688711,133.07,1.3669268688711043,1.0272239188931422,01 식료품 및 비주류음료
A013040,고등어,B,2.0,계절ETS,133.63475463256978,0.0,133.63475463256978,133.63475463256978,138.11,-4.475245367430233,-3.2403485391573614,01 식료품 및 비주류음료
A013050,오징어,B,1.0,계절ETS,131.38425112634698,0.0,131.38425112634698,131.38425112634698,130.52,0.8642511263469714,0.6621599190522306,01 식료품 및 비주류음료
A013060,게,B,0.9,계절ETS,94.54903681552256,0.0,94.54903681552256,94.54903681552256,94.67,-0.12096318447744636,-0.1277735127046016,01 식료품 및 비주류음료
A013070,굴,B,0.4,계절ETS,114.08819054641096,0.0,114.08819054641096,114.08819054641096,115.11,-1.021809453589043,-0.8876808735896472,01 식료품 및 비주류음료
A013080,조개,B,0.6,계절ETS,121.9767889924766,0.0,121.9767889924766,121.9767889924766,121.79,0.1867889924765933,0.1533697286120316,01 식료품 및 비주류음료
A013090,전복,B,0.5,계절ETS,86.33652265595016,0.0,86.33652265595016,86.33652265595016,84.01,2.326522655950157,2.769340145161477,01 식료품 및 비주류음료
A013100,새우,B,0.7,계절ETS,126.1703531880883,-0.4961442315865814,126.46803972704024,126.46803972704024,124.62,1.8480397270402307,1.4829399189859016,01 식료품 및 비주류음료
A013130,낙지,B,0.5,계절ETS,126.17046861421892,0.0,126.17046861421892,126.17046861421892,126.2,-0.02953138578108394,-0.023400464168846228,01 식료품 및 비주류음료
A016010,사과,B,2.3,계절ETS,171.3001860356725,0.0,171.3001860356725,171.3001860356725,163.59,7.710186035672507,4.713115737925611,01 식료품 및 비주류음료
A016020,배,B,0.7,계절ETS,172.7390733536317,0.0,172.7390733536317,172.7390733536317,166.16,6.579073353631713,3.959480833914127,01 식료품 및 비주류음료
A016030,복숭아,B,1.0,계절ETS,148.06064394590382,0.0,148.06064394590382,148.06064394590382,135.83,12.230643945903807,9.004376018481782,01 식료품 및 비주류음료
A016040,포도,B,1.4,계절ETS,151.59776430888837,0.0,151.59776430888837,151.59776430888837,134.08,17.51776430888836,13.065158344934636,01 식료품 및 비주류음료
A016050,밤,B,0.2,계절ETS,113.68348442223294,0.0,113.68348442223294,113.68348442223294,112.83,0.8534844222329383,0.7564339468518464,01 식료품 및 비주류음료
A016060,감,B,0.5,계절ETS,120.90442123981656,0.0,120.90442123981656,120.90442123981656,119.01,1.8944212398165519,1.5918168555722645,01 식료품 및 비주류음료
A016070,귤,B,1.8,계절ETS,215.1657241949079,0.0,215.1657241949079,215.1657241949079,205.43,9.735724194907903,4.739193007305604,01 식료품 및 비주류음료
A016080,오렌지,B,0.4,계절ETS,121.307346289202,0.0,121.307346289202,121.307346289202,114.33,6.9773462892020035,6.10281316295111,01 식료품 및 비주류음료
A016090,참외,B,1.0,계절ETS,96.8364244171776,0.0,96.8364244171776,96.8364244171776,93.48,3.3564244171775925,3.5905267620641763,01 식료품 및 비주류음료
A016100,수박,B,1.0,계절ETS,162.0373545876966,0.0,162.0373545876966,162.0373545876966,145.98,16.057354587696608,10.999694881282785,01 식료품 및 비주류음료
A016110,딸기,B,1.5,계절ETS,98.2160386835701,0.0,98.2160386835701,98.2160386835701,92.4,5.816038683570099,6.294414159707899,01 식료품 및 비주류음료
A016120,바나나,B,0.8,계절ETS,110.83740853867732,1.7921640625050586,109.76211010117429,109.76211010117429,108.37,1.392110101174282,1.284589924494124,01 식료품 및 비주류음료
A016130,키위,B,0.4,계절ETS,142.09746579621552,0.0,142.09746579621552,142.09746579621552,146.47,-4.3725342037844825,-2.9852763048982607,01 식료품 및 비주류음료
A016140,블루베리,B,0.4,계절ETS,143.74399036788344,0.0,143.74399036788344,143.74399036788344,144.01,-0.2660096321165497,-0.18471608368623688,01 식료품 및 비주류음료
A016150,망고,B,0.4,계절ETS,130.2408227345608,0.0,130.2408227345608,130.2408227345608,131.41,-1.1691772654392025,-0.889717118513966,01 식료품 및 비주류음료
A016160,체리,B,0.3,계절ETS,92.8133379818876,0.0,92.8133379818876,92.8133379818876,101.76,-8.946662018112406,-8.791924153019266,01 식료품 및 비주류음료
A016170,아보카도,B,0.1,계절ETS,75.18684621700096,0.0,75.18684621700096,75.18684621700096,80.77,-5.583153782999034,-6.912410279805663,01 식료품 및 비주류음료
A016180,파인애플,B,0.2,계절ETS,116.0092943708211,0.0,116.0092943708211,116.0092943708211,117.67,-1.6607056291789064,-1.4113245765096512,01 식료품 및 비주류음료
A017010,배추,B,1.3,계절ETS,110.90691548323254,0.0,110.90691548323254,110.90691548323254,112.63,-1.7230845167674573,-1.5298628400669958,01 식료품 및 비주류음료
A017020,상추,B,0.6,계절ETS,171.61756491970192,0.0,171.61756491970192,171.61756491970192,148.53,23.08756491970192,15.544041553694148,01 식료품 및 비주류음료
A017030,시금치,B,0.3,계절ETS,242.6191329247848,0.0,242.6191329247848,242.6191329247848,214.81,27.80913292478479,12.945921011491453,01 식료품 및 비주류음료
A017040,양배추,B,0.2,계절ETS,87.02381645247128,0.0,87.02381645247128,87.02381645247128,79.64,7.3838164524712795,9.271492280852938,01 식료품 및 비주류음료
A017050,미나리,B,0.2,계절ETS,150.5510838268189,0.0,150.5510838268189,150.5510838268189,150.2,0.3510838268189218,0.23374422557850988,01 식료품 및 비주류음료
A017060,깻잎,B,0.2,계절ETS,135.91444381103926,0.0,135.91444381103926,135.91444381103926,133.51,2.404443811039272,1.8009466040291153,01 식료품 및 비주류음료
A017070,부추,B,0.2,계절ETS,110.9183822949053,0.0,110.9183822949053,110.9183822949053,119.96,-9.041617705094694,-7.537193818851863,01 식료품 및 비주류음료
A017080,무,B,0.6,계절ETS,114.30717258454943,0.0,114.30717258454943,114.30717258454943,101.08,13.227172584549436,13.085845453650016,01 식료품 및 비주류음료
A017090,열무,B,0.2,계절ETS,147.86124927706337,0.0,147.86124927706337,147.86124927706337,166.22,-18.358750722936634,-11.044850633459651,01 식료품 및 비주류음료
A017100,당근,B,0.3,계절ETS,87.02495750944588,0.0,87.02495750944588,87.02495750944588,82.42,4.604957509445882,5.587184554047417,01 식료품 및 비주류음료
A017110,감자,B,0.6,계절ETS,100.7778082405709,0.0,100.7778082405709,100.7778082405709,98.18,2.597808240570899,2.645964799929618,01 식료품 및 비주류음료
A017120,고구마,B,1.0,계절ETS,101.74831087173013,0.0,101.74831087173013,101.74831087173013,101.36,0.3883108717301269,0.3831007021804725,01 식료품 및 비주류음료
A017130,도라지,B,0.1,계절ETS,133.29353169953782,0.0,133.29353169953782,133.29353169953782,132.95,0.34353169953783436,0.2583916506489916,01 식료품 및 비주류음료
A017140,콩나물,B,0.5,계절ETS,109.8922993730338,0.0,109.8922993730338,109.8922993730338,109.23,0.6622993730337896,0.6063346818948911,01 식료품 및 비주류음료
A017150,버섯,B,0.9,계절ETS,110.71887702858838,0.0,110.71887702858838,110.71887702858838,110.58,0.13887702858838225,0.12558964422895844,01 식료품 및 비주류음료
A017160,오이,B,0.6,계절ETS,123.19624665967906,0.0,123.19624665967906,123.19624665967906,133.54,-10.34375334032093,-7.7458090012887,01 식료품 및 비주류음료
A017170,풋고추,B,0.6,계절ETS,119.54679355290423,0.0,119.54679355290423,119.54679355290423,119.86,-0.31320644709576584,-0.2613102345200783,01 식료품 및 비주류음료
A017180,호박,B,0.5,계절ETS,108.93073540183184,0.0,108.93073540183184,108.93073540183184,96.74,12.190735401831844,12.601545794740382,01 식료품 및 비주류음료
A017190,가지,B,0.2,계절ETS,101.03035855796298,0.0,101.03035855796298,101.03035855796298,101.88,-0.8496414420370115,-0.8339629387878009,01 식료품 및 비주류음료
A017200,토마토,B,1.3,계절ETS,95.50675152058749,0.0,95.50675152058749,95.50675152058749,89.71,5.796751520587492,6.461655914153932,01 식료품 및 비주류음료
A017210,파,B,0.9,계절ETS,118.64863072845722,0.0,118.64863072845722,118.64863072845722,114.07,4.578630728457227,4.013878082280378,01 식료품 및 비주류음료
A017220,양파,B,0.7,계절ETS,85.45152182503071,0.0,85.45152182503071,85.45152182503071,88.06,-2.6084781749692922,-2.9621600896766886,01 식료품 및 비주류음료
A017230,마늘,B,1.3,계절ETS,137.1322339906499,0.0,137.1322339906499,137.1322339906499,139.17,-2.0377660093500936,-1.4642279294029559,01 식료품 및 비주류음료
A017240,브로콜리,B,0.2,계절ETS,117.73415368866752,0.0,117.73415368866752,117.73415368866752,126.14,-8.405846311332482,-6.6639022604506755,01 식료품 및 비주류음료
A017260,파프리카,B,0.6,계절ETS,102.81377218376552,0.0,102.81377218376552,102.81377218376552,86.73,16.083772183765518,18.54464681628677,01 식료품 및 비주류음료
A019030,생강,B,0.1,계절ETS,107.07005267268808,0.0,107.07005267268808,107.07005267268808,106.02,1.0500526726880821,0.9904288555820432,01 식료품 및 비주류음료
B021010,담배,C,9.3,비계절ETS,99.84697357139989,0.0784611228713364,99.79989689767709,99.79989689767709,99.77,0.029896897677090806,0.02996581906093095,02 주류 및 담배
D041020,하수도료,C,3.1,비계절ETS,132.78475079760324,0.4826229355099277,132.4951770362973,132.4951770362973,132.83,-0.33482296370272024,-0.2520687824307161,"04 주택, 수도, 전기 및 연료"
D042020,쓰레기봉투료,C,0.7,비계절ETS,106.15090569252952,0.1169825943664217,106.08071613590968,106.08071613590968,106.1,-0.01928386409031191,-0.018175178218955618,"04 주택, 수도, 전기 및 연료"
D042030,정화조청소료,C,0.5,비계절ETS,117.4514515819136,0.1131988399196686,117.3835322779618,117.3835322779618,117.18,0.2035322779617985,0.17369199348165087,"04 주택, 수도, 전기 및 연료"
F021010,외래진료비,C,20.5,계절ETS,111.410289391411,0.0,111.410289391411,111.410289391411,111.43,-0.019710608589008416,-0.017688780928841796,06 보건
F021030,한방진료비,C,1.0,계절ETS,119.29825216950226,-0.2157514185060236,119.42770302060588,119.42770302060588,119.47,-0.04229697939412347,-0.035403849831860276,06 보건
F021040,약국조제료,C,1.8,계절ETS,119.90548320923033,0.0,119.90548320923033,119.90548320923033,119.9,0.005483209230320085,0.004573151985254449,06 보건
F022010,치과진료비,C,6.1,계절ETS,115.18775057362018,-0.071020539789752,115.23036289749405,115.23036289749405,115.25,-0.019637102505953408,-0.017038700655924863,06 보건
F031010,입원진료비,C,10.2,계절ETS,109.98486958653096,-0.06633904141511,110.02467301138005,110.02467301138005,110.14,-0.11532698861995527,-0.10470945035405418,06 보건
G023030,도로통행료,C,1.7,비계절ETS,95.8261410680853,0.0,95.8261410680853,95.8261410680853,95.82,0.006141068085312895,0.0064089627273146476,07 교통
G031010,열차료,C,1.7,비계절ETS,100.00778485298912,0.0,100.00778485298912,100.00778485298912,100.0,0.007784852989118463,0.0077848529891184634,07 교통
G031020,도시철도료,C,2.2,비계절ETS,120.17730927178953,0.0991956428846663,120.11779188605873,120.11779188605873,120.08,0.03779188605872719,0.03147225687768753,07 교통
G032010,시내버스료,C,6.8,비계절ETS,117.04735247292788,0.1007222326217037,116.98691913335486,116.98691913335486,116.96,0.026919133354866176,0.02301567489301144,07 교통
G032020,시외버스료,C,1.0,비계절ETS,110.24863819420229,0.0699683079499801,110.2066572094323,110.2066572094323,110.18,0.026657209432286777,0.024194236188316186,07 교통
G032030,택시료,C,3.2,비계절ETS,124.56458126756225,0.0,124.56458126756225,124.56458126756225,124.42,0.14458126756224488,0.11620420154496452,07 교통
G033020,국제항공료,C,2.9,비계절ETS,150.1321946260037,0.0,150.1321946260037,150.1321946260037,145.22,4.912194626003696,3.3825882288966374,07 교통
H011010,우편료,C,0.1,비계절ETS,123.37128488972304,0.0,123.37128488972304,123.37128488972304,123.56,-0.1887151102769593,-0.1527315557437353,08 통신
H031010,유선전화료,C,0.4,비계절ETS,100.36999617309966,0.0,100.36999617309966,100.36999617309966,100.37,-3.826900339731765e-06,-3.8127930056110035e-06,08 통신
H031020,휴대전화료,C,29.8,비계절ETS,102.00468632760024,-0.3000263292461606,102.18470212514794,102.18470212514794,102.05,0.134702125147939,0.13199620298671141,08 통신
H031030,인터넷이용료,C,5.5,비계절ETS,100.6199744085836,0.0,100.6199744085836,100.6199744085836,100.62,-2.5591416402903633e-05,-2.5433727293682797e-05,08 통신
I042070,방송수신료,C,2.4,비계절ETS,100.59429327317626,0.0529669468491391,100.56251310506678,100.56251310506678,100.59,-0.027486894933218764,-0.027325673459805907,09 오락 및 문화
J011010,유치원납입금,C,1.8,비계절ETS,39.29450498924817,0.0,39.29450498924817,39.29450498924817,39.71,-0.41549501075183315,-1.0463233713216649,10 교육
J031010,전문대학납입금,C,1.1,계절ETS,108.36186629041296,-0.9404764160265464,108.92615214002888,108.92615214002888,108.68,0.24615214002886887,0.22649258375862058,10 교육
J031020,국공립대학교납입금,C,1.4,계절ETS,101.88438929136498,0.0,101.88438929136498,101.88438929136498,101.67,0.21438929136498075,0.21086779911968206,10 교육
J031030,사립대학교납입금,C,8.6,계절ETS,107.5518722952988,-1.072828814190295,108.19556958381298,108.19556958381298,107.92,0.275569583812981,0.2553461673582107,10 교육
J031040,국공립대학원납입금,C,0.4,계절ETS,107.63083837636518,0.0,107.63083837636518,107.63083837636518,107.95,-0.3191616236348267,-0.2956569000785796,10 교육
J031050,사립대학원납입금,C,1.6,계절ETS,108.52919863465156,0.0,108.52919863465156,108.52919863465156,108.87,-0.3408013653484403,-0.3130351477435843,10 교육
L031020,보육시설이용료,C,0.7,비계절ETS,69.81238996518314,0.0,69.81238996518314,69.81238996518314,69.2,0.6123899651831408,0.8849565970854636,12 기타 상품 및 서비스
L031030,요양시설이용료,C,0.9,비계절ETS,125.41400211506588,0.2560538536592247,125.26036980287034,125.26036980287034,125.15,0.11036980287033771,0.0881900142791352,12 기타 상품 및 서비스
L031070,부동산중개수수료,C,0.8,비계절ETS,92.25331205287333,0.0,92.25331205287333,92.25331205287333,92.28,-0.02668794712667477,-0.02892061890623621,12 기타 상품 및 서비스
L031080,행정수수료,C,1.1,비계절ETS,99.58479498359368,0.0,99.58479498359368,99.58479498359368,99.56,0.024794983593679376,0.024904563673844287,12 기타 상품 및 서비스
D051010,전기료,D,16.1,비계절ETS,126.48322435831184,0.0,126.48322435831184,126.48322435831184,126.47,0.013224358311845208,0.010456517997821782,"04 주택, 수도, 전기 및 연료"
D052010,도시가스,D,11.5,비계절ETS,146.21215831217597,0.0,146.21215831217597,146.21215831217597,146.49,-0.2778416878240364,-0.18966597571440807,"04 주택, 수도, 전기 및 연료"
D052020,취사용LPG,D,0.9,회귀(오피넷 8월실측),147.18131029750194,-0.1629625117960387,147.27908780457955,147.27908780457955,146.69,0.5890878045795489,0.4015868870267563,"04 주택, 수도, 전기 및 연료"
D053010,등유,D,2.4,회귀(오피넷 8월실측),183.26844381938,0.3327137145731835,183.0688155906361,183.0688155906361,182.51,0.558815590636101,0.30618354645559204,"04 주택, 수도, 전기 및 연료"
D053020,지역난방비,D,1.6,비계절ETS,163.2217713913098,0.1725699615378365,163.1182294143871,163.1182294143871,163.15,-0.03177058561291801,-0.01947323666130433,"04 주택, 수도, 전기 및 연료"
D053030,부탄가스,D,0.1,비계절ETS,148.92105599345388,0.0,148.92105599345388,148.92105599345388,151.78,-2.8589440065461247,-1.8836104931783664,"04 주택, 수도, 전기 및 연료"
G021010,휘발유,D,24.1,회귀(오피넷 8월실측),134.3966803078048,0.4434741221973179,134.1305958344864,134.1305958344864,133.74,0.39059583448639046,0.29205610474531957,07 교통
G021020,경유,D,16.3,회귀(오피넷 8월실측),154.49259350708405,0.5580432726850452,154.15776754347303,154.15776754347303,153.44,0.7177675434730304,0.46778385262840877,07 교통
G021030,자동차용LPG,D,2.8,회귀(오피넷 8월실측),139.1455421018653,0.3973776416882539,138.90711551685234,138.90711551685234,138.66,0.24711551685234667,0.17821687354128565,07 교통
