품목명,Tier,가중치,MAPE_보정전,MAPE_보정후,개선
쌀,A,4.2,1.2816372867812493,1.3283598039838644,-0.04672251720261511
현미,A,0.4,0.7860776890993267,0.8342841476999744,-0.04820645860064765
찹쌀,A,0.5,1.2284425516880493,1.2284425516880493,0.0
보리쌀,A,0.2,0.9795152607826256,0.8694191597538823,0.11009610102874334
콩,A,0.5,0.5726858918835761,0.598455516700872,-0.025769624817295944
땅콩,A,0.1,0.35213304270445644,0.3645995004291064,-0.012466457724649938
혼식곡,A,0.4,0.40761755466872673,0.4170943647961777,-0.009476810127450941
밀가루,A,0.1,0.9111344436878792,0.9200912940588125,-0.0089568503709333
국수,A,0.7,1.953288713454734,1.953288713454734,0.0
라면,A,2.4,0.5070392248827845,0.5589185585861555,-0.051879333703370945
당면,A,0.2,2.9856638626675744,2.9856638626675744,0.0
두부,A,1.2,0.556035791314671,0.5674278876028728,-0.011392096288201814
시리얼,A,0.4,7.701914013271565,7.701914013271565,0.0
부침가루,A,0.6,2.697624986277816,2.697624986277816,0.0
케이크,A,1.6,0.3127899030337138,0.24835590178054887,0.06443400125316492
빵,A,6.8,0.28295554741131623,0.12451442040255516,0.15844112700876106
떡,A,1.9,0.1796415341901944,0.1796415341901944,0.0
파스타면,A,0.1,2.0109905164802577,2.0109905164802577,0.0
국산쇠고기,A,8.6,1.2927341838722972,1.2522560221003782,0.040478161771918986
수입쇠고기,A,3.1,1.175763504095656,1.2383205657293415,-0.06255706163368546
돼지고기,A,9.8,1.9346030354267667,2.1618140479335786,-0.22721101250681186
닭고기,A,1.5,1.3599938811894836,1.4212000072032651,-0.0612061260137815
소시지,A,2.0,1.3185368048674164,1.4213891434134882,-0.10285233854607179
햄및베이컨,A,2.7,1.6110119389335038,1.6110119389335038,0.0
기타육류가공품,A,0.9,1.6372247482668911,1.7229550779610712,-0.08573032969418004
마른멸치,A,0.5,0.4852796360359658,0.4852796360359658,0.0
마른오징어,A,0.2,0.5795141480091665,0.5927062476116151,-0.013192099602448604
오징어채,A,0.2,0.47629348593360327,0.5368490990710174,-0.060555613137414144
북어채,A,0.4,1.5248210985274417,1.5248210985274417,0.0
어묵,A,0.8,1.5891348473592133,1.5891348473592133,0.0
맛살,A,0.2,1.7885768245055962,1.8940289218787998,-0.1054520973732036
수산물통조림,A,0.7,0.34986055132465393,0.34986055132465393,0.0
젓갈,A,0.7,0.958340601421055,1.0783697329640831,-0.12002913154302808
우유,A,3.4,0.17381319021237598,0.18278608012197226,-0.008972889909596271
분유,A,0.5,0.509503457937058,0.5050235768974347,0.004479881039623268
치즈,A,0.7,0.29522192621650856,0.29385495152023094,0.001366974696277612
발효유,A,2.0,0.46272483182539714,0.46272483182539714,0.0
달걀,A,3.0,1.2553705229408572,1.437030786313835,-0.1816602633729778
참기름,A,0.6,1.6232246432966637,1.657944386843371,-0.03471974354670726
식용유,A,0.8,2.9224107920840487,2.9224107920840487,0.0
아몬드,A,0.2,0.2925755076985973,0.30963398664400377,-0.017058478945406463
과일가공품,A,1.0,1.3815903446983449,1.3815903446983449,0.0
고사리,A,0.1,0.3300397896574859,0.3343319845919028,-0.004292194934416849
단무지,A,0.2,2.015725348708366,2.0822405625930265,-0.06651521388466053
김,A,0.5,0.5076893006787522,0.5155321312506612,-0.007842830571909043
맛김,A,0.5,0.9463991319554367,0.9463991319554367,0.0
미역,A,0.3,0.37420255423872867,0.40250953454289895,-0.02830698030417028
초콜릿,A,0.5,0.7398154418498541,0.5694966716063077,0.17031877024354647
사탕,A,0.8,1.1191582043648214,1.1610127977297637,-0.04185459336494235
껌,A,0.1,0.2774392620733702,0.2770249515928633,0.00041431048050694086
아이스크림,A,2.6,0.3314078703996275,0.3314078703996275,0.0
비스킷,A,1.9,0.4928436528859703,0.4928436528859703,0.0
스낵과자,A,2.9,0.18143371279139892,0.22386648392281333,-0.042432771131414415
파이,A,0.6,0.33040442559997585,0.33040442559997585,0.0
설탕,A,0.3,0.7233890332336141,0.760068243564176,-0.03667921033056187
잼,A,0.1,1.787305962977016,1.8146761748188622,-0.02737021184184618
꿀,A,0.4,0.2102564880952603,0.22334140063365948,-0.01308491253839919
물엿,A,0.2,3.3281331555949283,3.3281331555949283,0.0
고춧가루,A,1.6,0.4831314175970976,0.4831314175970976,0.0
참깨,A,0.6,0.2764698969721505,0.23945271203362012,0.0370171849385304
소금,A,0.2,0.14839549535372656,0.1480782287447982,0.00031726660892836267
간장,A,0.4,1.1695416345748464,1.1823630627396042,-0.012821428164757842
된장,A,0.4,2.32311245689106,2.346695309120794,-0.023582852229733664
양념소스,A,0.5,2.229615218818815,2.1475183538793505,0.08209686493946444
고추장,A,0.3,1.7862004869227677,1.797133171862742,-0.010932684939974235
카레,A,0.2,0.716322386796337,0.716322386796337,0.0
식초,A,0.1,0.7271339781446983,0.7527466335704773,-0.025612655425779063
드레싱,A,0.2,0.7754698410173719,0.7960933231263049,-0.020623482108932945
혼합조미료,A,0.3,1.156194834536836,1.1848436901490373,-0.02864885561220132
스프,A,0.3,0.30681323328741705,0.3170003798462957,-0.010187146558878646
이유식,A,0.3,0.08969453517287566,0.035375179849423906,0.05431935532345176
김치,A,1.3,0.44956134344466947,0.47892416728578846,-0.02936282384111899
밑반찬,A,3.1,0.2864674993301978,0.29033302106788983,-0.003865521737692057
냉동식품,A,1.9,1.3222100476160499,1.3222100476160499,0.0
즉석식품,A,3.1,0.9870921710473851,0.9900933494470033,-0.0030011783996182206
편의점도시락,A,0.4,0.27054183562158046,0.22141909296993062,0.04912274265164984
삼각김밥,A,0.4,0.16597705710659397,0.17539127566247673,-0.009414218555882758
커피,A,2.6,0.6036197037343426,0.6261735850699194,-0.022553881335576786
차,A,0.9,3.1642804409573144,3.1642804409573144,0.0
주스,A,1.4,0.3100725243156513,0.2684517928423554,0.041620731473295924
두유,A,0.8,0.9504654182856435,0.9504654182856435,0.0
생수,A,1.3,0.30226673819228894,0.30226673819228894,0.0
기능성음료,A,0.5,0.33865219832794147,0.33865219832794147,0.0
탄산음료,A,1.6,1.706364293831827,1.7140691965200916,-0.007704902688264514
기타음료,A,0.6,1.2774060328267394,1.3995032859446992,-0.12209725311795983
소주,A,1.7,0.07746211972527066,0.0808568069347386,-0.0033946872094679365
과실주,A,0.8,2.1085449910461254,2.0727767689539123,0.03576822209221309
맥주,A,3.0,0.14616983719678053,0.14120231299981711,0.004967524196963419
막걸리,A,0.5,0.13025389029898388,0.13025389029898388,0.0
양주,A,0.4,3.43634899644669,3.43634899644669,0.0
약주,A,0.1,0.0751371578210799,0.0751371578210799,0.0
남자외의,A,4.4,0.20734986260663152,0.12490376870169637,0.08244609390493515
남자상의,A,1.5,0.2459017781344109,0.23288956565354,0.013012212480870894
남자하의,A,1.3,0.17722634096409387,0.10453532571805585,0.07269101524603802
남자내의,A,0.7,0.14183211410224003,0.14183211410224003,0.0
여자외의,A,6.2,0.42214176308579204,0.39900920628544256,0.02313255680034948
원피스,A,1.8,0.6659681016094726,0.6015963665887188,0.06437173502075377
여자상의,A,1.5,0.24327337896802806,0.23824969462797316,0.005023684340054901
여자하의,A,2.4,0.4273109630710629,0.3706875041124911,0.05662345895857185
여자내의,A,1.8,0.1298641922269601,0.13838172562831141,-0.008517533401351307
점퍼,A,3.3,0.562952336044879,0.5503342402022372,0.012618095842641841
티셔츠,A,4.6,0.1525320630243196,0.05269498199558896,0.09983708102873064
스웨터,A,0.6,0.12932474511356967,0.10190729868784967,0.02741744642572
청바지,A,1.6,0.512321461172197,0.4956229549205683,0.01669850625162872
운동복,A,2.3,0.305860701548156,0.2818271907733698,0.02403351077478616
등산복,A,0.5,0.29164045511062986,0.29164045511062986,0.0
유아동복,A,4.6,0.3228326654096667,0.31109504478116473,0.011737620628501977
양말,A,0.9,0.11364222456651688,0.11814130970142836,-0.004499085134911485
모자,A,0.6,0.052798782765701255,0.020502022289184182,0.03229676047651707
장갑,A,0.2,0.6113801649656123,0.5889045190213303,0.022475645944281974
의복수선료,A,0.2,0.4126282449613035,0.419911949965893,-0.007283705004589469
세탁료,A,1.1,0.6823130237257762,0.6823130237257762,0.0
아동화,A,0.9,0.16239795879473984,0.07269263864893523,0.08970532014580461
구두,A,2.0,0.8135929204496427,0.3475316091629654,0.4660613112866773
운동화,A,4.4,0.2854807703897914,0.3149894274134158,-0.029508657023624374
실내화,A,0.2,0.1191328024935537,0.1252224430235553,-0.006089640530001619
전세,A,54.2,0.03002519204570217,0.03002519204570217,0.0
월세,A,44.9,0.02300764084738004,0.02300764084738004,0.0
주택수선재료,A,3.4,0.3938858864607249,0.3984928211293102,-0.004606934668585305
설비수리비,A,5.9,0.1001365406763585,0.10298470499645124,-0.0028481643200927442
상수도료,A,4.5,0.21532944838551804,0.2314740252605749,-0.016144576875056854
공동주택관리비,A,21.8,0.6535087496198269,0.6924905065582991,-0.03898175693847228
장롱,A,1.3,0.3631768317589139,0.32806424036450416,0.03511259139440975
침대,A,2.7,0.5510049734026069,0.46514878443823643,0.08585618896437047
거실장,A,0.4,0.2919281806491828,0.25685843229583094,0.03506974835335186
소파,A,1.3,1.5266121191148452,1.5266121191148452,0.0
책상,A,0.4,0.2941833231234038,0.29741384329830445,-0.003230520174900664
의자,A,0.4,0.6073411498197793,0.6017810611180785,0.005560088701700772
식탁,A,0.9,0.6903442232457035,0.6860949254889848,0.004249297756718784
싱크대,A,1.3,1.0469257224542077,1.0264708532338331,0.02045486922037454
침구,A,2.6,0.15487962963917948,0.07867750782424368,0.0762021218149358
커튼,A,0.4,0.40207087696328475,0.39371563519116454,0.008355241772120214
전기밥솥,A,0.5,1.4446592280166428,1.5557431169429556,-0.11108388892631282
가스레인지,A,0.4,0.9673510633130662,0.9673510633130662,0.0
전자레인지,A,0.1,0.9802893025183687,0.9802893025183687,0.0
전기레인지,A,0.2,0.8855358421860051,0.9808153936089241,-0.095279551422919
냉장고,A,2.4,2.3293705210907945,2.3884975635690293,-0.05912704247823486
김치냉장고,A,1.1,1.4171818568177892,1.4511970494829032,-0.03401519266511399
에어컨,A,1.5,0.7828088301019115,0.7664825658701797,0.01632626423173178
선풍기,A,0.4,2.2972252467254584,2.2972252467254584,0.0
공기청정기,A,0.6,0.8608270029548781,0.8908892742796548,-0.03006227132477668
세탁기,A,1.0,0.6657845153978735,0.6486977853627711,0.017086730035102415
의류건조기,A,1.1,1.2045262424077883,1.4299794934338654,-0.22545325102607716
식기세척기,A,0.2,1.056056866338887,1.1502600740259439,-0.09420320768705692
청소기,A,1.1,0.9530542755594307,0.9530542755594307,0.0
소형주방가전,A,0.8,2.0120401016816913,2.076284383704877,-0.06424428202318566
보온매트,A,0.4,0.4436053620618085,0.4379937893616303,0.005611572700178202
가전제품수리비,A,2.4,2.5039936192327596,2.5039936192327596,0.0
가전제품렌탈비,A,2.5,0.1531329533192352,0.15701159953343113,-0.0038786462141959244
식기,A,0.8,2.267517815116493,2.41339848441293,-0.14588066929643695
컵,A,0.5,1.003960122689349,1.0745168204401039,-0.0705566977507548
솥,A,0.2,2.5613736783736263,2.6725196525951347,-0.1111459742215084
프라이팬,A,0.6,2.9372279360731177,2.9372279360731177,0.0
냄비,A,0.5,2.3994918891743975,2.3994918891743975,0.0
수저,A,0.3,1.6733913935021203,1.6733913935021203,0.0
밀폐용기,A,0.7,2.6327270049477995,2.6327270049477995,0.0
부엌용용구,A,0.4,1.1498153814911645,1.1498153814911645,0.0
보일러,A,1.5,0.025926612989311894,0.025926612989311894,0.0
건전지,A,0.3,0.8966027401335829,0.9001303500061684,-0.003527609872585491
소형가사용품,A,1.3,1.6960186935690544,1.6960186935690544,0.0
세탁세제,A,1.7,2.242424121777851,2.242424121777851,0.0
섬유유연제,A,0.1,1.4984439326261505,1.4984439326261505,0.0
전구,A,0.2,1.2537677344857947,1.3135401697988114,-0.05977243531301668
부엌용세제,A,0.6,1.4216067696121772,1.4216067696121772,0.0
청소용세제,A,0.2,0.15018017748143184,0.15018017748143184,0.0
살충제,A,0.3,1.088618998900163,1.07603412438902,0.012584874511142985
가정용비닐용품,A,0.6,1.406254809453053,1.4188296095310677,-0.012574800078014814
키친타월,A,1.0,1.5147124243716101,1.5147124243716101,0.0
방향제,A,0.3,1.0802164276133703,1.1159463403826806,-0.03572991276931026
습기제거제,A,0.1,1.7106060521867645,1.7106060521867645,0.0
가사도우미료,A,2.4,0.1645819183703038,0.15957064953689368,0.005011268833410132
간병도우미료,A,2.6,0.34600383564618564,0.3429960611137159,0.0030077745324697536
감기약,A,0.4,0.06922460274994081,0.06922460274994081,0.0
진통제,A,0.4,0.09328544009129996,0.09328544009129996,0.0
소화제,A,0.3,0.07220819350297904,0.07220819350297904,0.0
위장약,A,0.2,0.10781739673351987,0.13097206685694585,-0.02315467012342598
진해거담제,A,0.2,0.17498585357931423,0.17498585357931423,0.0
소염진통제,A,0.6,0.050500114625208196,0.04790560325559369,0.0025945113696145064
피부질환제,A,0.3,0.12064878632965388,0.12064878632965388,0.0
치과구강용약,A,0.3,0.04717923128491437,0.04717923128491437,0.0
조제약,A,5.8,0.08778171182892985,0.08154865703473495,0.006233054794194906
한방약,A,2.7,0.13537642795594082,0.13990860419832443,-0.004532176242383612
인삼,A,0.3,0.8451932842336073,0.7771594421640254,0.06803384206958185
홍삼,A,1.1,3.561486479807823,3.4993578916335624,0.06212858817426081
비타민제,A,1.2,0.09154316760948106,0.09181658006519812,-0.00027341245571706196
건강기능식품,A,6.5,0.3815661785597134,0.3817217261715881,-0.00015554761187469568
유산균,A,1.2,0.6229237247291294,0.7022763113371151,-0.07935258660798572
병원약품,A,3.5,0.08880828567286746,0.08880828567286746,0.0
종이기저귀,A,1.4,0.5288205425909553,0.5288205425909553,0.0
생리대,A,1.0,3.153237519390505,3.153237519390505,0.0
마스크,A,1.6,0.1595319599613442,0.18803549501390387,-0.028503535052559675
반창고,A,0.1,0.12192863760982621,0.12192863760982621,0.0
안경,A,1.0,0.09833001430950804,0.10181300116845193,-0.0034829868589438956
콘택트렌즈,A,1.4,0.520864221103612,0.5834654467212955,-0.06260122561768355
의료측정기,A,0.2,0.21253652399865577,0.21253652399865577,0.0
보청기,A,0.6,0.03335604031171572,0.03335604031171572,0.0
건강기기렌탈비,A,1.5,3.5316622762582566,3.441975291555541,0.08968698470271574
치료재료,A,1.5,0.37044856024358835,0.38243484802903543,-0.01198628778544708
건강검진비,A,1.2,0.20234348361324203,0.20980845066706771,-0.007464967053825683
치과보철료,A,6.8,0.2657685105727177,0.22756747262653415,0.03820103794618357
병원검사료,A,1.1,0.20735187180913306,0.21181705429815148,-0.004465182489018421
소형승용차,A,1.0,0.2636647824765061,0.2636647824765061,0.0
중형승용차,A,1.0,0.5889534199390888,0.6031481070784808,-0.014194687139391982
대형승용차,A,3.2,1.3324926902073342,1.3545384161088592,-0.022045725901524982
경승용차,A,0.6,0.18120184377302342,0.18120184377302342,0.0
다목적승용차,A,7.7,0.2667530003241389,0.27115972303642527,-0.004406722712286371
수입승용차,A,9.3,1.124926795927835,1.1745328181750225,-0.049606022247187465
전기동력차,A,5.1,1.2045487342268992,1.2149345845212032,-0.010385850294303944
자전거,A,0.5,0.21768870993908387,0.19890772305284607,0.018780986886237805
자동차용품,A,0.9,1.3940407435307467,1.4072287377363581,-0.013187994205611453
블랙박스,A,0.2,0.5851501509762138,0.6023126517146575,-0.01716250073844372
자동차타이어,A,0.9,0.1420139335478017,0.14646662387465442,-0.004452690326852721
자동차수리비,A,6.3,0.3694325909858888,0.3779545415839452,-0.008521950598056383
엔진오일교체료,A,1.0,1.2737874483221154,1.2737874483221154,0.0
세차료,A,0.5,0.2983866332221006,0.30987345893286006,-0.011486825710759485
자동차학원비,A,0.5,0.10662986867391493,0.10904345157793503,-0.0024135829040201062
주차료,A,1.2,0.18500753186079655,0.1813682608738782,0.0036392709869183526
승용차임차료,B,3.2,10.339972548275373,10.339972548275373,0.0
대리운전이용료,A,0.4,0.12605037310469078,0.13053904807819167,-0.004488674973500889
자동차검사료,A,0.3,0.0,0.0,0.0
국내항공료,B,1.0,4.562992194861423,4.562992194861423,0.0
여객선료,A,0.2,1.2694017169422227,1.2694017169422227,0.0
이삿짐운송료,A,1.0,0.4529135554298314,0.4518496154984848,0.0010639399313466247
택배이용료,A,1.9,0.10569613452418333,0.10087769324009645,0.004818441284086886
휴대전화기,A,10.4,0.4682818971282703,0.24423270086072232,0.22404919626754796
휴대전화기수리비,A,0.4,1.6998081908681695,1.6872869111255222,0.012521279742647273
TV,A,1.9,1.6801364441479232,1.6455543981966012,0.03458204595132197
영상음향기기,A,0.9,1.4502697594537242,1.510729679479906,-0.060459920026181946
컴퓨터,A,3.0,2.1687775973239916,2.1361695251394903,0.032608072184501236
컴퓨터수리비,A,0.1,1.9308408891825013,1.9723401520295767,-0.04149926284707539
휴대용멀티미디어기기,A,1.2,1.594635055996393,1.7498280768703467,-0.1551930208739536
컴퓨터소모품,A,0.7,0.8873331737492449,0.8873331737492449,0.0
저장장치,A,0.1,2.9684890931404726,2.9507769970764026,0.017712096064069982
악기,A,0.3,0.17772920025682742,0.1835818489072641,-0.005852648650436665
헬스기구,A,1.1,1.793873805630029,1.8248079516365934,-0.03093414600656441
장난감,A,2.9,0.7225121635971082,0.7505584948756527,-0.0280463312785445
레저용품,A,1.6,0.7140780957537175,0.814860473851014,-0.10078237809729651
운동용품,A,2.1,1.9369251972217834,1.967873601707128,-0.03094840448534475
화초,A,0.7,5.446906465998975,5.446906465998975,0.0
원예용품,A,0.4,0.2364469017579042,0.2364469017579042,0.0
반려동물용품,A,3.3,0.6760222031410176,0.7008289159528758,-0.0248067128118582
반려동물관리비,A,2.6,0.09474705592309804,0.09969254340812485,-0.004945487485026809
수영장이용료,A,0.2,0.12465379197729708,0.13555626412379934,-0.010902472146502265
볼링장이용료,A,0.2,0.11213972829812376,0.12391054363790163,-0.011770815339777876
헬스클럽이용료,A,1.5,0.13133100362895206,0.14567522407256533,-0.014344220443613276
골프연습장이용료,A,2.3,0.09433368733133135,0.09884325964698618,-0.004509572315654825
골프장이용료,A,3.0,0.5124981504707469,0.5048895911654536,0.00760855930529325
당구장이용료,A,0.5,0.08879898138833493,0.08879898138833493,0.0
노래방이용료,A,0.5,0.1747064511182688,0.1669325249103285,0.0077739262079402904
PC방이용료,A,0.3,0.1358617574253966,0.14283227929010012,-0.0069705218647035105
놀이시설이용료,A,2.3,1.7047966911477364,1.7768091488819397,-0.0720124577342034
운동경기관람료,A,0.2,0.49093446091373244,0.49823116851493093,-0.007296707601198493
영화관람료,A,1.0,0.00012086471194153471,0.00012086471194153471,0.0
공연예술관람료,A,0.7,0.41685357177887783,0.4741037281883925,-0.057250156409514696
관람시설이용료,A,0.6,0.33982217110360213,0.32353112191410405,0.016291049189498086
독서실비,A,0.8,0.21063122698451214,0.23235933709360915,-0.021728110109097004
문화강습료,A,0.9,0.10805288859066103,0.09709934803037863,0.010953540560282402
온라인콘텐츠이용료,A,8.0,0.11018541095526425,0.06581044219815982,0.044374968757104435
사진서비스료,A,1.7,0.7337799370249386,0.743167625876654,-0.00938768885171537
유아용학습교재,A,0.3,0.276032743548375,0.267887834472239,0.008144909076135964
초등학교학습서,A,0.6,0.22531392878473458,0.20748350266722196,0.01783042611751262
중학교학습서,A,0.6,1.3425082693656476,1.34245277626976,5.5493095887593213e-05
고등학교학습서,A,0.6,0.37047233942705693,0.3730823231692385,-0.0026099837421815764
대학교재,A,0.2,0.10946338519567982,0.10237189778995258,0.007091487405727237
서적,A,1.5,0.30359559589714813,0.30359559589714813,0.0
신문,A,0.4,0.06479542353968047,0.0251627849537782,0.03963263858590227
종이문구,A,0.5,0.4223448827563038,0.43690618747557675,-0.014561304719272972
기타문구,A,0.1,0.5951662243061189,0.5716485098011096,0.02351771450500928
필기구,A,0.4,0.4098333657090825,0.4206599839062089,-0.01082661819712638
회화용구,A,0.2,0.19120129634358662,0.2006092356783784,-0.009407939334791782
국내단체여행비,A,2.0,6.282336174161912,6.282336174161912,0.0
해외단체여행비,A,5.5,4.747881969231313,4.747881969231313,0.0
초등학생학원비,A,7.6,0.12981042323831113,0.12554280534760287,0.0042676178907082585
중학생학원비,A,13.8,0.11627663643574372,0.12805159178192102,-0.011774955346177299
고등학생학원비,A,13.8,0.09928209891032513,0.0990404472339724,0.0002416516763527332
음악학원비,A,3.0,0.12577225890089622,0.12214901750921554,0.0036232413916806733
미술학원비,A,2.6,0.1469096433516739,0.130810092186513,0.016099551165160902
운동학원비,A,5.7,0.23521317286855722,0.2264685595313981,0.008744613337159118
전산학원비,A,0.5,0.12399632582194989,0.1269053709601173,-0.002909045138167421
가정학습지,A,3.5,0.49874046142525585,0.49623194425986417,0.0025085171653916882
이러닝이용료,A,0.7,0.5912786707390857,0.5912786707390857,0.0
학교보충교육비,A,1.4,0.7736132332377469,0.7736132332377469,0.0
기타학원비,A,0.2,0.07906374173964478,0.07906374173964478,0.0
취업학원비,A,2.0,0.4054137820883332,0.44602094347321675,-0.04060716138488357
외국어학원비,A,0.5,0.1605128447432524,0.15594495702867583,0.004567887714576557
운동강습료,A,3.7,0.082580473761473,0.08548960562565029,-0.0029091318641772945
김치찌개백반,A,4.8,0.16178517350147054,0.16865001570714047,-0.006864842205669935
된장찌개백반,A,4.3,0.17927227942111443,0.18621913176696372,-0.006946852345849297
비빔밥,A,2.4,0.2001059889490375,0.2036324510148865,-0.003526462065849001
설렁탕,A,2.0,0.19242356251022022,0.19907590907251752,-0.0066523465622972955
갈비탕,A,2.2,0.20276570255712625,0.20276570255712625,0.0
삼계탕,A,2.2,0.15513865260649837,0.14327708556675417,0.011861567039744197
해물찜,A,4.1,0.08888971320633635,0.08637316947305633,0.002516543733280016
해장국,A,5.0,0.1781044753423922,0.19648939442731297,-0.018384919084920764
불고기,A,1.1,0.19511878132061766,0.20388371052826437,-0.00876492920764671
쇠고기(외식),A,8.3,0.12480001757760414,0.1302155946555295,-0.005415577077925365
돼지갈비(외식),A,6.1,0.13339718484410265,0.14392212523167827,-0.010524940387575621
삼겹살(외식),A,7.2,0.11401739775529285,0.11401739775529285,0.0
오리고기(외식),A,1.5,0.2545586443995271,0.258349651016019,-0.0037910066164918987
냉면,A,2.4,0.16027454115733034,0.18355647808448347,-0.023281936927153135
칼국수,A,2.7,0.10487112292278292,0.11295077872205482,-0.008079655799271904
죽(외식),A,1.7,0.37921625167093487,0.36904813739193054,0.010168114279004326
생선초밥,A,2.7,0.09993195898699195,0.10277925449389345,-0.0028472955069015066
생선회(외식),A,10.3,0.18182486406639853,0.186853654421156,-0.005028790354757479
자장면,A,2.2,0.14243818602398356,0.14566576920895896,-0.003227583184975402
짬뽕,A,2.4,0.17882037112021906,0.17882037112021906,0.0
탕수육,A,2.1,0.10494121561421309,0.107847625809861,-0.0029064101956479127
볶음밥,A,0.9,0.11759339673653947,0.11953850568455604,-0.001945108948016569
돈가스,A,2.2,0.18580517644903777,0.19408356314076558,-0.008278386691727813
스테이크,A,1.5,0.1838895675196196,0.19523975531752719,-0.011350187797907585
스파게티,A,1.5,0.12283780730936598,0.1275658216180447,-0.00472801430867871
라면(외식),A,0.7,0.15807596995421339,0.16587320058346897,-0.00779723062925558
김밥,A,3.4,0.18156706401930592,0.19124814175237825,-0.009681077733072335
떡볶이,A,3.1,0.15021731719221193,0.15437952966688384,-0.004162212474671911
치킨,A,8.6,0.24448349042101905,0.24448349042101905,0.0
햄버거,A,4.3,1.553279458477684,1.639526567439782,-0.0862471089620982
피자,A,4.1,0.029081190980816223,0.029081190980816223,0.0
쌀국수,A,0.6,0.11761153650842228,0.12212885907330048,-0.004517322564878204
커피(외식),A,8.8,0.11082553976905975,0.08329097281129669,0.02753456695776306
기타음료(외식),A,0.5,0.03767885985114105,0.03767885985114105,0.0
소주(외식),A,2.5,0.2673663182248046,0.2677154882023565,-0.0003491699775519108
맥주(외식),A,4.8,0.20504017697900137,0.21037689672970752,-0.005336719750706154
막걸리(외식),A,0.3,0.14232897089719454,0.14232897089719454,0.0
구내식당식사비,A,11.9,0.15831592185186533,0.16173572769828204,-0.0034198058464167125
도시락,A,0.6,0.8500496045981524,0.8698840227015194,-0.019834418103367057
호텔숙박료,A,2.1,5.1992169621709206,5.1992169621709206,0.0
여관숙박료,A,1.5,0.36305776536826495,0.36305776536826495,0.0
콘도이용료,B,0.8,5.863581945825578,5.863581945825578,0.0
학교기숙사비,A,0.9,0.33630042479560285,0.33630042479560285,0.0
휴양시설이용료,A,1.4,6.147992650588376,6.147992650588376,0.0
목욕료,A,0.6,0.18372582315274183,0.19043514949815815,-0.006709326345416322
찜질방이용료,A,0.6,0.19340026274010563,0.19764186811941742,-0.004241605379311786
이발료,A,0.3,0.16341406729159236,0.16341406729159236,0.0
미용료,A,7.3,0.1370226838094027,0.13941417744108875,-0.002391493631686059
뷰티미용료,A,2.2,0.18662076314494613,0.19125360315137085,-0.004632840006424721
면도기,A,0.4,1.1248566100620514,1.114197290042913,0.010659320019138496
헤어드라이어,A,0.7,1.9122789251444843,1.9122789251444843,0.0
칫솔,A,0.4,1.6596667235207312,1.6596667235207312,0.0
치약,A,0.5,2.130310673688711,2.2650279442998773,-0.13471727061116612
비누,A,0.3,1.252116114586605,1.374793872160194,-0.1226777575735889
샴푸,A,1.0,0.9116063407334037,0.9914916844053043,-0.07988534367190059
바디워시,A,0.5,2.3857891601011905,2.3857891601011905,0.0
화장지,A,1.3,0.7313526722488347,0.7292267658923427,0.0021259063564920133
기초화장품,A,4.5,0.7421540738116432,0.8197168364750146,-0.07756276266337137
기능성화장품,A,3.7,0.42502950650624427,0.47163958442608017,-0.0466100779198359
색조화장품,A,0.7,0.2992176253599985,0.2992176253599985,0.0
모발염색약,A,0.7,3.2268071349283494,3.2268071349283494,0.0
구강세정제,A,0.2,2.9855274270527556,2.9855274270527556,0.0
손목시계,A,0.6,1.2680367930213354,1.2680367930213354,0.0
장신구,A,1.0,0.3428142263075638,0.3441644961094429,-0.0013502698018790782
가방,A,2.7,0.3787480972202353,0.3557730902153239,0.022975007004911396
핸드백,A,1.4,2.1044693415354403,2.105873321346988,-0.0014039798115477176
우산,A,0.2,0.21474223152821562,0.22742956609539608,-0.012687334567180464
유모차,A,0.2,0.2583909988426545,0.28858265213630857,-0.030191653293654086
선글라스,A,0.4,0.2292784481497359,0.2217045259014553,0.0075739222482805735
지갑,A,0.5,3.3764907745474425e-06,3.3764907745474425e-06,0.0
산후조리원이용료,A,0.7,0.22591416935728664,0.2538940932872175,-0.027979923929930872
보험서비스료,A,8.6,1.4089885802877138,1.3615349755127568,0.04745360477495697
자동차보험료,A,3.7,0.14413892600307093,0.15882644017768918,-0.01468751417461825
금융수수료,A,0.2,0.0008845343401198136,0.0008845343401198136,0.0
대입전형료,A,0.1,0.7050054273498009,0.7209398349058238,-0.015934407556022934
시험응시료,A,0.4,0.1204101334589563,0.041771127204409626,0.07863900625454667
장례비,A,2.6,0.17197779947442662,0.16463186120445106,0.007345938269975566
갈치,B,1.1,2.672721682178844,2.672721682178844,0.0
명태,B,0.7,1.9945793940011725,1.9945793940011725,0.0
조기,B,0.9,0.7161242971140127,0.6852218583936324,0.030902438720380343
고등어,B,2.0,1.7469633807361624,1.7921594662068625,-0.04519608547070009
오징어,B,1.0,1.717641813878625,1.717641813878625,0.0
게,B,0.9,1.053677092241462,1.0660130663234748,-0.012335974082012813
굴,B,0.4,2.2914413985763327,2.2914413985763327,0.0
조개,B,0.6,1.3260459510604143,1.4971220495366655,-0.17107609847625116
전복,B,0.5,2.119291704919823,2.1691247522431514,-0.04983304732332838
새우,B,0.7,0.7015496515544994,0.7015496515544994,0.0
낙지,B,0.5,0.6194002286045138,0.6194002286045138,0.0
사과,B,2.3,2.074615641632297,2.096922246235555,-0.022306604603257618
배,B,0.7,5.058951032772944,5.058951032772944,0.0
복숭아,B,1.0,2.5031516578390094,2.5979069599662767,-0.09475530212726735
포도,B,1.4,1.951147896277348,1.951147896277348,0.0
밤,B,0.2,1.6513079683765572,1.6513079683765572,0.0
감,B,0.5,2.149874869031834,2.3366377572781136,-0.1867628882462795
귤,B,1.8,2.8955795221132923,2.8955795221132923,0.0
오렌지,B,0.4,2.547751777243762,2.547751777243762,0.0
참외,B,1.0,6.589514160856017,6.874105483724153,-0.2845913228681365
수박,B,1.0,2.616973438026606,2.6024594181465637,0.014514019880042195
딸기,B,1.5,5.2190989909613466,5.2190989909613466,0.0
바나나,B,0.8,1.7909752067348799,1.9958778468038532,-0.2049026400689733
키위,B,0.4,2.2842882634888735,2.375806729913173,-0.0915184664242994
블루베리,B,0.4,0.6690143954421529,0.5747438081969205,0.0942705872452324
망고,B,0.4,4.898711158706617,4.898711158706617,0.0
체리,B,0.3,6.470173938770916,6.470173938770916,0.0
아보카도,B,0.1,4.835865421848739,4.835865421848739,0.0
파인애플,B,0.2,2.8569496669583043,2.8569496669583043,0.0
배추,B,1.3,7.946164118520353,7.946164118520353,0.0
상추,B,0.6,10.716250886542882,10.716250886542882,0.0
시금치,B,0.3,15.632145579883879,15.632145579883879,0.0
양배추,B,0.2,6.39943219211064,6.39943219211064,0.0
미나리,B,0.2,5.169940713257444,5.169940713257444,0.0
깻잎,B,0.2,6.0480100497636435,6.0480100497636435,0.0
부추,B,0.2,12.666603801167145,12.666603801167145,0.0
무,B,0.6,9.511552929512563,9.511552929512563,0.0
열무,B,0.2,8.595224164925686,8.595224164925686,0.0
당근,B,0.3,4.2060015260721615,4.2060015260721615,0.0
감자,B,0.6,4.524064606254408,4.524064606254408,0.0
고구마,B,1.0,2.576218815284225,2.727177512646455,-0.1509586973622299
도라지,B,0.1,0.517336447941012,0.5336102012060819,-0.016273753265069968
콩나물,B,0.5,0.41173497333738046,0.43920423094086813,-0.027469257603487673
버섯,B,0.9,3.2144019203487693,3.2144019203487693,0.0
오이,B,0.6,7.963282245652538,7.963282245652538,0.0
풋고추,B,0.6,6.594315112787309,6.594315112787309,0.0
호박,B,0.5,15.870880728304314,15.870880728304314,0.0
가지,B,0.2,7.3513515693763605,7.3513515693763605,0.0
토마토,B,1.3,7.131077922782721,7.131077922782721,0.0
파,B,0.9,11.250208075470349,11.250208075470349,0.0
양파,B,0.7,3.704113081460509,3.704113081460509,0.0
마늘,B,1.3,1.3038611372224738,1.3038611372224738,0.0
브로콜리,B,0.2,7.873845836230016,7.873845836230016,0.0
파프리카,B,0.6,10.568398917832331,10.568398917832331,0.0
생강,B,0.1,4.243954496452047,4.243954496452047,0.0
담배,C,9.3,0.07995578186777987,0.023290645653584054,0.05666513621419581
하수도료,C,3.1,0.7873914395021102,0.8094918496193976,-0.02210041011728736
쓰레기봉투료,C,0.7,0.09110579516826435,0.06984311692761316,0.021262678240651187
정화조청소료,C,0.5,0.29343827655436017,0.2845879023988189,0.00885037415554124
외래진료비,C,20.5,0.05132374201698373,0.055146296028311934,-0.003822554011328201
한방진료비,C,1.0,0.23351156284487246,0.1985244273833558,0.03498713546151666
약국조제료,C,1.8,0.07281364232514018,0.08597102434177831,-0.01315738201663813
치과진료비,C,6.1,0.11012171987362455,0.08171850701142389,0.02840321286220067
입원진료비,C,10.2,0.11124122355257388,0.09251008016986775,0.018731143382706122
도로통행료,C,1.7,0.13950794913686668,0.20326568953475613,-0.06375774039788945
열차료,C,1.7,0.00850297276542141,0.00850297276542141,0.0
도시철도료,C,2.2,0.09055071329566441,0.06963596128558534,0.02091475201007907
시내버스료,C,6.8,0.3577367322085365,0.35403812539395,0.0036986068145865025
시외버스료,C,1.0,0.06456794608766692,0.02507186640728684,0.039496079680380075
택시료,C,3.2,0.12024435718001132,0.12024435718001132,0.0
국제항공료,C,2.9,4.661684018734935,4.661684018734935,0.0
우편료,C,0.1,0.9614002860067549,0.9331448198745497,0.028255466132205198
유선전화료,C,0.4,0.006239449112301136,0.006239449112301136,0.0
휴대전화료,C,29.8,4.2337237768729485,4.374879706820131,-0.14115592994718273
인터넷이용료,C,5.5,3.0789729831959725e-05,3.0789729831959725e-05,0.0
방송수신료,C,2.4,0.03640299960695416,0.041380030927129476,-0.004977031320175317
유치원납입금,C,1.8,5.104389766502154,5.140851928616155,-0.03646216211400155
전문대학납입금,C,1.1,0.49706563234710543,0.3655698883066076,0.13149574404049785
국공립대학교납입금,C,1.4,0.22049561271497786,0.21506337891759983,0.005432233797378033
사립대학교납입금,C,8.6,0.5493039788401523,0.413807572975818,0.13549640586433426
국공립대학원납입금,C,0.4,0.22379329729793812,0.252936801777885,-0.029143504479946902
사립대학원납입금,C,1.6,0.286997387247954,0.3184177652635111,-0.03142037801555714
보육시설이용료,C,0.7,1.8627628214275858,1.8440973441293165,0.018665477298269284
요양시설이용료,C,0.9,0.40115154915984375,0.35592976984891533,0.04522177931092841
부동산중개수수료,C,0.8,0.03021373960253691,0.03021373960253691,0.0
행정수수료,C,1.1,0.0943757276611172,0.0943757276611172,0.0
전기료,D,16.1,1.9659852776625766,1.9659852776625766,0.0
도시가스,D,11.5,0.024378446531455267,0.024378446531455267,0.0
취사용LPG,D,0.9,0.10159508420008144,0.10294899216771644,-0.0013539079676350013
등유,D,2.4,1.1279725995155456,0.6385791445285921,0.4893934549869535
지역난방비,D,1.6,0.13701937567904687,0.03590711577345121,0.10111225990559566
부탄가스,D,0.1,2.291762449436077,2.291762449436077,0.0
휘발유,D,24.1,0.23505950128278702,0.17809182336118404,0.05696767792160298
경유,D,16.3,0.295123953240326,0.21010451462538413,0.08501943861494185
자동차용LPG,D,2.8,0.3041641940289061,0.17196077849989216,0.13220341552901393
