월,분류,방식,예측,실제,오차,오차%,채택,가중치
2024-08,"04 주택, 수도, 전기 및 연료",탑다운,113.49779161758714,113.92,-0.4222083824128617,-0.3706183132135373,탑다운,171.6
2024-08,06 보건,탑다운,104.3272610391002,104.37,-0.0427389608998112,-0.0409494691001353,탑다운,84.0
2024-08,09 오락 및 문화,탑다운,109.74962378155558,109.35,0.3996237815555901,0.3654538468729676,탑다운,62.9
2024-08,01 식료품 및 비주류음료,바텀업,122.93763378877397,122.99,-0.0523662112260296,-0.0425776170632,바텀업,142.0
2024-08,02 주류 및 담배,바텀업,104.5305780452634,104.59,-0.0594219547365924,-0.0568141837045534,바텀업,15.8
2024-08,03 의류 및 신발,바텀업,114.3796266701039,114.44,-0.0603733298960946,-0.0527554438099394,바텀업,49.6
2024-08,05 가정용품 및 가사 서비스,바텀업,115.72419894344247,115.35,0.3741989434424795,0.3244030719050537,바텀업,45.6
2024-08,07 교통,바텀업,116.31246719849456,116.17,0.1424671984945718,0.1226368240462871,바텀업,110.60000000000001
2024-08,08 통신,바텀업,101.20729408717143,101.32,-0.1127059128285594,-0.1112375768146066,바텀업,46.6
2024-08,10 교육,바텀업,106.63475226792248,106.41,0.2247522679224687,0.2112134836222805,바텀업,73.9
2024-08,11 음식 및 숙박,바텀업,121.55077266704755,121.65,-0.099227332952438,-0.0815678856986748,바텀업,144.7
2024-08,12 기타 상품 및 서비스,바텀업,119.89019024161058,119.23,0.6601902416105787,0.5537115169089816,바텀업,52.7
2024-09,"04 주택, 수도, 전기 및 연료",탑다운,115.44734112098176,115.36,0.0873411209817476,0.0757117900327215,탑다운,171.6
2024-09,06 보건,탑다운,104.38786245463233,104.5,-0.1121375453676734,-0.1073086558542329,탑다운,84.0
2024-09,09 오락 및 문화,탑다운,108.79003254903274,108.86,-0.0699674509672547,-0.0642728743039268,탑다운,62.9
2024-09,01 식료품 및 비주류음료,바텀업,123.39184305120295,124.72,-1.3281569487970444,-1.064910959587111,바텀업,142.0
2024-09,02 주류 및 담배,바텀업,104.55695906324507,104.48,0.07695906324507,0.0736591340400747,바텀업,15.8
2024-09,03 의류 및 신발,바텀업,114.388007702426,114.44,-0.051992297574003,-0.0454319272754308,바텀업,49.6
2024-09,05 가정용품 및 가사 서비스,바텀업,115.72088049272249,114.95,0.7708804927224691,0.6706224382100644,바텀업,45.6
2024-09,07 교통,바텀업,114.3071139783424,113.9,0.4071139783423803,0.3574310608800529,바텀업,110.60000000000001
2024-09,08 통신,바텀업,101.21175509122445,101.32,-0.1082449087755605,-0.1068346908562579,바텀업,46.6
2024-09,10 교육,바텀업,106.8090409846623,106.51,0.2990409846622981,0.2807632942092743,바텀업,73.9
2024-09,11 음식 및 숙박,바텀업,121.5406922110895,121.02,0.5206922110895107,0.4302530251937784,바텀업,144.7
2024-09,12 기타 상품 및 서비스,바텀업,119.7814859006258,118.97,0.8114859006257973,0.6820928810841366,바텀업,52.7
2024-10,"04 주택, 수도, 전기 및 연료",탑다운,116.03894528252852,115.51,0.5289452825285252,0.4579216366795301,탑다운,171.6
2024-10,06 보건,탑다운,104.49352344253867,104.44,0.0535234425386761,0.0512480300063923,탑다운,84.0
2024-10,09 오락 및 문화,탑다운,108.7447211385376,108.71,0.0347211385376198,0.0319392314760554,탑다운,62.9
2024-10,01 식료품 및 비주류음료,바텀업,122.83126468432565,124.53,-1.6987353156743694,-1.3641173337142611,바텀업,142.0
2024-10,02 주류 및 담배,바텀업,104.57740429345364,104.68,-0.1025957065463529,-0.0980088904722515,바텀업,15.8
2024-10,03 의류 및 신발,바텀업,114.38887555813804,114.79,-0.4011244418619526,-0.3494419739192896,바텀업,49.6
2024-10,05 가정용품 및 가사 서비스,바텀업,115.635326702181,115.44,0.1953267021810063,0.1692019249662217,바텀업,45.6
2024-10,07 교통,바텀업,113.1925014420683,112.56,0.6325014420683033,0.5619238113613213,바텀업,110.60000000000001
2024-10,08 통신,바텀업,101.21101192265787,101.32,-0.1089880773421043,-0.1075681774004188,바텀업,46.6
2024-10,10 교육,바텀업,106.89479357311431,106.56,0.3347935731143252,0.3141831579526325,바텀업,73.9
2024-10,11 음식 및 숙박,바텀업,121.25948442061802,121.63,-0.3705155793819727,-0.3046251577587542,바텀업,144.7
2024-10,12 기타 상품 및 서비스,바텀업,119.50258248502716,120.08,-0.5774175149728507,-0.4808606886849189,바텀업,52.7
2024-11,"04 주택, 수도, 전기 및 연료",탑다운,115.2584980892052,115.48,-0.2215019107948137,-0.1918097599539433,탑다운,171.6
2024-11,06 보건,탑다운,104.3982117497528,104.56,-0.1617882502472127,-0.1547324505042203,탑다운,84.0
2024-11,09 오락 및 문화,탑다운,108.22148792956207,108.15,0.0714879295620818,0.0661007208156096,탑다운,62.9
2024-11,01 식료품 및 비주류음료,바텀업,121.68595016674644,121.32,0.365950166746444,0.3016404275852654,바텀업,142.0
2024-11,02 주류 및 담배,바텀업,104.6404079384614,104.81,-0.1695920615385944,-0.1618090464064444,바텀업,15.8
2024-11,03 의류 및 신발,바텀업,114.75095870706508,115.48,-0.729041292934923,-0.6313139010520635,바텀업,49.6
2024-11,05 가정용품 및 가사 서비스,바텀업,115.6686289832726,114.99,0.6786289832726169,0.5901634779307913,바텀업,45.6
2024-11,07 교통,바텀업,113.91466120009358,113.69,0.2246612000935783,0.197608584830309,바텀업,110.60000000000001
2024-11,08 통신,바텀업,101.21440778068714,101.32,-0.1055922193128537,-0.1042165607114624,바텀업,46.6
2024-11,10 교육,바텀업,106.95648438284,106.63,0.3264843828399932,0.3061843597861702,바텀업,73.9
2024-11,11 음식 및 숙박,바텀업,121.73802156630671,121.87,-0.131978433693277,-0.1082944397253442,바텀업,144.7
2024-11,12 기타 상품 및 서비스,바텀업,119.99368613518942,120.2,-0.206313864810582,-0.171642150424777,바텀업,52.7
2024-12,"04 주택, 수도, 전기 및 연료",탑다운,115.33987984283578,115.67,-0.3301201571642167,-0.2853982512010173,탑다운,171.6
2024-12,06 보건,탑다운,104.54046020797638,104.56,-0.0195397920236217,-0.0186876358297836,탑다운,84.0
2024-12,09 오락 및 문화,탑다운,108.37189732680103,108.66,-0.2881026731989493,-0.265141425730673,탑다운,62.9
2024-12,01 식료품 및 비주류음료,바텀업,121.67548589157904,123.61,-1.93451410842097,-1.5650142451427638,바텀업,142.0
2024-12,02 주류 및 담배,바텀업,104.70268285075052,104.58,0.1226828507505217,0.1173100504403535,바텀업,15.8
2024-12,03 의류 및 신발,바텀업,115.43390772084824,115.49,-0.0560922791517555,-0.0485689489581396,바텀업,49.6
2024-12,05 가정용품 및 가사 서비스,바텀업,115.59726442127548,115.84,-0.2427355787245346,-0.209543835224909,바텀업,45.6
2024-12,07 교통,바텀업,114.8526737662678,114.32,0.5326737662678056,0.465949760556163,바텀업,110.60000000000001
2024-12,08 통신,바텀업,101.21314212815696,101.34,-0.1268578718430291,-0.1251804537626101,바텀업,46.6
2024-12,10 교육,바텀업,107.00892046279112,106.74,0.2689204627911294,0.2519397253055363,바텀업,73.9
2024-12,11 음식 및 숙박,바텀업,122.21238249046353,122.18,0.0323824904635046,0.0265039208246068,바텀업,144.7
2024-12,12 기타 상품 및 서비스,바텀업,120.31677063825742,119.71,0.60677063825743,0.5068671274391697,바텀업,52.7
2025-01,"04 주택, 수도, 전기 및 연료",탑다운,115.77970696633608,115.87,-0.0902930336639258,-0.0779261531577853,탑다운,171.6
2025-01,06 보건,탑다운,105.66378380235784,105.42,0.2437838023578393,0.2312500496659451,탑다운,84.0
2025-01,09 오락 및 문화,탑다운,108.99031271920856,109.63,-0.6396872807914491,-0.5834965618821938,탑다운,62.9
2025-01,01 식료품 및 비주류음료,바텀업,124.77633611263632,125.13,-0.3536638873636804,-0.2826371672370178,바텀업,142.0
2025-01,02 주류 및 담배,바텀업,104.69087723809712,104.61,0.0808772380971305,0.0773131040026102,바텀업,15.8
2025-01,03 의류 및 신발,바텀업,115.4591763312146,115.46,-0.0008236687854008,-0.000713380205613,바텀업,49.6
2025-01,05 가정용품 및 가사 서비스,바텀업,115.96380588466651,116.17,-0.2061941153334743,-0.1774934280222728,바텀업,45.6
2025-01,07 교통,바텀업,116.4963807666984,115.62,0.8763807666983894,0.7579837110347599,바텀업,110.60000000000001
2025-01,08 통신,바텀업,101.2262208031958,101.34,-0.1137791968042023,-0.1122747156149618,바텀업,46.6
2025-01,10 교육,바텀업,107.09021270370854,107.17,-0.0797872962914567,-0.0744492827204038,바텀업,73.9
2025-01,11 음식 및 숙박,바텀업,122.44371606381976,122.65,-0.2062839361802417,-0.1681891041012978,바텀업,144.7
2025-01,12 기타 상품 및 서비스,바텀업,120.16447245346936,123.0,-2.835527546530642,-2.305306948398896,바텀업,52.7
2025-02,"04 주택, 수도, 전기 및 연료",탑다운,116.27202038028732,116.47,-0.197979619712683,-0.1699833602753353,탑다운,171.6
2025-02,06 보건,탑다운,105.42739836245504,105.43,-0.00260163754497,-0.0024676444512662,탑다운,84.0
2025-02,09 오락 및 문화,탑다운,109.67539864551934,108.89,0.7853986455193365,0.7212771104043866,탑다운,62.9
2025-02,01 식료품 및 비주류음료,바텀업,126.16583949055706,126.45,-0.2841605094429411,-0.2247216365701393,바텀업,142.0
2025-02,02 주류 및 담배,바텀업,104.73751884673372,104.69,0.0475188467337233,0.0453900532369121,바텀업,15.8
2025-02,03 의류 및 신발,바텀업,115.43829621325465,115.86,-0.4217037867453541,-0.3639770298164631,바텀업,49.6
2025-02,05 가정용품 및 가사 서비스,바텀업,116.50919069175848,116.61,-0.1008093082415229,-0.0864499684774229,바텀업,45.6
2025-02,07 교통,바텀업,117.06014426109724,116.19,0.8701442610972521,0.7488977201973079,바텀업,110.60000000000001
2025-02,08 통신,바텀업,101.23290818017644,101.34,-0.1070918198235517,-0.1056757645782038,바텀업,46.6
2025-02,10 교육,바텀업,107.52059995365951,107.26,0.2605999536595078,0.2429609860707699,바텀업,73.9
2025-02,11 음식 및 숙박,바텀업,122.84438484258273,122.86,-0.0156151574172866,-0.0127097162764827,바텀업,144.7
2025-02,12 기타 상품 및 서비스,바텀업,123.0178286756263,123.07,-0.0521713243736883,-0.0423915855803106,바텀업,52.7
2025-03,"04 주택, 수도, 전기 및 연료",탑다운,116.35628300472972,116.25,0.1062830047297325,0.0914262406277268,탑다운,171.6
2025-03,06 보건,탑다운,105.36728754541316,105.45,-0.0827124545868542,-0.078437605108444,탑다운,84.0
2025-03,09 오락 및 문화,탑다운,108.84997565351588,108.99,-0.1400243464841253,-0.1284744898468899,탑다운,62.9
2025-03,01 식료품 및 비주류음료,바텀업,126.33437701913547,127.26,-0.9256229808645317,-0.7273479340441078,바텀업,142.0
2025-03,02 주류 및 담배,바텀업,104.7437685093804,104.72,0.0237685093804032,0.0226972014709732,바텀업,15.8
2025-03,03 의류 및 신발,바텀업,115.80264027559596,115.87,-0.0673597244040422,-0.0581338779701754,바텀업,49.6
2025-03,05 가정용품 및 가사 서비스,바텀업,117.0384530754257,116.27,0.7684530754257111,0.6609211967194556,바텀업,45.6
2025-03,07 교통,바텀업,115.70000497805174,115.67,0.0300049780517355,0.0259401556598387,바텀업,110.60000000000001
2025-03,08 통신,바텀업,101.23652791571254,101.35,-0.1134720842874514,-0.1119606159718317,바텀업,46.6
2025-03,10 교육,바텀업,107.65619372349654,108.45,-0.7938062765034601,-0.731955994931729,바텀업,73.9
2025-03,11 음식 및 숙박,바텀업,123.1585313715089,123.38,-0.2214686284910954,-0.1795012388483509,바텀업,144.7
2025-03,12 기타 상품 및 서비스,바텀업,123.51635987387988,123.52,-0.0036401261201177,-0.0029469932967274,바텀업,52.7
2025-04,"04 주택, 수도, 전기 및 연료",탑다운,116.41722220115729,116.24,0.1772222011572779,0.1524623203348915,탑다운,171.6
2025-04,06 보건,탑다운,105.2870526015274,105.53,-0.2429473984726087,-0.2302164298991838,탑다운,84.0
2025-04,09 오락 및 문화,탑다운,109.3383536952374,109.86,-0.5216463047625979,-0.4748282402717985,탑다운,62.9
2025-04,01 식료품 및 비주류음료,바텀업,126.12778290227212,126.48,-0.3522170977278875,-0.2784765162301451,바텀업,142.0
2025-04,02 주류 및 담배,바텀업,104.7468137108642,104.79,-0.0431862891358179,-0.0412122236242178,바텀업,15.8
2025-04,03 의류 및 신발,바텀업,115.83076591655856,115.92,-0.0892340834414398,-0.0769790229826085,바텀업,49.6
2025-04,05 가정용품 및 가사 서비스,바텀업,116.9018883821972,117.97,-1.0681116178028134,-0.9054095259835664,바텀업,45.6
2025-04,07 교통,바텀업,114.89887482967067,114.55,0.3488748296706774,0.3045611782371692,바텀업,110.60000000000001
2025-04,08 통신,바텀업,101.24379558190353,101.34,-0.0962044180964767,-0.0949323249422505,바텀업,46.6
2025-04,10 교육,바텀업,108.59912874688004,108.67,-0.0708712531199609,-0.0652169440691643,바텀업,73.9
2025-04,11 음식 및 숙박,바텀업,123.63630980947087,123.99,-0.3536901905291216,-0.28525702921939,바텀업,144.7
2025-04,12 기타 상품 및 서비스,바텀업,123.8744696723334,124.98,-1.1055303276665995,-0.8845657926601053,바텀업,52.7
2025-05,"04 주택, 수도, 전기 및 연료",탑다운,116.43130413051315,116.47,-0.038695869486844,-0.0332238941245333,탑다운,171.6
2025-05,06 보건,탑다운,105.53495835349388,105.56,-0.0250416465061249,-0.0237226662619599,탑다운,84.0
2025-05,09 오락 및 문화,탑다운,109.9031448296138,110.14,-0.2368551703861925,-0.2150491832088183,탑다운,62.9
2025-05,01 식료품 및 비주류음료,바텀업,125.6061794268238,124.78,0.826179426823785,0.662108853040379,바텀업,142.0
2025-05,02 주류 및 담배,바텀업,104.87903710885136,104.75,0.1290371088513495,0.1231857841063003,바텀업,15.8
2025-05,03 의류 및 신발,바텀업,115.88723633836088,116.23,-0.3427636616391254,-0.2949011973149147,바텀업,49.6
2025-05,05 가정용품 및 가사 서비스,바텀업,118.14319142934218,118.15,-0.0068085706578244,-0.0057626497315484,바텀업,45.6
2025-05,07 교통,바텀업,114.93260488315158,114.28,0.6526048831515823,0.5710578256489169,바텀업,110.60000000000001
2025-05,08 통신,바텀업,101.24383793524144,101.34,-0.0961620647585732,-0.0948905316346686,바텀업,46.6
2025-05,10 교육,바텀업,109.04281761665254,108.74,0.3028176166525469,0.2784785880564162,바텀업,73.9
2025-05,11 음식 및 숙박,바텀업,124.22623592795333,124.35,-0.1237640720466828,-0.0995288074360135,바텀업,144.7
2025-05,12 기타 상품 및 서비스,바텀업,125.01738877618774,124.94,0.077388776187746,0.0619407525114023,바텀업,52.7
2025-06,"04 주택, 수도, 전기 및 연료",탑다운,116.53085976570608,116.56,-0.0291402342939193,-0.0250002010071373,탑다운,171.6
2025-06,06 보건,탑다운,105.58943918957512,105.54,0.0494391895751107,0.0468440302966749,탑다운,84.0
2025-06,09 오락 및 문화,탑다운,109.5064200122774,109.49,0.0164200122774076,0.0149968145743059,탑다운,62.9
2025-06,01 식료품 및 비주류음료,바텀업,123.80100506966998,124.74,-0.9389949303300114,-0.7527616885762477,바텀업,142.0
2025-06,02 주류 및 담배,바텀업,104.88933599201329,104.87,0.0193359920132678,0.018438058561331,바텀업,15.8
2025-06,03 의류 및 신발,바텀업,116.18274650269724,116.46,-0.2772534973027518,-0.2380675745343911,바텀업,49.6
2025-06,05 가정용품 및 가사 서비스,바텀업,118.2955961856483,119.41,-1.1144038143517037,-0.9332583655905734,바텀업,45.6
2025-06,07 교통,바텀업,114.8241213019011,114.15,0.6741213019010956,0.5905574261069607,바텀업,110.60000000000001
2025-06,08 통신,바텀업,101.2408432716734,101.34,-0.099156728326605,-0.0978455973224837,바텀업,46.6
2025-06,10 교육,바텀업,109.19042970421852,108.85,0.3404297042185362,0.3127512211470246,바텀업,73.9
2025-06,11 음식 및 숙박,바텀업,124.50857591992902,124.39,0.1185759199290146,0.0953259264643577,바텀업,144.7
2025-06,12 기타 상품 및 서비스,바텀업,125.2431296121707,124.93,0.3131296121706981,0.2506440504047851,바텀업,52.7
2025-07,"04 주택, 수도, 전기 및 연료",탑다운,115.3547331641716,115.16,0.194733164171609,0.1690979195654819,탑다운,171.6
2025-07,06 보건,탑다운,105.31781302968976,105.5,-0.182186970310255,-0.1726890713841279,탑다운,84.0
2025-07,09 오락 및 문화,탑다운,110.3672638391364,110.16,0.2072638391364165,0.18814800212093,탑다운,62.9
2025-07,01 식료품 및 비주류음료,바텀업,124.93948369684075,125.75,-0.8105163031592326,-0.6445457679198668,바텀업,142.0
2025-07,02 주류 및 담배,바텀업,104.964072068512,104.88,0.0840720685120004,0.0801602483905419,바텀업,15.8
2025-07,03 의류 및 신발,바텀업,116.40376349697095,116.46,-0.0562365030290408,-0.0482882560785169,바텀업,49.6
2025-07,05 가정용품 및 가사 서비스,바텀업,119.58227583004026,119.32,0.2622758300402665,0.2198087747571795,바텀업,45.6
2025-07,07 교통,바텀업,115.6283969750587,115.82,-0.191603024941287,-0.1654317259033733,바텀업,110.60000000000001
2025-07,08 통신,바텀업,101.23977268341604,101.35,-0.1102273165839591,-0.1087590691504283,바텀업,46.6
2025-07,10 교육,바텀업,109.32201894779988,108.9,0.4220189477998701,0.3875288776858311,바텀업,73.9
2025-07,11 음식 및 숙박,바텀업,124.75122925024876,125.15,-0.398770749751236,-0.3186342387145314,바텀업,144.7
2025-07,12 기타 상품 및 서비스,바텀업,125.30856348800005,124.98,0.3285634880000287,0.262892853256544,바텀업,52.7
2025-08,"04 주택, 수도, 전기 및 연료",탑다운,115.7407627010563,115.37,0.370762701056293,0.3213683809103693,탑다운,171.6
2025-08,06 보건,탑다운,105.54829390423376,105.56,-0.0117060957662289,-0.0110895185356469,탑다운,84.0
2025-08,09 오락 및 문화,탑다운,110.40235493288688,110.38,0.0223549328868841,0.0202527023798552,탑다운,62.9
2025-08,01 식료품 및 비주류음료,바텀업,127.4191666321404,128.96,-1.540833367859619,-1.1948149564668264,바텀업,142.0
2025-08,02 주류 및 담배,바텀업,104.9513365541616,104.91,0.041336554161603,0.0394019198947698,바텀업,15.8
2025-08,03 의류 및 신발,바텀업,116.42422610269062,116.48,-0.055773897309379,-0.0478828101900576,바텀업,49.6
2025-08,05 가정용품 및 가사 서비스,바텀업,119.671461313263,119.67,0.0014613132629932,0.0012211191301021,바텀업,45.6
2025-08,07 교통,바텀업,116.18693789502736,116.27,-0.0830621049726403,-0.071438982517107,바텀업,110.60000000000001
2025-08,08 통신,바텀업,101.24676321283695,87.87,13.376763212836948,15.223356336448102,바텀업,46.6
2025-08,10 교육,바텀업,109.35914098227992,108.93,0.4291409822799039,0.3939603252363021,바텀업,73.9
2025-08,11 음식 및 숙박,바텀업,125.39630305591224,125.46,-0.0636969440877663,-0.050770719024204,바텀업,144.7
2025-08,12 기타 상품 및 서비스,바텀업,125.18661604801676,124.93,0.2566160480167667,0.2054078668188319,바텀업,52.7
2025-09,"04 주택, 수도, 전기 및 연료",탑다운,116.8705001836094,116.71,0.1605001836094146,0.1375205069055048,탑다운,171.6
2025-09,06 보건,탑다운,105.57084500626576,105.49,0.0808450062657755,0.0766376019203484,탑다운,84.0
2025-09,09 오락 및 문화,탑다운,109.78325184328295,109.58,0.2032518432829562,0.1854826093109657,탑다운,62.9
2025-09,01 식료품 및 비주류음료,바텀업,130.0765702926752,128.82,1.2565702926752067,0.9754465864580086,바텀업,142.0
2025-09,02 주류 및 담배,바텀업,104.94822717429324,105.05,-0.101772825706746,-0.0968803671649177,바텀업,15.8
2025-09,03 의류 및 신발,바텀업,116.45258704230896,116.48,-0.0274129576910553,-0.0235344760397109,바텀업,49.6
2025-09,05 가정용품 및 가사 서비스,바텀업,119.98619557072058,118.69,1.2961955707205846,1.0920849024522576,바텀업,45.6
2025-09,07 교통,바텀업,116.1014484416747,115.21,0.8914484416747115,0.7737596056546406,바텀업,110.60000000000001
2025-09,08 통신,바텀업,94.07632878814988,101.38,-7.30367121185013,-7.204252526977836,바텀업,46.6
2025-09,10 교육,바텀업,109.3366345376879,108.61,0.7266345376879002,0.6690309710780777,바텀업,73.9
2025-09,11 음식 및 숙박,바텀업,125.44693723769876,125.05,0.396937237698765,0.3174228210305997,바텀업,144.7
2025-09,12 기타 상품 및 서비스,바텀업,125.1766002323198,125.17,0.0066002323197977,0.005273014556042,바텀업,52.7
2025-10,"04 주택, 수도, 전기 및 연료",탑다운,117.21355673595772,116.94,0.2735567359577118,0.2339291396936136,탑다운,171.6
2025-10,06 보건,탑다운,105.4632262705565,105.6,-0.1367737294434903,-0.1295205771245173,탑다운,84.0
2025-10,09 오락 및 문화,탑다운,109.50905262681144,110.99,-1.480947373188542,-1.3343070305329687,탑다운,62.9
2025-10,01 식료품 및 비주류음료,바텀업,127.91166735575857,128.88,-0.9683326442414284,-0.7513443856621884,바텀업,142.0
2025-10,02 주류 및 담배,바텀업,105.00372343415438,105.1,-0.0962765658456135,-0.091604724876892,바텀업,15.8
2025-10,03 의류 및 신발,바텀업,116.4426109457902,117.24,-0.7973890542097877,-0.680133959578461,바텀업,49.6
2025-10,05 가정용품 및 가사 서비스,바텀업,119.24003166619308,118.03,1.210031666193089,1.0251899230645505,바텀업,45.6
2025-10,07 교통,바텀업,115.86038858878888,116.4,-0.5396114112111263,-0.4635836866074967,바텀업,110.60000000000001
2025-10,08 통신,바텀업,97.87874079027463,101.73,-3.85125920972537,-3.785765467143783,바텀업,46.6
2025-10,10 교육,바텀업,108.97649102115103,108.5,0.4764910211510482,0.4391622314756205,바텀업,73.9
2025-10,11 음식 및 숙박,바텀업,125.307138571452,125.52,-0.2128614285480097,-0.1695836747514418,바텀업,144.7
2025-10,12 기타 상품 및 서비스,바텀업,125.3277415735078,125.26,0.0677415735078028,0.0540807708029721,바텀업,52.7
2025-11,"04 주택, 수도, 전기 및 연료",탑다운,116.73607161121656,116.89,-0.1539283887834415,-0.1316865333077607,탑다운,171.6
2025-11,06 보건,탑다운,105.55401982510348,105.66,-0.1059801748965156,-0.1003030237521443,탑다운,84.0
2025-11,09 오락 및 문화,탑다운,110.26356474440792,109.66,0.6035647444079331,0.5503964475724358,탑다운,62.9
2025-11,01 식료품 및 비주류음료,바텀업,126.50560328029206,127.08,-0.5743967197079343,-0.4519961596694478,바텀업,142.0
2025-11,02 주류 및 담배,바텀업,104.995923191072,104.87,0.1259231910720046,0.1200755135615568,바텀업,15.8
2025-11,03 의류 및 신발,바텀업,117.19241214448697,118.17,-0.9775878555130504,-0.8272724511407721,바텀업,49.6
2025-11,05 가정용품 및 가사 서비스,바텀업,118.66055434791528,118.19,0.4705543479152823,0.3981338082031324,바텀업,45.6
2025-11,07 교통,바텀업,118.39338172804844,117.31,1.083381728048451,0.9235203546572764,바텀업,110.60000000000001
2025-11,08 통신,바텀업,99.53039223514564,101.73,-2.199607764854377,-2.162201675861965,바텀업,46.6
2025-11,10 교육,바텀업,108.84881711960747,108.44,0.4088171196074768,0.3769984503942058,바텀업,73.9
2025-11,11 음식 및 숙박,바텀업,125.61179416897494,125.4,0.2117941689749329,0.1688948715908556,바텀업,144.7
2025-11,12 기타 상품 및 서비스,바텀업,125.44940739152392,125.23,0.2194073915239158,0.1752035387079101,바텀업,52.7
2025-12,"04 주택, 수도, 전기 및 연료",탑다운,116.72749986976864,117.12,-0.3925001302313688,-0.3351264773150348,탑다운,171.6
2025-12,06 보건,탑다운,105.62907431991968,105.57,0.0590743199196737,0.0559574878466171,탑다운,84.0
2025-12,09 오락 및 문화,탑다운,110.0057086641078,109.93,0.0757086641077791,0.06886988456998,탑다운,62.9
2025-12,01 식료품 및 비주류음료,바텀업,127.5741909135358,128.01,-0.4358090864641895,-0.3404492512023979,바텀업,142.0
2025-12,02 주류 및 담배,바텀업,104.99435657132764,104.63,0.3643565713276331,0.3482333664605114,바텀업,15.8
2025-12,03 의류 및 신발,바텀업,118.11624156802984,118.19,-0.0737584319701625,-0.0624066604367226,바텀업,49.6
2025-12,05 가정용품 및 가사 서비스,바텀업,118.52330495300907,118.98,-0.4566950469909301,-0.3838418616497983,바텀업,45.6
2025-12,07 교통,바텀업,118.96757711241622,117.99,0.9775771124162276,0.8285253940301953,바텀업,110.60000000000001
2025-12,08 통신,바텀업,100.35714950806376,101.75,-1.3928504919362297,-1.368894832369759,바텀업,46.6
2025-12,10 교육,바텀업,108.7578983650979,108.48,0.2778983650978972,0.2561747465872946,바텀업,73.9
2025-12,11 음식 및 숙박,바텀업,125.74369745918057,125.84,-0.0963025408194511,-0.0765277660675867,바텀업,144.7
2025-12,12 기타 상품 및 서비스,바텀업,125.50068287422935,125.57,-0.0693171257706239,-0.0552019795895707,바텀업,52.7
2026-01,"04 주택, 수도, 전기 및 연료",탑다운,117.10811405974516,117.36,-0.2518859402548514,-0.2146267384584624,탑다운,171.6
2026-01,06 보건,탑다운,106.649342771847,106.63,0.0193427718469934,0.0181400842605208,탑다운,84.0
2026-01,09 오락 및 문화,탑다운,110.40139621026754,110.57,-0.1686037897324581,-0.152486017665242,탑다운,62.9
2026-01,01 식료품 및 비주류음료,바텀업,129.12042870448727,128.75,0.3704287044872671,0.2877116151357414,바텀업,142.0
2026-01,02 주류 및 담배,바텀업,104.89404707706956,105.08,-0.1859529229304399,-0.1769631927392843,바텀업,15.8
2026-01,03 의류 및 신발,바텀업,118.15665967620912,118.24,-0.083340323790864,-0.0704840356823952,바텀업,49.6
2026-01,05 가정용품 및 가사 서비스,바텀업,119.30851999625727,119.56,-0.2514800037427278,-0.2103379087844829,바텀업,45.6
2026-01,07 교통,바텀업,117.64507345770907,116.94,0.7050734577090765,0.6029360849231028,바텀업,110.60000000000001
2026-01,08 통신,바텀업,100.86467925264452,101.76,-0.8953207473554841,-0.8798356400899018,바텀업,46.6
2026-01,10 교육,바텀업,108.79349990403048,108.83,-0.0365000959695152,-0.0335386345396629,바텀업,73.9
2026-01,11 음식 및 숙박,바텀업,126.07632088723383,126.1,-0.0236791127661604,-0.0187780434307378,바텀업,144.7
2026-01,12 기타 상품 및 서비스,바텀업,125.68114995106606,129.1,-3.4188500489339333,-2.6482184732253558,바텀업,52.7
2026-02,"04 주택, 수도, 전기 및 연료",탑다운,117.70359645477254,117.83,-0.1264035452274612,-0.1072761989539686,탑다운,171.6
2026-02,06 보건,탑다운,106.63151256533952,106.41,0.2215125653395233,0.2081689365092786,탑다운,84.0
2026-02,09 오락 및 문화,탑다운,110.57867433801798,112.17,-1.591325661982026,-1.4186731407524529,탑다운,62.9
2026-02,01 식료품 및 비주류음료,바텀업,129.28670880365576,129.12,0.1667088036557515,0.1291115269948509,바텀업,142.0
2026-02,02 주류 및 담배,바텀업,104.98551066526952,105.33,-0.3444893347304685,-0.327057186680403,바텀업,15.8
2026-02,03 의류 및 신발,바텀업,118.21137745512937,118.28,-0.0686225448706494,-0.0580170315105254,바텀업,49.6
2026-02,05 가정용품 및 가사 서비스,바텀업,119.93050533509609,119.48,0.4505053350960821,0.3770550176565803,바텀업,45.6
2026-02,07 교통,바텀업,117.3189256462095,117.42,-0.1010743537905085,-0.0860793338362362,바텀업,110.60000000000001
2026-02,08 통신,바텀업,101.1808665413552,101.78,-0.5991334586448147,-0.588655392655546,바텀업,46.6
2026-02,10 교육,바텀업,109.1366718621426,109.07,0.0666718621426127,0.0611275897520975,바텀업,73.9
2026-02,11 음식 및 숙박,바텀업,126.3427794029284,126.59,-0.2472205970716174,-0.1952923588526877,바텀업,144.7
2026-02,12 기타 상품 및 서비스,바텀업,128.62124095074583,129.38,-0.7587590492541665,-0.5864577595100993,바텀업,52.7
2026-03,"04 주택, 수도, 전기 및 연료",탑다운,117.61195378737916,118.05,-0.4380462126208471,-0.3710683715551436,탑다운,171.6
2026-03,06 보건,탑다운,106.33649429447438,106.83,-0.4935057055256209,-0.4619542315132649,탑다운,84.0
2026-03,09 오락 및 문화,탑다운,111.77737404467432,112.01,-0.2326259553256875,-0.2076832026834099,탑다운,62.9
2026-03,01 식료품 및 비주류음료,바텀업,128.9583748975358,127.91,1.0483748975358085,0.8196191834382052,바텀업,142.0
2026-03,02 주류 및 담배,바텀업,105.06480853130628,105.35,-0.2851914686937249,-0.2707085606964641,바텀업,15.8
2026-03,03 의류 및 신발,바텀업,118.22713651131345,118.3,-0.0728634886865648,-0.0615921290672568,바텀업,49.6
2026-03,05 가정용품 및 가사 서비스,바텀업,119.98091526846824,119.95,0.0309152684682345,0.0257734626663064,바텀업,45.6
2026-03,07 교통,바텀업,122.81837919633864,121.44,1.378379196338642,1.135028982492294,바텀업,110.60000000000001
2026-03,08 통신,바텀업,101.37629658586232,101.97,-0.5937034141376785,-0.5822334158455217,바텀업,46.6
2026-03,10 교육,바텀업,109.59420624152196,109.61,-0.0157937584780256,-0.0144090488806,바텀업,73.9
2026-03,11 음식 및 숙박,바텀업,126.7976680681067,126.76,0.0376680681066972,0.0297160524666276,바텀업,144.7
2026-03,12 기타 상품 및 서비스,바텀업,129.3810175511511,129.19,0.1910175511511056,0.147857845925463,바텀업,52.7
2026-04,"04 주택, 수도, 전기 및 연료",탑다운,118.08583594517056,118.24,-0.1541640548294225,-0.1303823197136523,탑다운,171.6
2026-04,06 보건,탑다운,106.67771210399803,106.77,-0.092287896001963,-0.086436167464609,탑다운,84.0
2026-04,09 오락 및 문화,탑다운,112.44781446171974,113.65,-1.202185538280261,-1.057796338126055,탑다운,62.9
2026-04,01 식료품 및 비주류음료,바텀업,127.1103919979993,126.84,0.2703919979992975,0.2131756527903638,바텀업,142.0
2026-04,02 주류 및 담배,바텀업,105.1366068248469,104.92,0.2166068248468917,0.2064495090038998,바텀업,15.8
2026-04,03 의류 및 신발,바텀업,118.23934137920352,118.4,-0.1606586207964824,-0.1356914026997317,바텀업,49.6
2026-04,05 가정용품 및 가사 서비스,바텀업,120.13989928147882,120.24,-0.1001007185211761,-0.0832507639065004,바텀업,45.6
2026-04,07 교통,바텀업,126.82296649727652,125.62,1.2029664972765204,0.9576233858275116,바텀업,110.60000000000001
2026-04,08 통신,바텀업,101.6434373555434,101.98,-0.3365626444566061,-0.3300280883081056,바텀업,46.6
2026-04,10 교육,바텀업,109.61917691396908,109.89,-0.2708230860309157,-0.246449254737388,바텀업,73.9
2026-04,11 음식 및 숙박,바텀업,127.05234697789354,127.26,-0.20765302210647,-0.1631722631671146,바텀업,144.7
2026-04,12 기타 상품 및 서비스,바텀업,129.29761676814115,130.06,-0.7623832318588484,-0.586178096154735,바텀업,52.7
2026-05,"04 주택, 수도, 전기 및 연료",탑다운,118.4240442328193,118.53,-0.1059557671807027,-0.0893915187553385,탑다운,171.6
2026-05,06 보건,탑다운,106.77204561291788,106.72,0.0520456129178938,0.0487683779215647,탑다운,84.0
2026-05,09 오락 및 문화,탑다운,113.62133308863324,115.7,-2.078666911366767,-1.7966006148373097,탑다운,62.9
2026-05,01 식료품 및 비주류음료,바텀업,125.68790970544076,126.79,-1.102090294559261,-0.8692249345841636,바텀업,142.0
2026-05,02 주류 및 담배,바텀업,105.1133493694124,105.06,0.0533493694124018,0.0507799061606718,바텀업,15.8
2026-05,03 의류 및 신발,바텀업,118.35935656589248,119.45,-1.090643434107534,-0.9130543609104512,바텀업,49.6
2026-05,05 가정용품 및 가사 서비스,바텀업,120.57267513756464,121.21,-0.6373248624353636,-0.5258022130479033,바텀업,45.6
2026-05,07 교통,바텀업,128.43310871952335,127.54,0.8931087195233403,0.7002577383748944,바텀업,110.60000000000001
2026-05,08 통신,바텀업,101.7452065162546,101.96,-0.2147934837453817,-0.2106644603230499,바텀업,46.6
2026-05,10 교육,바텀업,109.9669626691244,110.16,-0.1930373308755975,-0.1752335973816244,바텀업,73.9
2026-05,11 음식 및 숙박,바텀업,127.52382775400888,127.65,-0.1261722459911141,-0.0988423392018128,바텀업,144.7
2026-05,12 기타 상품 및 서비스,바텀업,129.99356574284346,130.11,-0.1164342571565555,-0.0894890916582549,바텀업,52.7
2026-06,"04 주택, 수도, 전기 및 연료",탑다운,118.5948574104209,118.55,0.0448574104209029,0.0378383892205001,탑다운,171.6
2026-06,06 보건,탑다운,106.74083399067725,106.92,-0.1791660093227562,-0.1675701546228547,탑다운,84.0
2026-06,09 오락 및 문화,탑다운,114.88337997045149,115.44,-0.5566200295485118,-0.482172582768981,탑다운,62.9
2026-06,01 식료품 및 비주류음료,바텀업,125.63483306041182,127.27,-1.6351669395881745,-1.2848015554240388,바텀업,142.0
2026-06,02 주류 및 담배,바텀업,105.09057094147748,105.35,-0.259429058522528,-0.2462544456787167,바텀업,15.8
2026-06,03 의류 및 신발,바텀업,119.34733997103464,119.52,-0.1726600289653532,-0.1444612022802487,바텀업,49.6
2026-06,05 가정용품 및 가사 서비스,바텀업,121.24856455749516,122.61,-1.3614354425048276,-1.1103787965947538,바텀업,45.6
2026-06,07 교통,바텀업,129.15671293529067,126.82,2.3367129352906773,1.8425429232697343,바텀업,110.60000000000001
2026-06,08 통신,바텀업,101.78776625594386,101.88,-0.0922337440561307,-0.0905317472086088,바텀업,46.6
2026-06,10 교육,바텀업,110.29196441648207,110.15,0.1419644164820681,0.1288828111503115,바텀업,73.9
2026-06,11 음식 및 숙박,바텀업,127.77231384082243,127.7,0.0723138408224457,0.0566279098061438,바텀업,144.7
2026-06,12 기타 상품 및 서비스,바텀업,130.0934207569239,130.19,-0.0965792430760927,-0.074183303691599,바텀업,52.7
2026-07,"04 주택, 수도, 전기 및 연료",탑다운,117.32910876975726,117.29,0.0391087697572487,0.0333436522783261,탑다운,171.6
2026-07,06 보건,탑다운,106.70666227011772,107.16,-0.4533377298822785,-0.4230475269524809,탑다운,84.0
2026-07,09 오락 및 문화,탑다운,116.4042553267755,116.27,0.1342553267755022,0.1154685875767629,탑다운,62.9
2026-07,01 식료품 및 비주류음료,바텀업,127.45373198966908,126.94,0.5137319896690826,0.4047045767048075,바텀업,142.0
2026-07,02 주류 및 담배,바텀업,105.19265092887996,105.09,0.1026509288799673,0.0976790644970666,바텀업,15.8
2026-07,03 의류 및 신발,바텀업,119.46516131201489,119.71,-0.2448386879851227,-0.2045265123925509,바텀업,49.6
2026-07,05 가정용품 및 가사 서비스,바텀업,122.72645081329726,122.9,-0.1735491867027434,-0.1412117060233876,바텀업,45.6
2026-07,07 교통,바텀업,125.79938463775866,124.73,1.0693846377586596,0.8573596069579569,바텀업,110.60000000000001
2026-07,08 통신,바텀업,101.73853605058773,102.01,-0.2714639494122934,-0.2661150371652714,바텀업,46.6
2026-07,10 교육,바텀업,110.31543528295998,110.27,0.0454352829599855,0.0412036664187771,바텀업,73.9
2026-07,11 음식 및 숙박,바텀업,128.053067079603,128.61,-0.5569329203970028,-0.4330401371565219,바텀업,144.7
2026-07,12 기타 상품 및 서비스,바텀업,130.14920369457548,130.44,-0.2907963054245215,-0.2229349167621293,바텀업,52.7
