품목명,Tier,가중치,모델,MAPE%,품목코드,대분류
쌀,A,4.2,비계절ETS,1.281637286781249,A011010,01 식료품 및 비주류음료
현미,A,0.4,비계절ETS,0.7860776890993266,A011020,01 식료품 및 비주류음료
찹쌀,A,0.5,비계절ETS,1.2284425516880495,A011030,01 식료품 및 비주류음료
보리쌀,A,0.2,비계절ETS,0.9795152607826256,A011040,01 식료품 및 비주류음료
콩,A,0.5,비계절ETS,0.5726858918835761,A011050,01 식료품 및 비주류음료
땅콩,A,0.1,비계절ETS,0.3521330427044564,A011060,01 식료품 및 비주류음료
혼식곡,A,0.4,비계절ETS,0.4076175546687266,A011070,01 식료품 및 비주류음료
밀가루,A,0.1,비계절ETS,0.9111344436878792,A011080,01 식료품 및 비주류음료
국수,A,0.7,비계절ETS,1.953288713454734,A011090,01 식료품 및 비주류음료
라면,A,2.4,비계절ETS,0.5070392248827845,A011100,01 식료품 및 비주류음료
당면,A,0.2,비계절ETS,2.985663862667575,A011110,01 식료품 및 비주류음료
두부,A,1.2,비계절ETS,0.556035791314671,A011120,01 식료품 및 비주류음료
시리얼,A,0.4,비계절ETS,7.701914013271562,A011130,01 식료품 및 비주류음료
부침가루,A,0.6,비계절ETS,2.697624986277816,A011140,01 식료품 및 비주류음료
케이크,A,1.6,비계절ETS,0.3127899030337138,A011150,01 식료품 및 비주류음료
빵,A,6.8,비계절ETS,0.2829555474113163,A011160,01 식료품 및 비주류음료
떡,A,1.9,비계절ETS,0.1796415341901943,A011170,01 식료품 및 비주류음료
파스타면,A,0.1,비계절ETS,2.0109905164802573,A011180,01 식료품 및 비주류음료
국산쇠고기,A,8.6,비계절ETS,1.2927341838722972,A012010,01 식료품 및 비주류음료
수입쇠고기,A,3.1,비계절ETS,1.175763504095656,A012020,01 식료품 및 비주류음료
돼지고기,A,9.8,비계절ETS,1.9346030354267665,A012030,01 식료품 및 비주류음료
닭고기,A,1.5,비계절ETS,1.3599938811894836,A012040,01 식료품 및 비주류음료
소시지,A,2.0,비계절ETS,1.3185368048674164,A012050,01 식료품 및 비주류음료
햄및베이컨,A,2.7,비계절ETS,1.6110119389335036,A012060,01 식료품 및 비주류음료
기타육류가공품,A,0.9,비계절ETS,1.6372247482668911,A012070,01 식료품 및 비주류음료
마른멸치,A,0.5,비계절ETS,0.4852796360359657,A013110,01 식료품 및 비주류음료
마른오징어,A,0.2,비계절ETS,0.5795141480091667,A013120,01 식료품 및 비주류음료
오징어채,A,0.2,비계절ETS,0.4762934859336032,A013140,01 식료품 및 비주류음료
북어채,A,0.4,비계절ETS,1.5248210985274415,A013150,01 식료품 및 비주류음료
어묵,A,0.8,비계절ETS,1.5891348473592135,A013160,01 식료품 및 비주류음료
맛살,A,0.2,비계절ETS,1.7885768245055964,A013170,01 식료품 및 비주류음료
수산물통조림,A,0.7,비계절ETS,0.349860551324654,A013180,01 식료품 및 비주류음료
젓갈,A,0.7,비계절ETS,0.9583406014210548,A013190,01 식료품 및 비주류음료
우유,A,3.4,비계절ETS,0.1738131902123759,A014010,01 식료품 및 비주류음료
분유,A,0.5,비계절ETS,0.509503457937058,A014020,01 식료품 및 비주류음료
치즈,A,0.7,비계절ETS,0.2952219262165085,A014030,01 식료품 및 비주류음료
발효유,A,2.0,비계절ETS,0.4627248318253971,A014040,01 식료품 및 비주류음료
달걀,A,3.0,비계절ETS,1.2553705229408574,A014050,01 식료품 및 비주류음료
참기름,A,0.6,비계절ETS,1.6232246432966635,A015010,01 식료품 및 비주류음료
식용유,A,0.8,비계절ETS,2.9224107920840487,A015020,01 식료품 및 비주류음료
아몬드,A,0.2,비계절ETS,0.2925755076985972,A016190,01 식료품 및 비주류음료
과일가공품,A,1.0,비계절ETS,1.3815903446983449,A016200,01 식료품 및 비주류음료
고사리,A,0.1,비계절ETS,0.330039789657486,A017250,01 식료품 및 비주류음료
단무지,A,0.2,비계절ETS,2.015725348708366,A017270,01 식료품 및 비주류음료
김,A,0.5,비계절ETS,0.5076893006787522,A017280,01 식료품 및 비주류음료
맛김,A,0.5,비계절ETS,0.9463991319554368,A017290,01 식료품 및 비주류음료
미역,A,0.3,비계절ETS,0.3742025542387288,A017300,01 식료품 및 비주류음료
초콜릿,A,0.5,비계절ETS,0.739815441849854,A018010,01 식료품 및 비주류음료
사탕,A,0.8,비계절ETS,1.1191582043648214,A018020,01 식료품 및 비주류음료
껌,A,0.1,비계절ETS,0.2774392620733702,A018030,01 식료품 및 비주류음료
아이스크림,A,2.6,비계절ETS,0.3314078703996275,A018040,01 식료품 및 비주류음료
비스킷,A,1.9,비계절ETS,0.4928436528859701,A018050,01 식료품 및 비주류음료
스낵과자,A,2.9,비계절ETS,0.1814337127913989,A018060,01 식료품 및 비주류음료
파이,A,0.6,비계절ETS,0.3304044255999759,A018070,01 식료품 및 비주류음료
설탕,A,0.3,비계절ETS,0.7233890332336141,A018080,01 식료품 및 비주류음료
잼,A,0.1,비계절ETS,1.7873059629770165,A018090,01 식료품 및 비주류음료
꿀,A,0.4,비계절ETS,0.2102564880952603,A018100,01 식료품 및 비주류음료
물엿,A,0.2,비계절ETS,3.3281331555949283,A018110,01 식료품 및 비주류음료
고춧가루,A,1.6,비계절ETS,0.4831314175970975,A019010,01 식료품 및 비주류음료
참깨,A,0.6,비계절ETS,0.2764698969721506,A019020,01 식료품 및 비주류음료
소금,A,0.2,비계절ETS,0.1483954953537265,A019040,01 식료품 및 비주류음료
간장,A,0.4,비계절ETS,1.1695416345748464,A019050,01 식료품 및 비주류음료
된장,A,0.4,비계절ETS,2.32311245689106,A019060,01 식료품 및 비주류음료
양념소스,A,0.5,비계절ETS,2.229615218818815,A019070,01 식료품 및 비주류음료
고추장,A,0.3,비계절ETS,1.7862004869227677,A019080,01 식료품 및 비주류음료
카레,A,0.2,비계절ETS,0.716322386796337,A019090,01 식료품 및 비주류음료
식초,A,0.1,비계절ETS,0.7271339781446983,A019100,01 식료품 및 비주류음료
드레싱,A,0.2,비계절ETS,0.7754698410173718,A019110,01 식료품 및 비주류음료
혼합조미료,A,0.3,비계절ETS,1.1561948345368358,A019120,01 식료품 및 비주류음료
스프,A,0.3,비계절ETS,0.306813233287417,A019130,01 식료품 및 비주류음료
이유식,A,0.3,비계절ETS,0.0896945351728756,A019140,01 식료품 및 비주류음료
김치,A,1.3,비계절ETS,0.4495613434446695,A019150,01 식료품 및 비주류음료
밑반찬,A,3.1,비계절ETS,0.2864674993301978,A019160,01 식료품 및 비주류음료
냉동식품,A,1.9,비계절ETS,1.3222100476160497,A019170,01 식료품 및 비주류음료
즉석식품,A,3.1,비계절ETS,0.9870921710473852,A019180,01 식료품 및 비주류음료
편의점도시락,A,0.4,비계절ETS,0.2705418356215804,A019190,01 식료품 및 비주류음료
삼각김밥,A,0.4,비계절ETS,0.1659770571065939,A019200,01 식료품 및 비주류음료
커피,A,2.6,비계절ETS,0.6036197037343427,A021010,01 식료품 및 비주류음료
차,A,0.9,비계절ETS,3.1642804409573144,A021020,01 식료품 및 비주류음료
주스,A,1.4,비계절ETS,0.3100725243156513,A022010,01 식료품 및 비주류음료
두유,A,0.8,비계절ETS,0.9504654182856436,A022020,01 식료품 및 비주류음료
생수,A,1.3,비계절ETS,0.3022667381922889,A022030,01 식료품 및 비주류음료
기능성음료,A,0.5,비계절ETS,0.3386521983279415,A022040,01 식료품 및 비주류음료
탄산음료,A,1.6,비계절ETS,1.706364293831827,A022050,01 식료품 및 비주류음료
기타음료,A,0.6,비계절ETS,1.2774060328267396,A022060,01 식료품 및 비주류음료
소주,A,1.7,비계절ETS,0.0774621197252706,B011010,02 주류 및 담배
과실주,A,0.8,비계절ETS,2.108544991046126,B011020,02 주류 및 담배
맥주,A,3.0,비계절ETS,0.1461698371967805,B011030,02 주류 및 담배
막걸리,A,0.5,비계절ETS,0.1302538902989838,B011040,02 주류 및 담배
양주,A,0.4,비계절ETS,3.4363489964466907,B011050,02 주류 및 담배
약주,A,0.1,비계절ETS,0.0751371578210798,B011060,02 주류 및 담배
남자외의,A,4.4,비계절ETS,0.2073498626066315,C011010,03 의류 및 신발
남자상의,A,1.5,비계절ETS,0.2459017781344109,C011020,03 의류 및 신발
남자하의,A,1.3,비계절ETS,0.1772263409640938,C011030,03 의류 및 신발
남자내의,A,0.7,비계절ETS,0.14183211410224,C011040,03 의류 및 신발
여자외의,A,6.2,비계절ETS,0.422141763085792,C012010,03 의류 및 신발
원피스,A,1.8,비계절ETS,0.6659681016094727,C012020,03 의류 및 신발
여자상의,A,1.5,비계절ETS,0.2432733789680281,C012030,03 의류 및 신발
여자하의,A,2.4,비계절ETS,0.4273109630710629,C012040,03 의류 및 신발
여자내의,A,1.8,비계절ETS,0.12986419222696,C012050,03 의류 및 신발
점퍼,A,3.3,비계절ETS,0.562952336044879,C013010,03 의류 및 신발
티셔츠,A,4.6,비계절ETS,0.1525320630243196,C013020,03 의류 및 신발
스웨터,A,0.6,비계절ETS,0.1293247451135696,C013030,03 의류 및 신발
청바지,A,1.6,비계절ETS,0.512321461172197,C013040,03 의류 및 신발
운동복,A,2.3,비계절ETS,0.305860701548156,C013050,03 의류 및 신발
등산복,A,0.5,비계절ETS,0.2916404551106298,C013060,03 의류 및 신발
유아동복,A,4.6,비계절ETS,0.3228326654096666,C014010,03 의류 및 신발
양말,A,0.9,비계절ETS,0.1136422245665168,C015010,03 의류 및 신발
모자,A,0.6,비계절ETS,0.0527987827657012,C015020,03 의류 및 신발
장갑,A,0.2,비계절ETS,0.6113801649656124,C015030,03 의류 및 신발
의복수선료,A,0.2,비계절ETS,0.4126282449613034,C016010,03 의류 및 신발
세탁료,A,1.1,비계절ETS,0.6823130237257762,C016020,03 의류 및 신발
아동화,A,0.9,비계절ETS,0.1623979587947398,C021010,03 의류 및 신발
구두,A,2.0,비계절ETS,0.8135929204496427,C021020,03 의류 및 신발
운동화,A,4.4,비계절ETS,0.2854807703897914,C021030,03 의류 및 신발
실내화,A,0.2,비계절ETS,0.1191328024935536,C021040,03 의류 및 신발
전세,A,54.2,비계절ETS,0.0300251920457021,D011010,"04 주택,수도,전기및연료"
월세,A,44.9,비계절ETS,0.02300764084738,D011020,"04 주택,수도,전기및연료"
주택수선재료,A,3.4,비계절ETS,0.3938858864607249,D031010,"04 주택,수도,전기및연료"
설비수리비,A,5.9,비계절ETS,0.1001365406763584,D031020,"04 주택,수도,전기및연료"
상수도료,A,4.5,비계절ETS,0.215329448385518,D041010,"04 주택,수도,전기및연료"
공동주택관리비,A,21.8,비계절ETS,0.6535087496198269,D042010,"04 주택,수도,전기및연료"
장롱,A,1.3,비계절ETS,0.3631768317589139,E011010,05 가정용품및가사서비스
침대,A,2.7,비계절ETS,0.5510049734026069,E011020,05 가정용품및가사서비스
거실장,A,0.4,비계절ETS,0.2919281806491828,E011030,05 가정용품및가사서비스
소파,A,1.3,비계절ETS,1.526612119114845,E011040,05 가정용품및가사서비스
책상,A,0.4,비계절ETS,0.2941833231234037,E011050,05 가정용품및가사서비스
의자,A,0.4,비계절ETS,0.6073411498197794,E011060,05 가정용품및가사서비스
식탁,A,0.9,비계절ETS,0.6903442232457034,E011070,05 가정용품및가사서비스
싱크대,A,1.3,비계절ETS,1.0469257224542077,E011080,05 가정용품및가사서비스
침구,A,2.6,비계절ETS,0.1548796296391795,E021010,05 가정용품및가사서비스
커튼,A,0.4,비계절ETS,0.4020708769632848,E021020,05 가정용품및가사서비스
전기밥솥,A,0.5,비계절ETS,1.4446592280166428,E031010,05 가정용품및가사서비스
가스레인지,A,0.4,비계절ETS,0.9673510633130664,E031020,05 가정용품및가사서비스
전자레인지,A,0.1,비계절ETS,0.9802893025183688,E031030,05 가정용품및가사서비스
전기레인지,A,0.2,비계절ETS,0.885535842186005,E031040,05 가정용품및가사서비스
냉장고,A,2.4,비계절ETS,2.329370521090794,E031050,05 가정용품및가사서비스
김치냉장고,A,1.1,비계절ETS,1.4171818568177896,E031060,05 가정용품및가사서비스
에어컨,A,1.5,비계절ETS,0.7828088301019114,E031070,05 가정용품및가사서비스
선풍기,A,0.4,비계절ETS,2.2972252467254584,E031080,05 가정용품및가사서비스
공기청정기,A,0.6,비계절ETS,0.8608270029548781,E031090,05 가정용품및가사서비스
세탁기,A,1.0,비계절ETS,0.6657845153978734,E031100,05 가정용품및가사서비스
의류건조기,A,1.1,비계절ETS,1.2045262424077885,E031110,05 가정용품및가사서비스
식기세척기,A,0.2,비계절ETS,1.056056866338887,E031120,05 가정용품및가사서비스
청소기,A,1.1,비계절ETS,0.9530542755594305,E031130,05 가정용품및가사서비스
소형주방가전,A,0.8,비계절ETS,2.012040101681692,E031140,05 가정용품및가사서비스
보온매트,A,0.4,비계절ETS,0.4436053620618085,E031150,05 가정용품및가사서비스
가전제품수리비,A,2.4,비계절ETS,2.50399361923276,E032010,05 가정용품및가사서비스
가전제품렌탈비,A,2.5,비계절ETS,0.1531329533192352,E032020,05 가정용품및가사서비스
식기,A,0.8,비계절ETS,2.2675178151164936,E041010,05 가정용품및가사서비스
컵,A,0.5,비계절ETS,1.0039601226893493,E041020,05 가정용품및가사서비스
솥,A,0.2,비계절ETS,2.561373678373626,E041030,05 가정용품및가사서비스
프라이팬,A,0.6,비계절ETS,2.9372279360731177,E041040,05 가정용품및가사서비스
냄비,A,0.5,비계절ETS,2.399491889174397,E041050,05 가정용품및가사서비스
수저,A,0.3,비계절ETS,1.6733913935021203,E041060,05 가정용품및가사서비스
밀폐용기,A,0.7,비계절ETS,2.632727004947799,E041070,05 가정용품및가사서비스
부엌용용구,A,0.4,비계절ETS,1.1498153814911645,E041080,05 가정용품및가사서비스
보일러,A,1.5,비계절ETS,0.0259266129893118,E051010,05 가정용품및가사서비스
건전지,A,0.3,비계절ETS,0.8966027401335827,E051020,05 가정용품및가사서비스
소형가사용품,A,1.3,비계절ETS,1.6960186935690549,E051030,05 가정용품및가사서비스
세탁세제,A,1.7,비계절ETS,2.2424241217778507,E061010,05 가정용품및가사서비스
섬유유연제,A,0.1,비계절ETS,1.4984439326261507,E061020,05 가정용품및가사서비스
전구,A,0.2,비계절ETS,1.2537677344857945,E061030,05 가정용품및가사서비스
부엌용세제,A,0.6,비계절ETS,1.421606769612177,E061040,05 가정용품및가사서비스
청소용세제,A,0.2,비계절ETS,0.1501801774814318,E061050,05 가정용품및가사서비스
살충제,A,0.3,비계절ETS,1.088618998900163,E061060,05 가정용품및가사서비스
가정용비닐용품,A,0.6,비계절ETS,1.4062548094530527,E061070,05 가정용품및가사서비스
키친타월,A,1.0,비계절ETS,1.5147124243716104,E061080,05 가정용품및가사서비스
방향제,A,0.3,비계절ETS,1.0802164276133703,E061090,05 가정용품및가사서비스
습기제거제,A,0.1,비계절ETS,1.7106060521867643,E061100,05 가정용품및가사서비스
가사도우미료,A,2.4,비계절ETS,0.1645819183703038,E062010,05 가정용품및가사서비스
간병도우미료,A,2.6,비계절ETS,0.3460038356461857,E062020,05 가정용품및가사서비스
감기약,A,0.4,비계절ETS,0.0692246027499408,F011010,06 보건
진통제,A,0.4,비계절ETS,0.0932854400912999,F011020,06 보건
소화제,A,0.3,비계절ETS,0.072208193502979,F011030,06 보건
위장약,A,0.2,비계절ETS,0.1078173967335198,F011040,06 보건
진해거담제,A,0.2,비계절ETS,0.1749858535793142,F011050,06 보건
소염진통제,A,0.6,비계절ETS,0.0505001146252082,F011060,06 보건
피부질환제,A,0.3,비계절ETS,0.1206487863296538,F011070,06 보건
치과구강용약,A,0.3,비계절ETS,0.0471792312849143,F011080,06 보건
조제약,A,5.8,비계절ETS,0.0877817118289299,F011090,06 보건
한방약,A,2.7,비계절ETS,0.1353764279559408,F011100,06 보건
인삼,A,0.3,비계절ETS,0.8451932842336075,F011110,06 보건
홍삼,A,1.1,비계절ETS,3.561486479807824,F011120,06 보건
비타민제,A,1.2,비계절ETS,0.091543167609481,F011130,06 보건
건강기능식품,A,6.5,비계절ETS,0.3815661785597133,F011140,06 보건
유산균,A,1.2,비계절ETS,0.6229237247291294,F011150,06 보건
병원약품,A,3.5,비계절ETS,0.0888082856728674,F011160,06 보건
종이기저귀,A,1.4,비계절ETS,0.5288205425909553,F012010,06 보건
생리대,A,1.0,비계절ETS,3.153237519390505,F012020,06 보건
마스크,A,1.6,비계절ETS,0.1595319599613442,F012030,06 보건
반창고,A,0.1,비계절ETS,0.1219286376098262,F012040,06 보건
안경,A,1.0,비계절ETS,0.098330014309508,F012050,06 보건
콘택트렌즈,A,1.4,비계절ETS,0.5208642211036121,F012060,06 보건
의료측정기,A,0.2,비계절ETS,0.2125365239986557,F012070,06 보건
보청기,A,0.6,비계절ETS,0.0333560403117157,F012080,06 보건
건강기기렌탈비,A,1.5,비계절ETS,3.531662276258257,F012090,06 보건
치료재료,A,1.5,비계절ETS,0.3704485602435883,F012100,06 보건
건강검진비,A,1.2,비계절ETS,0.202343483613242,F021020,06 보건
치과보철료,A,6.8,비계절ETS,0.2657685105727177,F022020,06 보건
병원검사료,A,1.1,비계절ETS,0.2073518718091331,F031020,06 보건
소형승용차,A,1.0,비계절ETS,0.2636647824765061,G011010,07 교통
중형승용차,A,1.0,비계절ETS,0.5889534199390888,G011020,07 교통
대형승용차,A,3.2,비계절ETS,1.3324926902073344,G011030,07 교통
경승용차,A,0.6,비계절ETS,0.1812018437730234,G011040,07 교통
다목적승용차,A,7.7,비계절ETS,0.2667530003241389,G011050,07 교통
수입승용차,A,9.3,비계절ETS,1.124926795927835,G011060,07 교통
전기동력차,A,5.1,비계절ETS,1.204548734226899,G011070,07 교통
자전거,A,0.5,비계절ETS,0.2176887099390838,G011080,07 교통
자동차용품,A,0.9,비계절ETS,1.394040743530747,G022010,07 교통
블랙박스,A,0.2,비계절ETS,0.5851501509762138,G022020,07 교통
자동차타이어,A,0.9,비계절ETS,0.1420139335478017,G022030,07 교통
자동차수리비,A,6.3,비계절ETS,0.3694325909858889,G022040,07 교통
엔진오일교체료,A,1.0,비계절ETS,1.2737874483221154,G022050,07 교통
세차료,A,0.5,비계절ETS,0.2983866332221006,G022060,07 교통
자동차학원비,A,0.5,비계절ETS,0.1066298686739149,G023010,07 교통
주차료,A,1.2,비계절ETS,0.1850075318607965,G023020,07 교통
승용차임차료,B,3.2,계절ETS,10.339972548275371,G023040,07 교통
대리운전이용료,A,0.4,비계절ETS,0.1260503731046907,G023050,07 교통
자동차검사료,A,0.3,비계절ETS,0.0,G023060,07 교통
국내항공료,B,1.0,계절ETS,4.562992194861423,G033010,07 교통
여객선료,A,0.2,비계절ETS,1.2694017169422227,G033030,07 교통
이삿짐운송료,A,1.0,비계절ETS,0.4529135554298313,G034010,07 교통
택배이용료,A,1.9,비계절ETS,0.1056961345241832,G034020,07 교통
휴대전화기,A,10.4,비계절ETS,0.4682818971282703,H021010,08 통신
휴대전화기수리비,A,0.4,비계절ETS,1.6998081908681693,H031040,08 통신
TV,A,1.9,비계절ETS,1.6801364441479236,I011010,09 오락및문화
영상음향기기,A,0.9,비계절ETS,1.4502697594537246,I011020,09 오락및문화
컴퓨터,A,3.0,비계절ETS,2.168777597323992,I012010,09 오락및문화
컴퓨터수리비,A,0.1,비계절ETS,1.9308408891825013,I012020,09 오락및문화
휴대용멀티미디어기기,A,1.2,비계절ETS,1.5946350559963929,I012030,09 오락및문화
컴퓨터소모품,A,0.7,비계절ETS,0.8873331737492448,I012040,09 오락및문화
저장장치,A,0.1,비계절ETS,2.968489093140473,I012050,09 오락및문화
악기,A,0.3,비계절ETS,0.1777292002568274,I021010,09 오락및문화
헬스기구,A,1.1,비계절ETS,1.7938738056300296,I021020,09 오락및문화
장난감,A,2.9,비계절ETS,0.722512163597108,I031010,09 오락및문화
레저용품,A,1.6,비계절ETS,0.7140780957537176,I031020,09 오락및문화
운동용품,A,2.1,비계절ETS,1.936925197221784,I031030,09 오락및문화
화초,A,0.7,비계절ETS,5.446906465998976,I031040,09 오락및문화
원예용품,A,0.4,비계절ETS,0.2364469017579042,I031050,09 오락및문화
반려동물용품,A,3.3,비계절ETS,0.6760222031410174,I031060,09 오락및문화
반려동물관리비,A,2.6,비계절ETS,0.094747055923098,I031070,09 오락및문화
수영장이용료,A,0.2,비계절ETS,0.124653791977297,I041010,09 오락및문화
볼링장이용료,A,0.2,비계절ETS,0.1121397282981237,I041020,09 오락및문화
헬스클럽이용료,A,1.5,비계절ETS,0.131331003628952,I041030,09 오락및문화
골프연습장이용료,A,2.3,비계절ETS,0.0943336873313313,I041040,09 오락및문화
골프장이용료,A,3.0,비계절ETS,0.512498150470747,I041050,09 오락및문화
당구장이용료,A,0.5,비계절ETS,0.0887989813883349,I041060,09 오락및문화
노래방이용료,A,0.5,비계절ETS,0.1747064511182688,I041070,09 오락및문화
PC방이용료,A,0.3,비계절ETS,0.1358617574253965,I041080,09 오락및문화
놀이시설이용료,A,2.3,비계절ETS,1.7047966911477364,I041090,09 오락및문화
운동경기관람료,A,0.2,비계절ETS,0.4909344609137325,I041100,09 오락및문화
영화관람료,A,1.0,비계절ETS,0.0001208647119415,I042010,09 오락및문화
공연예술관람료,A,0.7,비계절ETS,0.4168535717788779,I042020,09 오락및문화
관람시설이용료,A,0.6,비계절ETS,0.3398221711036022,I042030,09 오락및문화
독서실비,A,0.8,비계절ETS,0.2106312269845121,I042040,09 오락및문화
문화강습료,A,0.9,비계절ETS,0.108052888590661,I042050,09 오락및문화
온라인콘텐츠이용료,A,8.0,비계절ETS,0.1101854109552642,I042060,09 오락및문화
사진서비스료,A,1.7,비계절ETS,0.7337799370249386,I042080,09 오락및문화
유아용학습교재,A,0.3,비계절ETS,0.276032743548375,I051010,09 오락및문화
초등학교학습서,A,0.6,비계절ETS,0.2253139287847345,I051020,09 오락및문화
중학교학습서,A,0.6,비계절ETS,1.3425082693656476,I051030,09 오락및문화
고등학교학습서,A,0.6,비계절ETS,0.370472339427057,I051040,09 오락및문화
대학교재,A,0.2,비계절ETS,0.1094633851956798,I051050,09 오락및문화
서적,A,1.5,비계절ETS,0.3035955958971481,I051060,09 오락및문화
신문,A,0.4,비계절ETS,0.0647954235396804,I052010,09 오락및문화
종이문구,A,0.5,비계절ETS,0.4223448827563037,I053010,09 오락및문화
기타문구,A,0.1,비계절ETS,0.595166224306119,I053020,09 오락및문화
필기구,A,0.4,비계절ETS,0.4098333657090824,I053030,09 오락및문화
회화용구,A,0.2,비계절ETS,0.1912012963435866,I053040,09 오락및문화
국내단체여행비,A,2.0,비계절ETS,6.282336174161912,I061010,09 오락및문화
해외단체여행비,A,5.5,비계절ETS,4.747881969231313,I061020,09 오락및문화
초등학생학원비,A,7.6,비계절ETS,0.1298104232383111,J041010,10 교육
중학생학원비,A,13.8,비계절ETS,0.1162766364357437,J041020,10 교육
고등학생학원비,A,13.8,비계절ETS,0.0992820989103251,J041030,10 교육
음악학원비,A,3.0,비계절ETS,0.1257722589008962,J041040,10 교육
미술학원비,A,2.6,비계절ETS,0.1469096433516738,J041050,10 교육
운동학원비,A,5.7,비계절ETS,0.2352131728685572,J041060,10 교육
전산학원비,A,0.5,비계절ETS,0.1239963258219499,J041070,10 교육
가정학습지,A,3.5,비계절ETS,0.4987404614252557,J041080,10 교육
이러닝이용료,A,0.7,비계절ETS,0.5912786707390855,J041090,10 교육
학교보충교육비,A,1.4,비계절ETS,0.773613233237747,J041100,10 교육
기타학원비,A,0.2,비계절ETS,0.0790637417396447,J041110,10 교육
취업학원비,A,2.0,비계절ETS,0.4054137820883332,J042010,10 교육
외국어학원비,A,0.5,비계절ETS,0.1605128447432523,J042020,10 교육
운동강습료,A,3.7,비계절ETS,0.082580473761473,J042030,10 교육
김치찌개백반,A,4.8,비계절ETS,0.1617851735014705,K011010,11 음식및숙박
된장찌개백반,A,4.3,비계절ETS,0.1792722794211144,K011020,11 음식및숙박
비빔밥,A,2.4,비계절ETS,0.2001059889490375,K011030,11 음식및숙박
설렁탕,A,2.0,비계절ETS,0.1924235625102202,K011040,11 음식및숙박
갈비탕,A,2.2,비계절ETS,0.2027657025571262,K011050,11 음식및숙박
삼계탕,A,2.2,비계절ETS,0.1551386526064983,K011060,11 음식및숙박
해물찜,A,4.1,비계절ETS,0.0888897132063363,K011070,11 음식및숙박
해장국,A,5.0,비계절ETS,0.1781044753423921,K011080,11 음식및숙박
불고기,A,1.1,비계절ETS,0.1951187813206176,K011090,11 음식및숙박
쇠고기(외식),A,8.3,비계절ETS,0.1248000175776041,K011100,11 음식및숙박
돼지갈비(외식),A,6.1,비계절ETS,0.1333971848441026,K011110,11 음식및숙박
삼겹살(외식),A,7.2,비계절ETS,0.1140173977552928,K011120,11 음식및숙박
오리고기(외식),A,1.5,비계절ETS,0.2545586443995271,K011130,11 음식및숙박
냉면,A,2.4,비계절ETS,0.1602745411573303,K011140,11 음식및숙박
칼국수,A,2.7,비계절ETS,0.1048711229227829,K011150,11 음식및숙박
죽(외식),A,1.7,비계절ETS,0.3792162516709349,K011160,11 음식및숙박
생선초밥,A,2.7,비계절ETS,0.0999319589869919,K011170,11 음식및숙박
생선회(외식),A,10.3,비계절ETS,0.1818248640663985,K011180,11 음식및숙박
자장면,A,2.2,비계절ETS,0.1424381860239836,K011190,11 음식및숙박
짬뽕,A,2.4,비계절ETS,0.1788203711202191,K011200,11 음식및숙박
탕수육,A,2.1,비계절ETS,0.1049412156142131,K011210,11 음식및숙박
볶음밥,A,0.9,비계절ETS,0.1175933967365395,K011220,11 음식및숙박
돈가스,A,2.2,비계절ETS,0.1858051764490378,K011230,11 음식및숙박
스테이크,A,1.5,비계절ETS,0.1838895675196196,K011240,11 음식및숙박
스파게티,A,1.5,비계절ETS,0.1228378073093659,K011250,11 음식및숙박
라면(외식),A,0.7,비계절ETS,0.1580759699542133,K011260,11 음식및숙박
김밥,A,3.4,비계절ETS,0.1815670640193059,K011270,11 음식및숙박
떡볶이,A,3.1,비계절ETS,0.1502173171922119,K011280,11 음식및숙박
치킨,A,8.6,비계절ETS,0.2444834904210191,K011290,11 음식및숙박
햄버거,A,4.3,비계절ETS,1.5532794584776837,K011300,11 음식및숙박
피자,A,4.1,비계절ETS,0.0290811909808162,K011310,11 음식및숙박
쌀국수,A,0.6,비계절ETS,0.1176115365084222,K011320,11 음식및숙박
커피(외식),A,8.8,비계절ETS,0.1108255397690597,K011330,11 음식및숙박
기타음료(외식),A,0.5,비계절ETS,0.037678859851141,K011340,11 음식및숙박
소주(외식),A,2.5,비계절ETS,0.2673663182248046,K011350,11 음식및숙박
맥주(외식),A,4.8,비계절ETS,0.2050401769790013,K011360,11 음식및숙박
막걸리(외식),A,0.3,비계절ETS,0.1423289708971945,K011370,11 음식및숙박
구내식당식사비,A,11.9,비계절ETS,0.1583159218518653,K011380,11 음식및숙박
도시락,A,0.6,비계절ETS,0.8500496045981524,K011390,11 음식및숙박
호텔숙박료,A,2.1,비계절ETS,5.19921696217092,K021010,11 음식및숙박
여관숙박료,A,1.5,비계절ETS,0.3630577653682649,K021020,11 음식및숙박
콘도이용료,B,0.8,계절ETS,5.863581945825577,K021030,11 음식및숙박
학교기숙사비,A,0.9,비계절ETS,0.3363004247956029,K021040,11 음식및숙박
휴양시설이용료,A,1.4,비계절ETS,6.147992650588376,K021050,11 음식및숙박
목욕료,A,0.6,비계절ETS,0.1837258231527418,L011010,12 기타상품및서비스
찜질방이용료,A,0.6,비계절ETS,0.1934002627401055,L011020,12 기타상품및서비스
이발료,A,0.3,비계절ETS,0.1634140672915923,L011030,12 기타상품및서비스
미용료,A,7.3,비계절ETS,0.1370226838094027,L011040,12 기타상품및서비스
뷰티미용료,A,2.2,비계절ETS,0.1866207631449461,L011050,12 기타상품및서비스
면도기,A,0.4,비계절ETS,1.1248566100620512,L012010,12 기타상품및서비스
헤어드라이어,A,0.7,비계절ETS,1.9122789251444845,L012020,12 기타상품및서비스
칫솔,A,0.4,비계절ETS,1.659666723520731,L012030,12 기타상품및서비스
치약,A,0.5,비계절ETS,2.130310673688711,L012040,12 기타상품및서비스
비누,A,0.3,비계절ETS,1.252116114586605,L012050,12 기타상품및서비스
샴푸,A,1.0,비계절ETS,0.9116063407334036,L012060,12 기타상품및서비스
바디워시,A,0.5,비계절ETS,2.38578916010119,L012070,12 기타상품및서비스
화장지,A,1.3,비계절ETS,0.7313526722488349,L012080,12 기타상품및서비스
기초화장품,A,4.5,비계절ETS,0.7421540738116432,L012090,12 기타상품및서비스
기능성화장품,A,3.7,비계절ETS,0.4250295065062442,L012100,12 기타상품및서비스
색조화장품,A,0.7,비계절ETS,0.2992176253599986,L012110,12 기타상품및서비스
모발염색약,A,0.7,비계절ETS,3.22680713492835,L012120,12 기타상품및서비스
구강세정제,A,0.2,비계절ETS,2.985527427052755,L012130,12 기타상품및서비스
손목시계,A,0.6,비계절ETS,1.2680367930213354,L021010,12 기타상품및서비스
장신구,A,1.0,비계절ETS,0.3428142263075637,L021020,12 기타상품및서비스
가방,A,2.7,비계절ETS,0.3787480972202353,L021030,12 기타상품및서비스
핸드백,A,1.4,비계절ETS,2.1044693415354403,L021040,12 기타상품및서비스
우산,A,0.2,비계절ETS,0.2147422315282156,L021050,12 기타상품및서비스
유모차,A,0.2,비계절ETS,0.2583909988426545,L021060,12 기타상품및서비스
선글라스,A,0.4,비계절ETS,0.2292784481497359,L021070,12 기타상품및서비스
지갑,A,0.5,비계절ETS,3.3764907745474437e-06,L021080,12 기타상품및서비스
산후조리원이용료,A,0.7,비계절ETS,0.2259141693572866,L031010,12 기타상품및서비스
보험서비스료,A,8.6,비계절ETS,1.4089885802877138,L031040,12 기타상품및서비스
자동차보험료,A,3.7,비계절ETS,0.1441389260030709,L031050,12 기타상품및서비스
금융수수료,A,0.2,비계절ETS,0.0008845343401198,L031060,12 기타상품및서비스
대입전형료,A,0.1,비계절ETS,0.7050054273498011,L031090,12 기타상품및서비스
시험응시료,A,0.4,비계절ETS,0.1204101334589563,L031100,12 기타상품및서비스
장례비,A,2.6,비계절ETS,0.1719777994744266,L031110,12 기타상품및서비스
갈치,B,1.1,계절ETS,2.672721682178844,A013010,01 식료품 및 비주류음료
명태,B,0.7,계절ETS,1.994579394001172,A013020,01 식료품 및 비주류음료
조기,B,0.9,계절ETS,0.7161242971140126,A013030,01 식료품 및 비주류음료
고등어,B,2.0,계절ETS,1.7469633807361626,A013040,01 식료품 및 비주류음료
오징어,B,1.0,계절ETS,1.7176418138786247,A013050,01 식료품 및 비주류음료
게,B,0.9,계절ETS,1.053677092241462,A013060,01 식료품 및 비주류음료
굴,B,0.4,계절ETS,2.2914413985763327,A013070,01 식료품 및 비주류음료
조개,B,0.6,계절ETS,1.326045951060414,A013080,01 식료품 및 비주류음료
전복,B,0.5,계절ETS,2.119291704919822,A013090,01 식료품 및 비주류음료
새우,B,0.7,계절ETS,0.7015496515544993,A013100,01 식료품 및 비주류음료
낙지,B,0.5,계절ETS,0.6194002286045137,A013130,01 식료품 및 비주류음료
사과,B,2.3,계절ETS,2.0746156416322967,A016010,01 식료품 및 비주류음료
배,B,0.7,계절ETS,5.058951032772943,A016020,01 식료품 및 비주류음료
복숭아,B,1.0,계절ETS,2.503151657839009,A016030,01 식료품 및 비주류음료
포도,B,1.4,계절ETS,1.9511478962773483,A016040,01 식료품 및 비주류음료
밤,B,0.2,계절ETS,1.6513079683765577,A016050,01 식료품 및 비주류음료
감,B,0.5,계절ETS,2.1498748690318346,A016060,01 식료품 및 비주류음료
귤,B,1.8,계절ETS,2.8955795221132927,A016070,01 식료품 및 비주류음료
오렌지,B,0.4,계절ETS,2.547751777243762,A016080,01 식료품 및 비주류음료
참외,B,1.0,계절ETS,6.589514160856016,A016090,01 식료품 및 비주류음료
수박,B,1.0,계절ETS,2.616973438026606,A016100,01 식료품 및 비주류음료
딸기,B,1.5,계절ETS,5.2190989909613466,A016110,01 식료품 및 비주류음료
바나나,B,0.8,계절ETS,1.7909752067348796,A016120,01 식료품 및 비주류음료
키위,B,0.4,계절ETS,2.284288263488873,A016130,01 식료품 및 비주류음료
블루베리,B,0.4,계절ETS,0.669014395442153,A016140,01 식료품 및 비주류음료
망고,B,0.4,계절ETS,4.898711158706617,A016150,01 식료품 및 비주류음료
체리,B,0.3,계절ETS,6.470173938770915,A016160,01 식료품 및 비주류음료
아보카도,B,0.1,계절ETS,4.83586542184874,A016170,01 식료품 및 비주류음료
파인애플,B,0.2,계절ETS,2.8569496669583034,A016180,01 식료품 및 비주류음료
배추,B,1.3,계절ETS,7.946164118520355,A017010,01 식료품 및 비주류음료
상추,B,0.6,계절ETS,10.716250886542882,A017020,01 식료품 및 비주류음료
시금치,B,0.3,계절ETS,15.632145579883876,A017030,01 식료품 및 비주류음료
양배추,B,0.2,계절ETS,6.39943219211064,A017040,01 식료품 및 비주류음료
미나리,B,0.2,계절ETS,5.169940713257444,A017050,01 식료품 및 비주류음료
깻잎,B,0.2,계절ETS,6.048010049763644,A017060,01 식료품 및 비주류음료
부추,B,0.2,계절ETS,12.666603801167147,A017070,01 식료품 및 비주류음료
무,B,0.6,계절ETS,9.511552929512565,A017080,01 식료품 및 비주류음료
열무,B,0.2,계절ETS,8.595224164925686,A017090,01 식료품 및 비주류음료
당근,B,0.3,계절ETS,4.2060015260721615,A017100,01 식료품 및 비주류음료
감자,B,0.6,계절ETS,4.5240646062544085,A017110,01 식료품 및 비주류음료
고구마,B,1.0,계절ETS,2.5762188152842254,A017120,01 식료품 및 비주류음료
도라지,B,0.1,계절ETS,0.5173364479410122,A017130,01 식료품 및 비주류음료
콩나물,B,0.5,계절ETS,0.4117349733373803,A017140,01 식료품 및 비주류음료
버섯,B,0.9,계절ETS,3.2144019203487684,A017150,01 식료품 및 비주류음료
오이,B,0.6,계절ETS,7.963282245652539,A017160,01 식료품 및 비주류음료
풋고추,B,0.6,계절ETS,6.59431511278731,A017170,01 식료품 및 비주류음료
호박,B,0.5,계절ETS,15.870880728304313,A017180,01 식료품 및 비주류음료
가지,B,0.2,계절ETS,7.351351569376361,A017190,01 식료품 및 비주류음료
토마토,B,1.3,계절ETS,7.13107792278272,A017200,01 식료품 및 비주류음료
파,B,0.9,계절ETS,11.250208075470349,A017210,01 식료품 및 비주류음료
양파,B,0.7,계절ETS,3.704113081460509,A017220,01 식료품 및 비주류음료
마늘,B,1.3,계절ETS,1.3038611372224738,A017230,01 식료품 및 비주류음료
브로콜리,B,0.2,계절ETS,7.873845836230014,A017240,01 식료품 및 비주류음료
파프리카,B,0.6,계절ETS,10.568398917832331,A017260,01 식료품 및 비주류음료
생강,B,0.1,계절ETS,4.243954496452045,A019030,01 식료품 및 비주류음료
담배,C,9.3,비계절ETS,0.0799557818677798,B021010,02 주류 및 담배
하수도료,C,3.1,비계절ETS,0.7873914395021102,D041020,"04 주택,수도,전기및연료"
쓰레기봉투료,C,0.7,비계절ETS,0.0911057951682643,D042020,"04 주택,수도,전기및연료"
정화조청소료,C,0.5,비계절ETS,0.2934382765543601,D042030,"04 주택,수도,전기및연료"
외래진료비,C,20.5,계절ETS,0.0513237420169837,F021010,06 보건
한방진료비,C,1.0,계절ETS,0.2335115628448724,F021030,06 보건
약국조제료,C,1.8,계절ETS,0.0728136423251401,F021040,06 보건
치과진료비,C,6.1,계절ETS,0.1101217198736245,F022010,06 보건
입원진료비,C,10.2,계절ETS,0.1112412235525738,F031010,06 보건
도로통행료,C,1.7,비계절ETS,0.1395079491368667,G023030,07 교통
열차료,C,1.7,비계절ETS,0.0085029727654214,G031010,07 교통
도시철도료,C,2.2,비계절ETS,0.0905507132956644,G031020,07 교통
시내버스료,C,6.8,비계절ETS,0.3577367322085366,G032010,07 교통
시외버스료,C,1.0,비계절ETS,0.0645679460876668,G032020,07 교통
택시료,C,3.2,비계절ETS,0.1202443571800113,G032030,07 교통
국제항공료,C,2.9,비계절ETS,4.661684018734933,G033020,07 교통
우편료,C,0.1,비계절ETS,0.961400286006755,H011010,08 통신
유선전화료,C,0.4,비계절ETS,0.0062394491123011,H031010,08 통신
휴대전화료,C,29.8,비계절ETS,4.2337237768729485,H031020,08 통신
인터넷이용료,C,5.5,비계절ETS,3.078972983195973e-05,H031030,08 통신
방송수신료,C,2.4,비계절ETS,0.0364029996069541,I042070,09 오락및문화
유치원납입금,C,1.8,비계절ETS,5.104389766502154,J011010,10 교육
전문대학납입금,C,1.1,계절ETS,0.4970656323471054,J031010,10 교육
국공립대학교납입금,C,1.4,계절ETS,0.2204956127149778,J031020,10 교육
사립대학교납입금,C,8.6,계절ETS,0.5493039788401524,J031030,10 교육
국공립대학원납입금,C,0.4,계절ETS,0.2237932972979381,J031040,10 교육
사립대학원납입금,C,1.6,계절ETS,0.2869973872479539,J031050,10 교육
보육시설이용료,C,0.7,비계절ETS,1.8627628214275864,L031020,12 기타상품및서비스
요양시설이용료,C,0.9,비계절ETS,0.4011515491598438,L031030,12 기타상품및서비스
부동산중개수수료,C,0.8,비계절ETS,0.0302137396025369,L031070,12 기타상품및서비스
행정수수료,C,1.1,비계절ETS,0.0943757276611171,L031080,12 기타상품및서비스
전기료,D,16.1,비계절ETS,1.9659852776625768,D051010,"04 주택,수도,전기및연료"
도시가스,D,11.5,비계절ETS,0.0243784465314552,D052010,"04 주택,수도,전기및연료"
취사용LPG,D,0.9,회귀(오피넷),0.1015950842000814,D052020,"04 주택,수도,전기및연료"
등유,D,2.4,회귀(오피넷),1.1279725995155456,D053010,"04 주택,수도,전기및연료"
지역난방비,D,1.6,비계절ETS,0.1370193756790468,D053020,"04 주택,수도,전기및연료"
부탄가스,D,0.1,비계절ETS,2.291762449436077,D053030,"04 주택,수도,전기및연료"
휘발유,D,24.1,회귀(오피넷),0.235059501282787,G021010,07 교통
경유,D,16.3,회귀(오피넷),0.2951239532403258,G021020,07 교통
자동차용LPG,D,2.8,회귀(오피넷),0.304164194028906,G021030,07 교통
