기간	일반프로판(원/kg)	일반부탄(원/kg)
2001-01	959.06	1139.89
2001-02	994.13	1176.48
2001-03	989.96	1169.88
2001-04	979.01	1158.15
2001-05	938.72
2001-06	898.39
2001-07	898.65
2001-08	897.00
2001-09	870.31
2001-10	868.65	1030.78
2001-11	870.33	1134.39
2001-12	863.29	1124.53
2002-01	858.09	1074.84
2002-02	881.82	1076.61
2002-03	876.17	1072.94
2002-04	871.92	1067.73
2002-05	869.81
2002-06	866.59
2002-07	859.29
2002-08	836.09
2002-09	847.70
2002-10	908.23
2002-11	986.70	1183.76
2002-12	985.52	1179.53
2003-01	1013.54	1199.70
2003-02	1012.26	1199.65
2003-03	1039.10	1220.76
2003-04	1040.25	1220.58
2003-05	1033.71
2003-06	945.41
2003-07	942.49
2003-08	941.96
2003-09	940.71
2003-10	939.21	1158.73
2003-11	936.21	1130.81
2003-12	975.58	1168.10
2004-01	1020.50	1207.18
2004-02	1022.10	1207.61
2004-03	1018.69	1203.57
2004-04	996.19	1185.38
2004-05	995.53	1179.55
2004-06	999.90
2004-07	1059.57
2004-08	1057.40
2004-09	1072.10
2004-10	1105.61	1290.87
2004-11	1124.64	1306.66
2004-12	1127.87	1307.18
2005-01	1119.85	1294.37
2005-02	1054.42	1219.30
2005-03	1049.32	1214.73
2005-04	1048.02	1214.64
2005-05	1100.91	1234.09
2005-06	1101.09
2005-07	1097.82
2005-08	1134.17
2005-09	1133.02
2005-10	1164.20	1325.29
2005-11	1271.03	1431.07
2005-12	1276.84	1428.97
2006-01	1275.71	1423.29
2006-02	1274.56	1422.91
2006-03	1274.11	1420.98
2006-04	1238.90	1378.74
2006-05	1165.98	1304.40
2006-06	1188.22
2006-07	1207.47
2006-08	1242.82
2006-09	1296.08
2006-10	1297.54
2006-11	1261.80	1418.71
2006-12	1221.50	1363.63
2007-01	1226.46	1366.86
2007-02	1290.34	1422.12
2007-03	1288.15	1416.23
2007-04	1286.38	1416.21
2007-05	1302.76	1397.92
2007-06	1316.89	1538.46
2007-07	1349.87
2007-08	1342.79
2007-09	1347.88
2007-10	1349.03
2007-11	1402.09	1542.95
2007-12	1493.23	1631.53
2008-01	1643.45	1791.00
2008-02	1649.53	1791.07
2008-03	1633.40	1771.96
2008-04	1632.96	1771.33
2008-05	1675.94	1782.82
2008-06	1828.75
2008-07	1880.91
2008-08	1888.85
2008-09	1847.53
2008-10	1889.90
2008-11	1891.69	2120.54
2008-12	1966.79	2211.63
2009-01	1576.58	1817.97
2009-02	1568.07	1809.00
2009-03	1665.11	1906.39
2009-04	1668.32	1908.97
2009-05	1530.40
2009-06	1461.07
2009-07	1460.85
2009-08	1545.25
2009-09	1538.52
2009-10	1548.98
2009-11	1634.87	1879.73
2009-12	1711.23	1962.77
2010-01	1808.27	2059.93
2010-02	1807.59	2051.98
2010-03	1853.07	2101.33
2010-04	1831.00	2074.00
2010-05	1809.04
2010-06	1808.29
2010-07	1843.88
2010-08	1802.22
2010-09	1743.06
2010-10	1792.48
2010-11	1788.37	2020.58
2010-12	1861.87	2107.85
2011-01	2008.65	2270.32
2011-02	2014.45	2279.73
2011-03	2011.48	2277.01
2011-04	2011.90	2279.03
2011-05	2010.58
2011-06	2102.17
2011-07	2065.88
2011-08	2045.42
2011-09	2045.00
2011-10	2046.47
2011-11	2018.62	2280.49
2011-12	2016.41	2276.78
2012-01	1996.16	2256.41
2012-02	2076.88	2334.40
2012-03	2166.67	2412.00
2012-04	2177.36	2431.10
2012-05	2207.35	2456.32
2012-06	2172.37	2412.08
2012-07	2083.71	2314.31
2012-08	2020.04	2253.52
2012-09	2020.60	2254.44
2012-10	2116.72	2357.06
2012-11	2120.11	2371.06
2012-12	2113.79	2372.33
2013-01	2111.56	2368.02
2013-02	2104.08	2363.61
2013-03	2100.70	2360.09
2013-04	2095.73	2357.90
2013-05	2059.98	2313.20
2013-06	2048.14	2297.26
2013-07	2047.16	2296.11
2013-08	2089.79	2334.19
2013-09	2091.20	2331.95
2013-10	2093.04	2336.29
2013-11	2095.39	2345.03
2013-12	2094.34	2357.28
2014-01	2197.12	2471.71
2014-02	2203.67	2481.56
2014-03	2200.57	2456.75
2014-04	2169.52	2439.59
2014-05	2171.42	2425.87
2014-06	2118.24	2360.05
2014-07	2115.53	2360.08
2014-08	2091.59	2312.81
2014-09	2066.83	2310.19
2014-10	2052.44	2304.72
2014-11	2040.38	2297.84
2014-12	1947.82	2222.74
2015-01	1900.29	2157.77
2015-02	1782.54	2026.50
2015-03	1800.43	2040.06
2015-04	1831.75	2064.50
2015-05	1819.17	2047.44
2015-06	1820.94	2049.95
2015-07	1811.46	2039.32
2015-08	1801.29	2026.59
2015-09	1790.60	2017.38
2015-10	1743.51	1966.01
2015-11	1743.31	1967.61
2015-12	1770.26	2005.77
2016-01	1770.52	2012.21
2016-02	1759.54	1997.19
2016-03	1711.12	1939.89
2016-04	1698.06	1919.66
2016-05	1693.15	1909.76
2016-06	1697.63	1909.60
2016-07	1693.38	1911.43
2016-08	1637.81	1846.13
2016-09	1625.41	1836.95
2016-10	1624.23	1840.22
2016-11	1664.41	1900.52
2016-12	1705.03	1952.96
2017-01	1707.78	1955.65
2017-02	1788.22	2047.37
2017-03	1875.91	2127.17
2017-04	1878.65	2122.24
2017-05	1857.14	2090.00
2017-06	1805.85	2020.90
2017-07	1780.88	1993.24
2017-08	1779.42	1994.99
2017-09	1815.78	2031.90
2017-10	1857.89	2078.75
2017-11	1926.66	2182.42
2017-12	1929.79	2192.69
2018-01	1929.16	2198.82
2018-02	1926.27	2195.88
2018-03	1886.84	2143.23
2018-04	1845.06	2089.22
2018-05	1842.20	2085.30
2018-06	1860.01	2094.89
2018-07	1902.89	2139.82
2018-08	1943.13	2182.87
2018-09	1945.23	2181.32
2018-10	2002.36	2259.01
2018-11	2008.55	2280.03
2018-12	1954.73	2237.20
2019-01	1864.40	2148.88
2019-02	1863.34	2143.11
2019-03	1864.69	2138.41
2019-04	1863.57	2138.06
2019-05	1924.11	2187.92
2019-06	1929.04	2186.52
2019-07	1851.39	2098.52
2019-08	1841.05	2088.46
2019-09	1831.94	2085.02
2019-10	1833.55	2093.60
2019-11	1879.26	2159.09
2019-12	1889.65	2177.01
2020-01	1887.55	2181.67
2020-02	1971.47	2274.42
2020-03	1973.16	2272.47
2020-04	1885.48	2168.83
2020-05	1753.83	2021.61
2020-06	1794.52	2058.53
2020-07	1805.99	2065.74
2020-08	1806.02	2074.12
2020-09	1821.02	2087.27
2020-10	1822.12	2094.93
2020-11	1822.24	2116.44
2020-12	1865.15	2179.73
2021-01	1868.07	2188.60
2021-02	1952.50	2283.66
2021-03	2029.18	2356.43
2021-04	2032.92	2345.56
2021-05	2031.63	2342.75
2021-06	1999.62	2295.63
2021-07	2036.44	2328.48
2021-08	2114.54	2405.51
2021-09	2160.10	2464.72
2021-10	2163.40	2446.70
2021-11	2312.34	2667.62
2021-12	2410.12	2802.06
2022-01	2394.97	2788.57
2022-02	2378.96	2775.17
2022-03	2412.06	2811.92
2022-04	2552.20	2940.58
2022-05	2558.17	2945.88
2022-06	2558.75	2943.32
2022-07	2531.22	2898.30
2022-08	2522.37	2886.25
2022-09	2471.24	2830.56
2022-10	2469.75	2827.54
2022-11	2455.44	2842.08
2022-12	2449.65	2849.11
2023-01	2439.99	2856.01
2023-02	2405.41	2821.56
2023-03	2409.74	2816.73
2023-04	2409.03	2797.67
2023-05	2408.81	2795.85
2023-06	2374.18	2748.96
2023-07	2287.46	2648.44
2023-08	2242.76	2591.21
2023-09	2284.98	2631.63
2023-10	2367.89	2728.44
2023-11	2416.56	2826.62
2023-12	2420.07	2858.04
2024-01	2418.82	2857.32
2024-02	2418.87	2859.96
2024-03	2418.49	2854.47
2024-04	2419.27	2843.43
2024-05	2418.70	2833.31
2024-06	2417.46	2826.07
2024-07	2423.12	2825.45
2024-08	2469.91	2872.10
2024-09	2475.09	2876.27
2024-10	2474.67	2871.79
2024-11	2477.12	2894.32
2024-12	2521.56	2981.33
2025-01	2522.41	2993.06
2025-02	2547.01	3024.03
2025-03	2545.44	3023.14
2025-04	2545.49	3013.11
2025-05	2546.15	3001.19
2025-06	2533.48	2984.96
2025-07	2506.64	2938.24
2025-08	2491.97	2921.25
2025-09	2444.25	2871.63
2025-10	2445.64	2869.75
2025-11	2442.55	2895.04
2025-12	2445.02	2914.64
2026-01	2447.33	2927.40
2026-02	2445.43	2925.76
2026-03	2470.52	2947.24
2026-04	2525.05	2990.68
2026-05	2661.29	3099.37
2026-06	2690.55	3122.73
2026-07	2729.16	3154.95
2026-08	2732.12	3160.34
