품목명,Tier,가중치,MAPE%,방향적중률
쌀,A,4.2,0.47788273188829616,0.0
현미,A,0.4,0.5120439960921452,0.3333333333333333
찹쌀,A,0.5,0.7380051470152995,0.5
보리쌀,A,0.2,1.0145531667326144,0.6666666666666666
콩,A,0.5,0.5479224075123371,0.8333333333333334
땅콩,A,0.1,0.37010498681954207,0.5
혼식곡,A,0.4,0.3303859011249441,0.3333333333333333
밀가루,A,0.1,1.155442601203813,0.5
국수,A,0.7,2.355657491587082,0.6666666666666666
라면,A,2.4,0.4631289261739636,0.3333333333333333
당면,A,0.2,3.735516211289407,0.6666666666666666
두부,A,1.2,0.537344211767147,0.5
시리얼,A,0.4,6.618561857033435,0.5
부침가루,A,0.6,3.255272460752903,0.3333333333333333
케이크,A,1.6,0.35547677894191215,0.3333333333333333
빵,A,6.8,0.2732384267508082,0.16666666666666666
떡,A,1.9,0.1750503454230168,0.8333333333333334
파스타면,A,0.1,1.8910763226042602,0.5
국산쇠고기,A,8.6,1.2614462255437922,0.5
수입쇠고기,A,3.1,0.8885235751169018,0.5
돼지고기,A,9.8,1.9970444548572346,0.3333333333333333
닭고기,A,1.5,1.6263742759472575,0.5
소시지,A,2.0,0.7037533747111204,0.6666666666666666
햄및베이컨,A,2.7,1.5933127286571445,0.6666666666666666
기타육류가공품,A,0.9,1.3521824797572357,0.6666666666666666
마른멸치,A,0.5,0.6147804022795016,0.5
마른오징어,A,0.2,0.4820403489043441,0.0
오징어채,A,0.2,0.5464325557672637,0.6666666666666666
북어채,A,0.4,1.1044582949143933,0.5
어묵,A,0.8,1.7188225771051575,0.5
맛살,A,0.2,1.9904168628878327,0.8333333333333334
수산물통조림,A,0.7,0.28872511864082057,0.6666666666666666
젓갈,A,0.7,1.2520241396777714,0.8333333333333334
우유,A,3.4,0.2142034977628655,0.3333333333333333
분유,A,0.5,0.3364992554172535,0.3333333333333333
치즈,A,0.7,0.2670278337531324,0.3333333333333333
발효유,A,2.0,0.24195461274878666,0.3333333333333333
달걀,A,3.0,1.7961013071347787,0.6666666666666666
참기름,A,0.6,2.2507816636814,0.3333333333333333
식용유,A,0.8,3.2863197112459734,0.3333333333333333
아몬드,A,0.2,0.33906455691284093,0.3333333333333333
과일가공품,A,1.0,1.1771609681568127,0.6666666666666666
고사리,A,0.1,0.40466646737192163,0.6666666666666666
단무지,A,0.2,2.4952431503895576,0.3333333333333333
김,A,0.5,0.6423978233764682,0.3333333333333333
맛김,A,0.5,1.210313442015686,0.0
미역,A,0.3,0.40551664959535066,0.6666666666666666
초콜릿,A,0.5,0.6532405485822252,0.0
사탕,A,0.8,1.5743611223737843,0.6666666666666666
껌,A,0.1,0.37775683526438114,0.3333333333333333
아이스크림,A,2.6,0.3760235254379268,0.3333333333333333
비스킷,A,1.9,0.4423932030726198,0.5
스낵과자,A,2.9,0.19748182415343907,0.6666666666666666
파이,A,0.6,0.33745117466146995,0.3333333333333333
설탕,A,0.3,1.1450134787971915,0.6666666666666666
잼,A,0.1,1.5006929380780103,0.8333333333333334
꿀,A,0.4,0.1889726525151074,0.3333333333333333
물엿,A,0.2,3.6242592454549256,0.0
고춧가루,A,1.6,0.14305768731876337,1.0
참깨,A,0.6,0.3498156788049952,0.3333333333333333
소금,A,0.2,0.2116317288520427,0.6666666666666666
간장,A,0.4,1.5118041534871252,0.6666666666666666
된장,A,0.4,3.0613029377254466,0.16666666666666666
양념소스,A,0.5,2.36040869656016,0.6666666666666666
고추장,A,0.3,2.156221935272212,0.16666666666666666
카레,A,0.2,0.7791523097781443,0.6666666666666666
식초,A,0.1,0.6194829180706013,0.16666666666666666
드레싱,A,0.2,1.0446777527012632,0.3333333333333333
혼합조미료,A,0.3,1.3411601904555734,0.5
스프,A,0.3,0.4620494080955811,0.5
이유식,A,0.3,0.08846940306172582,0.0
김치,A,1.3,0.4437222404449163,0.5
밑반찬,A,3.1,0.21252880485041967,0.16666666666666666
냉동식품,A,1.9,1.2356709874597727,0.16666666666666666
즉석식품,A,3.1,0.5221340873563849,0.5
편의점도시락,A,0.4,0.2037661574232507,0.0
삼각김밥,A,0.4,0.17232847840448265,1.0
커피,A,2.6,0.8075338426170952,0.3333333333333333
차,A,0.9,3.1348715623555727,0.5
주스,A,1.4,0.30811151506514445,0.5
두유,A,0.8,0.4254600080710523,0.3333333333333333
생수,A,1.3,0.2890789849163962,0.16666666666666666
기능성음료,A,0.5,0.42737553423572405,0.5
탄산음료,A,1.6,1.9308149460181503,0.5
기타음료,A,0.6,1.2744588489680797,0.3333333333333333
소주,A,1.7,0.052532451532567574,0.6666666666666666
과실주,A,0.8,2.0101342044331516,0.3333333333333333
맥주,A,3.0,0.1471141499861759,0.5
막걸리,A,0.5,0.13470290068840649,0.3333333333333333
양주,A,0.4,2.687170027272939,0.3333333333333333
약주,A,0.1,0.08297898732629717,0.8333333333333334
남자외의,A,4.4,0.1922001477990433,0.0
남자상의,A,1.5,0.13139220272621535,0.0
남자하의,A,1.3,0.16491110964241879,0.0
남자내의,A,0.7,0.09779748852112014,1.0
여자외의,A,6.2,0.11846172071290396,0.0
원피스,A,1.8,0.9701851781511678,0.0
여자상의,A,1.5,0.05028900231867077,0.0
여자하의,A,2.4,0.637060032761533,0.0
여자내의,A,1.8,0.16864499291981241,0.3333333333333333
점퍼,A,3.3,0.09200121022645943,0.0
티셔츠,A,4.6,0.14371004540482188,0.0
스웨터,A,0.6,0.06138101886186392,0.0
청바지,A,1.6,0.482206925642029,0.0
운동복,A,2.3,0.44873062396377844,0.0
등산복,A,0.5,0.49696542247094594,0.0
유아동복,A,4.6,0.19339782039411532,0.16666666666666666
양말,A,0.9,0.07569090220146715,0.5
모자,A,0.6,0.05207244085633273,0.0
장갑,A,0.2,0.19935015336021022,0.5
의복수선료,A,0.2,0.6494852004825683,1.0
세탁료,A,1.1,0.9570950912709378,1.0
아동화,A,0.9,0.16313588877900792,0.0
구두,A,2.0,0.5553384665225015,0.0
운동화,A,4.4,0.48939547572184233,0.16666666666666666
실내화,A,0.2,0.16276528058046333,0.5
전세,A,54.2,0.031902842870246306,1.0
월세,A,44.9,0.029269241887132952,1.0
주택수선재료,A,3.4,0.5650929858981854,0.8333333333333334
설비수리비,A,5.9,0.10859553247493255,1.0
상수도료,A,4.5,0.2384388204446259,0.3333333333333333
공동주택관리비,A,21.8,0.6918129080367121,0.3333333333333333
장롱,A,1.3,0.4912028016456266,0.0
침대,A,2.7,0.7959488212260791,0.0
거실장,A,0.4,0.36034895350870666,0.0
소파,A,1.3,0.5735267194252084,0.16666666666666666
책상,A,0.4,0.2235795608942552,0.0
의자,A,0.4,0.5165341381501208,0.3333333333333333
식탁,A,0.9,0.5569700453136117,0.16666666666666666
싱크대,A,1.3,0.5224881438537319,0.16666666666666666
침구,A,2.6,0.15916689128696526,0.0
커튼,A,0.4,0.3392492656015911,0.5
전기밥솥,A,0.5,1.8853250101413066,0.16666666666666666
가스레인지,A,0.4,1.4592386321061093,0.16666666666666666
전자레인지,A,0.1,1.4097299030560104,0.6666666666666666
전기레인지,A,0.2,0.8046310328876489,0.6666666666666666
냉장고,A,2.4,1.3509071465267648,0.6666666666666666
김치냉장고,A,1.1,0.8983543381605471,0.16666666666666666
에어컨,A,1.5,1.197199437703725,0.3333333333333333
선풍기,A,0.4,1.8611028193956565,0.0
공기청정기,A,0.6,1.0977799707103435,0.6666666666666666
세탁기,A,1.0,0.5462482627629335,0.6666666666666666
의류건조기,A,1.1,1.8466070158352583,0.6666666666666666
식기세척기,A,0.2,0.7744366544826489,0.3333333333333333
청소기,A,1.1,0.6767556808712906,0.3333333333333333
소형주방가전,A,0.8,2.3537310438311327,0.5
보온매트,A,0.4,0.6991389110963263,0.16666666666666666
가전제품수리비,A,2.4,2.018360294993854,0.16666666666666666
가전제품렌탈비,A,2.5,0.0828998104386154,0.0
식기,A,0.8,2.4605224910256887,0.5
컵,A,0.5,0.7657508651166631,0.5
솥,A,0.2,2.7403499690235202,0.3333333333333333
프라이팬,A,0.6,3.2383853753929026,0.5
냄비,A,0.5,2.657246683784791,0.5
수저,A,0.3,1.5092561636042725,0.0
밀폐용기,A,0.7,2.4711238941746663,0.16666666666666666
부엌용용구,A,0.4,1.5824363295202264,0.5
보일러,A,1.5,0.022294482432743852,0.5
건전지,A,0.3,0.9021781019158974,0.5
소형가사용품,A,1.3,1.4370762530294414,0.3333333333333333
세탁세제,A,1.7,2.806680620107886,0.5
섬유유연제,A,0.1,0.8410524162696599,0.16666666666666666
전구,A,0.2,1.2486725866061386,0.3333333333333333
부엌용세제,A,0.6,0.7830072280726571,0.3333333333333333
청소용세제,A,0.2,0.16273822760342574,0.6666666666666666
살충제,A,0.3,1.3212473068321293,0.3333333333333333
가정용비닐용품,A,0.6,1.8175224144717685,0.8333333333333334
키친타월,A,1.0,1.2978418587445435,0.5
방향제,A,0.3,1.021423532913527,0.0
습기제거제,A,0.1,0.5036005516636457,0.5
가사도우미료,A,2.4,0.19188688009351043,1.0
간병도우미료,A,2.6,0.5135076661953017,0.8333333333333334
감기약,A,0.4,0.05426737607559028,0.3333333333333333
진통제,A,0.4,0.12305200773211615,0.8333333333333334
소화제,A,0.3,0.07166145061261485,0.3333333333333333
위장약,A,0.2,0.1265743115036247,1.0
진해거담제,A,0.2,0.22224502110648348,0.16666666666666666
소염진통제,A,0.6,0.04770037934725504,0.5
피부질환제,A,0.3,0.16475122540435647,0.5
치과구강용약,A,0.3,0.053453625107834364,0.5
조제약,A,5.8,0.07375167560885024,0.3333333333333333
한방약,A,2.7,0.18082415240811972,0.16666666666666666
인삼,A,0.3,1.2681391916839495,1.0
홍삼,A,1.1,4.991676052809008,0.0
비타민제,A,1.2,0.11542834828129153,0.8333333333333334
건강기능식품,A,6.5,0.49710408567921754,0.16666666666666666
유산균,A,1.2,0.8838680283079662,0.3333333333333333
병원약품,A,3.5,0.08902276777294924,0.3333333333333333
종이기저귀,A,1.4,0.6615448668551503,0.16666666666666666
생리대,A,1.0,3.450294394986098,0.16666666666666666
마스크,A,1.6,0.1822920281273443,0.3333333333333333
반창고,A,0.1,0.15256883308891275,0.8333333333333334
안경,A,1.0,0.09829200337343413,0.6666666666666666
콘택트렌즈,A,1.4,0.5098003602529062,0.8333333333333334
의료측정기,A,0.2,0.2716513432734712,0.8333333333333334
보청기,A,0.6,0.03467884074585447,0.0
건강기기렌탈비,A,1.5,2.8214073581497234,0.6666666666666666
치료재료,A,1.5,0.6266430818658991,0.16666666666666666
건강검진비,A,1.2,0.24724569988955394,0.5
치과보철료,A,6.8,0.26569065481941345,0.8333333333333334
병원검사료,A,1.1,0.34478634705509437,0.5
소형승용차,A,1.0,0.4383016111678713,0.0
중형승용차,A,1.0,0.6687655437450097,0.3333333333333333
대형승용차,A,3.2,1.978632390260752,0.5
경승용차,A,0.6,0.27453263007115897,0.16666666666666666
다목적승용차,A,7.7,0.39456608425344347,0.0
수입승용차,A,9.3,0.8479395166313397,0.3333333333333333
전기동력차,A,5.1,1.7315815140093445,0.3333333333333333
자전거,A,0.5,0.3366283891355863,1.0
자동차용품,A,0.9,1.1566248551601521,0.3333333333333333
블랙박스,A,0.2,0.8397180609116742,0.5
자동차타이어,A,0.9,0.20754641315389183,0.3333333333333333
자동차수리비,A,6.3,0.5492648771320259,1.0
엔진오일교체료,A,1.0,2.0933113090844286,0.6666666666666666
세차료,A,0.5,0.2862927532625387,0.8333333333333334
자동차학원비,A,0.5,0.08794016669122022,0.6666666666666666
주차료,A,1.2,0.22878228081732319,0.16666666666666666
승용차임차료,B,3.2,10.169700623422255,0.16666666666666666
대리운전이용료,A,0.4,0.15169318417601785,1.0
자동차검사료,A,0.3,0.0,1.0
국내항공료,B,1.0,5.6373132253262765,0.5
여객선료,A,0.2,1.7175164649119505,0.5
이삿짐운송료,A,1.0,0.6845699076179977,0.5
택배이용료,A,1.9,0.1164717120637081,0.16666666666666666
휴대전화기,A,10.4,0.37293268496305665,0.16666666666666666
휴대전화기수리비,A,0.4,2.809178798192267,0.3333333333333333
TV,A,1.9,1.3965333455079592,0.6666666666666666
영상음향기기,A,0.9,1.4391112876701873,0.3333333333333333
컴퓨터,A,3.0,3.0838781156716455,0.6666666666666666
컴퓨터수리비,A,0.1,2.589735623344916,0.16666666666666666
휴대용멀티미디어기기,A,1.2,2.531949556511729,0.3333333333333333
컴퓨터소모품,A,0.7,1.134230878074302,0.0
저장장치,A,0.1,4.903512881513097,1.0
악기,A,0.3,0.1976798245479885,0.3333333333333333
헬스기구,A,1.1,2.715306490534933,0.5
장난감,A,2.9,0.8930731492561124,0.5
레저용품,A,1.6,0.5352872149592428,0.8333333333333334
운동용품,A,2.1,2.8212544211959516,0.3333333333333333
화초,A,0.7,6.61367705880954,0.5
원예용품,A,0.4,0.29112937859864757,0.8333333333333334
반려동물용품,A,3.3,0.8130020557610607,0.16666666666666666
반려동물관리비,A,2.6,0.14751531330491388,1.0
수영장이용료,A,0.2,0.10414691986305312,0.5
볼링장이용료,A,0.2,0.08654041163158574,0.6666666666666666
헬스클럽이용료,A,1.5,0.17418246127990247,0.5
골프연습장이용료,A,2.3,0.09910370559580049,0.8333333333333334
골프장이용료,A,3.0,0.514159501490255,0.6666666666666666
당구장이용료,A,0.5,0.11376099441710956,0.6666666666666666
노래방이용료,A,0.5,0.211124497858928,0.6666666666666666
PC방이용료,A,0.3,0.11296001451160491,0.16666666666666666
놀이시설이용료,A,2.3,1.484857491553793,0.5
운동경기관람료,A,0.2,0.4315463808777248,0.3333333333333333
영화관람료,A,1.0,5.987384695549888e-05,0.0
공연예술관람료,A,0.7,0.6546565424505418,0.16666666666666666
관람시설이용료,A,0.6,0.5052510078940868,0.3333333333333333
독서실비,A,0.8,0.27818605391093254,0.3333333333333333
문화강습료,A,0.9,0.08413163180831922,1.0
온라인콘텐츠이용료,A,8.0,0.09638445730179465,0.0
사진서비스료,A,1.7,0.3562506823669808,1.0
유아용학습교재,A,0.3,0.056675650280268365,0.0
초등학교학습서,A,0.6,0.2673159563020648,0.3333333333333333
중학교학습서,A,0.6,0.8967374592569655,0.16666666666666666
고등학교학습서,A,0.6,0.37285954533152615,0.16666666666666666
대학교재,A,0.2,0.11867278178771537,0.16666666666666666
서적,A,1.5,0.22596449444610903,0.5
신문,A,0.4,0.06390681274156196,0.0
종이문구,A,0.5,0.5017010753481637,0.8333333333333334
기타문구,A,0.1,0.5763341086288379,0.8333333333333334
필기구,A,0.4,0.37402001483475683,0.8333333333333334
회화용구,A,0.2,0.21242511332943678,0.5
국내단체여행비,A,2.0,5.974152372239908,0.5
해외단체여행비,A,5.5,4.494251924092892,0.5
초등학생학원비,A,7.6,0.1660926544745432,1.0
중학생학원비,A,13.8,0.1741165800716861,1.0
고등학생학원비,A,13.8,0.12391223290694861,1.0
음악학원비,A,3.0,0.13909107090751474,1.0
미술학원비,A,2.6,0.16482380548306613,0.6666666666666666
운동학원비,A,5.7,0.2831420013446314,0.6666666666666666
전산학원비,A,0.5,0.17250713803854342,0.16666666666666666
가정학습지,A,3.5,0.8202171969749524,0.0
이러닝이용료,A,0.7,0.9985501904190119,0.0
학교보충교육비,A,1.4,0.9585974330224982,0.6666666666666666
기타학원비,A,0.2,0.08970810263221125,0.5
취업학원비,A,2.0,0.6293712877385204,0.16666666666666666
외국어학원비,A,0.5,0.1849346893336243,0.6666666666666666
운동강습료,A,3.7,0.0733701163955572,0.5
김치찌개백반,A,4.8,0.19373637425752963,1.0
된장찌개백반,A,4.3,0.2624327080479635,0.8333333333333334
비빔밥,A,2.4,0.21518716976460323,1.0
설렁탕,A,2.0,0.2645436717569013,0.3333333333333333
갈비탕,A,2.2,0.23201829936914706,0.8333333333333334
삼계탕,A,2.2,0.19457017435004545,1.0
해물찜,A,4.1,0.07942847985468116,0.8333333333333334
해장국,A,5.0,0.20609727181435802,0.6666666666666666
불고기,A,1.1,0.2309547917575862,0.3333333333333333
쇠고기(외식),A,8.3,0.10278449208717168,1.0
돼지갈비(외식),A,6.1,0.11740313681991478,1.0
삼겹살(외식),A,7.2,0.1299990683745888,1.0
오리고기(외식),A,1.5,0.17387049904680402,0.8333333333333334
냉면,A,2.4,0.21532387796374322,0.8333333333333334
칼국수,A,2.7,0.11275648889947153,1.0
죽(외식),A,1.7,0.2344005114620855,0.0
생선초밥,A,2.7,0.0958078479141483,0.6666666666666666
생선회(외식),A,10.3,0.17341916418208642,1.0
자장면,A,2.2,0.17586340909756598,0.6666666666666666
짬뽕,A,2.4,0.22658562026896584,0.8333333333333334
탕수육,A,2.1,0.1475211055045497,0.6666666666666666
볶음밥,A,0.9,0.16925491429173647,0.8333333333333334
돈가스,A,2.2,0.212927162597273,0.6666666666666666
스테이크,A,1.5,0.11677542643623831,1.0
스파게티,A,1.5,0.11483791624533797,0.8333333333333334
라면(외식),A,0.7,0.21032310506724664,0.6666666666666666
김밥,A,3.4,0.24831516105641802,0.8333333333333334
떡볶이,A,3.1,0.2035814732733983,0.6666666666666666
치킨,A,8.6,0.25837343819532727,0.8333333333333334
햄버거,A,4.3,0.6884201157429944,0.5
피자,A,4.1,0.021932557428303658,0.0
쌀국수,A,0.6,0.13951862988903163,0.8333333333333334
커피(외식),A,8.8,0.0916446265540696,0.3333333333333333
기타음료(외식),A,0.5,0.037908312619171054,0.0
소주(외식),A,2.5,0.23831114711794774,0.3333333333333333
맥주(외식),A,4.8,0.22967248874375645,0.6666666666666666
막걸리(외식),A,0.3,0.09540095764782201,0.16666666666666666
구내식당식사비,A,11.9,0.14115072343760826,1.0
도시락,A,0.6,0.7067508464885514,0.16666666666666666
호텔숙박료,A,2.1,5.224490300630825,0.3333333333333333
여관숙박료,A,1.5,0.291815323536117,0.5
콘도이용료,B,0.8,5.517454381858811,0.8333333333333334
학교기숙사비,A,0.9,0.49904157811399774,0.0
휴양시설이용료,A,1.4,4.016570299201765,0.0
목욕료,A,0.6,0.16331064080358973,0.8333333333333334
찜질방이용료,A,0.6,0.26921631379930394,0.6666666666666666
이발료,A,0.3,0.1325941859397165,1.0
미용료,A,7.3,0.1464107456062913,0.6666666666666666
뷰티미용료,A,2.2,0.17259712129056506,0.8333333333333334
면도기,A,0.4,0.9403043369784175,0.5
헤어드라이어,A,0.7,2.65890264522847,0.16666666666666666
칫솔,A,0.4,1.269617453897729,0.6666666666666666
치약,A,0.5,2.309926304932726,0.3333333333333333
비누,A,0.3,0.991627752343409,0.0
샴푸,A,1.0,0.7725780494030356,0.5
바디워시,A,0.5,1.3559884713202277,0.16666666666666666
화장지,A,1.3,0.7392610137005992,0.6666666666666666
기초화장품,A,4.5,0.8378216442552284,0.5
기능성화장품,A,3.7,0.3739015712455745,0.3333333333333333
색조화장품,A,0.7,0.30479212053398136,0.3333333333333333
모발염색약,A,0.7,3.6219145370532106,0.16666666666666666
구강세정제,A,0.2,1.9911024851375458,0.3333333333333333
손목시계,A,0.6,1.2605847267728618,0.0
장신구,A,1.0,0.4361380508956071,0.0
가방,A,2.7,0.21782441065212765,0.0
핸드백,A,1.4,2.8732261660998435,0.0
우산,A,0.2,0.2797513347403532,0.8333333333333334
유모차,A,0.2,0.29082512923816284,0.5
선글라스,A,0.4,0.3142801424692966,0.16666666666666666
지갑,A,0.5,2.432009104308597e-07,0.0
산후조리원이용료,A,0.7,0.2909604426465036,1.0
보험서비스료,A,8.6,2.0341685607296927,0.16666666666666666
자동차보험료,A,3.7,0.2088661212690683,0.16666666666666666
금융수수료,A,0.2,0.0007996269981508217,0.0
대입전형료,A,0.1,0.0941003856918172,0.0
시험응시료,A,0.4,0.1135958254097732,0.0
장례비,A,2.6,0.2523259579598676,0.6666666666666666
갈치,B,1.1,2.3703002668956836,0.16666666666666666
명태,B,0.7,0.9105425619603827,0.6666666666666666
조기,B,0.9,0.6775563123820858,0.3333333333333333
고등어,B,2.0,1.45831776352812,0.3333333333333333
오징어,B,1.0,1.7288276648455219,0.3333333333333333
게,B,0.9,1.3769274894236498,0.5
굴,B,0.4,1.8783882803410086,0.6666666666666666
조개,B,0.6,1.2002703447378826,0.3333333333333333
전복,B,0.5,2.0808556037981587,0.3333333333333333
새우,B,0.7,0.5211636040409372,0.8333333333333334
낙지,B,0.5,0.7484648629936712,0.5
사과,B,2.3,0.8278770066418825,0.8333333333333334
배,B,0.7,3.0181401934479117,0.6666666666666666
복숭아,B,1.0,1.3450767831297739,1.0
포도,B,1.4,1.0786135017627092,0.8333333333333334
밤,B,0.2,1.5673324257928198,0.3333333333333333
감,B,0.5,1.4022183538960646,0.3333333333333333
귤,B,1.8,2.0942732314343036,0.6666666666666666
오렌지,B,0.4,2.952540041317683,0.8333333333333334
참외,B,1.0,7.442642862605644,0.8333333333333334
수박,B,1.0,3.2526979166209053,1.0
딸기,B,1.5,6.094713647765987,1.0
바나나,B,0.8,1.7102081415287966,0.8333333333333334
키위,B,0.4,2.2790449036971774,0.6666666666666666
블루베리,B,0.4,0.5865102488219941,0.5
망고,B,0.4,5.144568673820834,0.8333333333333334
체리,B,0.3,9.296366431757416,0.6666666666666666
아보카도,B,0.1,5.466140851582561,0.5
파인애플,B,0.2,3.0570748669648427,0.5
배추,B,1.3,9.176418071437231,0.6666666666666666
상추,B,0.6,10.594757691868443,0.8333333333333334
시금치,B,0.3,16.048044128365586,0.8333333333333334
양배추,B,0.2,8.262163344322122,0.6666666666666666
미나리,B,0.2,4.66113774715087,1.0
깻잎,B,0.2,5.624219614566984,0.6666666666666666
부추,B,0.2,14.834440658327031,0.6666666666666666
무,B,0.6,7.002810615898244,0.3333333333333333
열무,B,0.2,6.67677681740046,1.0
당근,B,0.3,2.9963457095458543,0.3333333333333333
감자,B,0.6,5.947789911027605,1.0
고구마,B,1.0,1.369902025815757,1.0
도라지,B,0.1,0.4748850333276461,0.6666666666666666
콩나물,B,0.5,0.44206809434927336,0.5
버섯,B,0.9,3.2578301799482654,0.6666666666666666
오이,B,0.6,8.654516781652303,0.8333333333333334
풋고추,B,0.6,4.632672930820006,0.6666666666666666
호박,B,0.5,16.303186713760887,0.6666666666666666
가지,B,0.2,3.900406508456419,0.8333333333333334
토마토,B,1.3,5.441515669063599,0.8333333333333334
파,B,0.9,12.378964484285868,0.5
양파,B,0.7,4.61469544907367,0.5
마늘,B,1.3,1.4819198363431936,0.3333333333333333
브로콜리,B,0.2,7.456873209340193,0.6666666666666666
파프리카,B,0.6,9.409440496576748,0.8333333333333334
생강,B,0.1,0.9748102722452744,0.8333333333333334
