품목코드,품목명,Tier,가중치,pred_2026-01,actual_2026-01,pred_2026-02,actual_2026-02,pred_2026-03,actual_2026-03,pred_2026-04,actual_2026-04,pred_2026-05,actual_2026-05,pred_2026-06,actual_2026-06,pred_2026-07,actual_2026-07
A011010,쌀,A,4.2,117.30776205455744,116.84,116.48026449803278,117.53,117.69130791232134,116.63,116.30964035841303,116.7,116.60882957664472,116.63,116.56599717820431,116.94,117.04663887500023,116.5
A011020,현미,A,0.4,128.93411964728529,129.82,129.24113648848086,129.79,129.63540635536586,128.85,128.2873492316764,128.98,128.9147292687389,129.15,129.2286776314966,128.94,128.84264771403147,127.66
A011030,찹쌀,A,0.5,132.14999989162084,134.48,133.3679999200046,134.29,134.13799999205466,133.91,133.60600001982453,134.5,134.97199996264578,134.71,134.878000020808,134.65,134.60200000571012,132.55
A011040,보리쌀,A,0.2,199.4258931772359,198.42,198.9520498980721,198.78,199.1953366310117,197.65,197.36748717618588,196.59,195.99036513974457,195.6,194.88189367897652,190.64,188.08197646899802,182.77
A011050,콩,A,0.5,106.78411176279157,106.72,106.27364568898662,105.47,104.79169360925144,104.58,103.95256129604235,104.48,104.18877258503915,104.87,104.90923941592338,105.47,105.7260835677583,104.55
A011060,땅콩,A,0.1,120.35832158532381,119.87,119.42080127842401,120.06,119.91975304897949,120.85,121.05686989574139,120.48,120.44784121236403,120.41,120.37135950035805,120.64,120.70074698383276,120.88
A011070,혼식곡,A,0.4,120.109030477599,120.36,120.36921357942084,119.92,119.76653461334156,120.25,120.30015057338485,120.59,120.7337999592208,120.53,120.57216400663282,121.45,121.79740529466848,121.56
A011080,밀가루,A,0.1,138.08362580855527,137.72,137.8688911649337,134.38,134.1403417201893,132.33,131.94822645554882,128.66,127.99579881810092,129.07,128.65799242661586,128.97,128.6736356804323,128.97
A011090,국수,A,0.7,152.75434370643555,155.92,155.9083015490055,155.54,155.65932965906597,155.33,155.43301837123605,144.58,144.82307773258202,143.16,143.00407503856044,141.67,141.47765102008944,147.99
A011100,라면,A,2.4,127.63089813711703,128.71,128.79098944030602,127.93,128.01019316945718,126.6,126.67915792084555,126.4,126.47863772167256,126.71,126.78834671121079,126.7,126.77791635137362,126.96
A011110,당면,A,0.2,135.55669788717802,137.31,136.88686869976002,122.43,128.24481333677736,136.35,132.96078366622132,136.91,135.55469466604944,137.12,136.68579945475693,138.15,137.7708613367778,140.63
A011120,두부,A,1.2,108.1408850893232,109.1,109.01619107878001,109.19,109.11704525321969,108.51,108.40871713000256,108.42,108.3208701190431,108.58,108.49370339503336,109.17,109.11511101173784,107.72
A011130,시리얼,A,0.4,135.93743988646824,127.97,131.7498747764061,115.73,123.87377956709385,114.21,118.37476442597202,117.9,118.16236476877137,120.34,119.41719379735846,131.2,125.75360759098491,117.96
A011140,부침가루,A,0.6,142.78636710278,144.11,143.45073643224245,128.94,136.09926222187315,140.13,137.45230294184037,141.5,139.0816206116355,142.1,140.47279690224664,139.97,140.2497448456675,143.69
A011150,케이크,A,1.6,132.29837142428875,132.09,132.43741787695635,132.13,132.46194898957276,132.16,132.47644371493112,131.14,131.28326998818474,131.14,131.25526057042083,131.15,131.24689010699106,132.12
A011160,빵,A,6.8,139.1168169605076,138.72,139.10142173707064,138.75,139.11757844904648,138.53,138.8755401965378,138.47,138.79952359504415,138.48,138.79634078677717,138.48,138.78305460095916,138.51
A011170,떡,A,1.9,128.40183970334337,128.29,128.72171576948367,128.79,129.21365264284836,129.02,129.35254273364157,129.18,129.43336661479358,129.96,130.36149783478461,130.01,130.27577192534025,130.44
A011180,파스타면,A,0.1,133.03147647042056,131.12,131.34853592740302,129.47,129.68567277528555,132.46,132.12005309906894,131.09,131.21946138485214,127.66,128.09854399732546,133.25,132.4991113141401,133.56
A012010,국산쇠고기,A,8.6,111.89026901146336,112.39,113.1605889109895,113.59,114.3463157604348,111.65,111.3977315451576,110.5,110.0028347922793,109.01,108.2818107416761,111.28,111.64661261554491,110.35
A012020,수입쇠고기,A,3.1,145.00896694800025,147.19,147.59842132666753,144.1,144.42338240993783,144.14,144.4562196321415,145.29,145.62065407615097,145.43,145.75528219649976,144.95,145.25854737891083,144.03
A012030,돼지고기,A,9.8,129.21823318365375,126.65,126.74656248165086,127.96,128.0566316989893,125.21,125.3048675983731,127.7,127.79519949061067,132.99,133.0872695380843,135.77,135.8679529488136,134.56
A012040,닭고기,A,1.5,128.9124448662871,132.0,132.0834526373731,131.84,131.92292499087037,135.13,135.2139535150441,139.37,139.4562031525821,139.24,139.3256784105428,137.91,137.99382112595126,134.86
A012050,소시지,A,2.0,118.47891468125466,119.02,118.95081240695036,119.7,119.57475814152181,119.72,119.75741911687787,120.29,120.22276136213551,120.45,120.46483053485937,118.84,119.35401201327774,121.45
A012060,햄및베이컨,A,2.7,120.71057397923765,121.26,121.2476090847678,121.92,121.88608472265787,121.07,121.29655472885518,118.21,118.82232909423035,121.28,120.9119580599817,125.24,124.58511738329618,126.33
A012070,기타육류가공품,A,0.9,132.87164038251092,136.32,136.53631053415708,137.89,138.25997216035594,139.39,139.78608327266073,140.22,140.66793697270765,135.63,136.38667561106092,136.12,136.49780219230513,137.77
A013110,마른멸치,A,0.5,110.67610275409443,111.15,111.20971805323671,111.5,111.60115318771142,111.96,112.10717895243941,111.37,111.35244385790102,109.91,109.63046254776998,110.57,110.51944370573442,110.0
A013120,마른오징어,A,0.2,124.95831182372078,126.37,126.71894281768458,126.21,126.40628600805292,127.12,127.47066987771913,127.12,127.35883813471136,127.17,127.34494812173288,127.31,127.46261238386522,126.4
A013140,오징어채,A,0.2,150.01942452558893,149.72,149.4845399799674,147.13,146.0223363508149,146.42,145.67124099465283,145.15,144.3509814287222,144.34,143.69144015214206,144.44,144.21122513957894,142.97
A013150,북어채,A,0.4,133.0841533531929,134.19,136.00675495648167,134.87,136.4118693962533,136.38,137.76900760212894,138.33,139.70708928894192,136.14,137.02234765532359,139.45,140.32568655609043,138.56
A013160,어묵,A,0.8,127.51000032166928,126.9,126.76434905338022,125.91,125.6955056203646,128.39,128.25666104790847,125.73,125.8092908019107,126.73,126.52838636326925,133.2,133.3732908399056,134.76
A013170,맛살,A,0.2,143.46580778149897,142.83,143.2843769625938,136.33,138.30309650317875,140.86,139.9475355529201,144.87,143.54556369477612,145.37,145.186023967048,146.07,146.17463268314032,148.12
A013180,수산물통조림,A,0.7,123.81893165725866,124.23,124.44236892974449,124.89,125.13475667431797,125.11,125.35050234564268,125.2,125.42727829619554,125.1,125.30086843363756,125.49,125.70253085487653,126.69
A013190,젓갈,A,0.7,113.32294669895403,118.92,118.72006046635558,120.91,121.19758756620995,120.88,121.22623970965218,122.82,123.15586017603991,123.64,124.04261065168326,124.15,124.5704239110803,124.83
A014010,우유,A,3.4,124.40356850594526,124.43,124.5734195695059,124.13,124.2622518145579,124.69,124.83110556955073,124.18,124.26469662846719,124.28,124.36427997661009,124.54,124.67477207308127,124.55
A014020,분유,A,0.5,113.40304199365082,113.46,113.47017827417764,113.92,113.78784722828182,113.32,113.52001271651507,113.77,113.70972869698265,114.09,113.98246329126079,112.95,113.35451041340713,113.32
A014030,치즈,A,0.7,145.5326604683688,145.42,145.58378216352125,145.22,145.27893800174851,145.09,145.09968050895435,144.56,144.46052434672322,145.16,145.2190971556818,144.65,144.58484867896576,144.82
A014040,발효유,A,2.0,128.08396425183153,128.27,128.5043000316606,128.2,128.47993322807577,128.57,128.80802385214312,128.24,128.53690676806312,128.07,128.34584514079205,128.07,128.3195569943194,128.04
A014050,달걀,A,3.0,143.63328447338571,142.34,142.45212430546815,141.55,141.66115381773167,142.2,142.31083967087457,145.81,145.92184346605978,153.62,153.7346753729164,157.16,157.27559487772098,155.63
A015010,참기름,A,0.6,152.6615593092201,150.01,150.83839204350292,146.68,147.23021728455507,146.4,146.41693808005067,152.9,152.52196419042764,148.21,148.9438517436704,153.82,153.52779269765395,153.12
A015020,식용유,A,0.8,154.03328611536583,156.18,155.1045132384713,154.95,154.44054286123944,168.64,165.59793428323127,158.11,159.68295353489037,153.4,154.51113360171163,152.92,152.84553091749652,157.96
A016190,아몬드,A,0.2,109.88288460002549,109.52,109.68677749067186,109.78,109.93361457212512,109.71,109.80727604236284,110.13,110.25486958053483,110.16,110.25300105424296,109.88,109.91080780159243,111.06
A016200,과일가공품,A,1.0,141.4183241784543,141.79,141.98727231068185,143.7,144.06849440234993,140.14,140.22713852438213,142.94,143.27227517354146,144.19,144.53792508929317,144.42,144.7639058495942,146.77
A017250,고사리,A,0.1,124.53788079679434,126.12,126.28966718167675,126.88,127.09023155878546,127.28,127.49854423454863,127.34,127.54363251699394,127.02,127.18561823361773,126.77,126.90582274924527,126.78
A017270,단무지,A,0.2,119.51544184270423,127.89,125.40442178753193,122.57,123.49424894852298,128.46,127.10986875387414,128.69,128.518407985829,129.58,129.6193288638099,126.66,127.86214411169405,128.32
A017280,김,A,0.5,155.0650480508218,156.15,156.81355164329395,155.12,154.96728013074755,155.55,155.6644425314955,155.15,155.03539870999296,153.62,152.9450488625524,154.53,154.6118475673962,154.7
A017290,맛김,A,0.5,130.67031531088654,132.42,132.57616324732834,131.95,132.421053009321,132.06,132.32584369432146,133.92,134.01986166085067,131.58,132.05865162920276,131.97,131.87225902548136,136.36
A017300,미역,A,0.3,132.38720489143827,132.4,132.79182133331852,132.7,133.0615929353482,133.03,133.37146693563372,132.98,133.24900958446935,133.35,133.62206020579512,135.48,136.0038281344377,137.37
A018010,초콜릿,A,0.5,164.81525494698693,163.86,164.9601447356287,162.53,163.508695916591,163.45,164.42124107801558,163.38,164.3020436405583,163.52,164.40570484014108,162.9,163.7226891081671,163.04
A018020,사탕,A,0.8,115.21747236453528,116.39,116.00886097348022,115.02,115.4316525507831,111.16,112.70721429696512,115.73,114.7360113783684,115.83,115.50923015985067,117.01,116.54777695816483,117.1
A018030,껌,A,0.1,116.98771924115331,116.52,116.730520141106,116.62,116.7231382590942,116.1,116.33697114261635,116.64,116.61403290533622,116.74,116.76567522289257,116.73,116.79995381137435,115.4
A018040,아이스크림,A,2.6,128.56598671920185,128.02,127.99980520474,128.1,128.09682515051102,128.9,129.13909134133579,128.31,128.30188918868623,128.96,129.17301424453908,129.1,129.30560305080922,128.93
A018050,비스킷,A,1.9,134.64624015199814,133.43,133.7396722982481,134.07,134.270303013493,134.39,134.6062446156048,134.08,134.33619726528414,133.75,134.00075713716734,134.29,134.4805172456691,135.57
A018060,스낵과자,A,2.9,118.8899744448182,119.2,119.23281241292766,119.32,119.39521477747067,119.33,119.43402383966509,119.03,119.1985412011745,118.94,119.07998174052199,118.66,118.83030741284121,118.93
A018070,파이,A,0.6,115.9672560615118,116.62,116.6667635039983,116.19,116.23903446946855,116.47,116.50702067756258,116.03,116.05933093066314,116.49,116.5131759484183,116.55,116.58366438250805,117.03
A018080,설탕,A,0.3,147.36269911470046,148.03,148.08907613459874,147.97,148.00380490948768,142.1,141.33231855521893,141.67,141.07347176665573,140.29,139.67257129038558,141.04,140.70614204242273,142.94
A018090,잼,A,0.1,169.56686946860736,167.97,168.71248867662752,164.96,165.77852230682097,164.95,165.50391660718444,162.85,163.4857183925888,171.41,171.23642990979127,171.7,172.2471414550692,171.81
A018100,꿀,A,0.4,116.47415309612575,116.22,116.15173133476677,116.79,116.95491773414736,117.0,117.14747209868322,116.77,116.7582948744327,116.79,116.79152523342903,116.93,116.97875300230349,116.92
A018110,물엿,A,0.2,138.90644196450697,140.79,140.23455596297282,125.43,130.68665191876713,138.95,135.1139170515907,138.52,136.95244316495672,135.73,136.20519459998278,139.07,137.8409168348587,139.04
A019010,고춧가루,A,1.6,115.61380421514401,115.07,115.35476202371896,115.04,115.04660335358568,114.97,114.92144508513299,114.95,114.93122421115645,114.96,114.96520263996473,115.08,115.16484110472594,115.12
A019020,참깨,A,0.6,134.64867911986605,134.73,134.99953991762442,134.67,134.9297988891689,135.8,136.07917160392316,135.39,135.65119210100946,135.6,135.8587208334984,135.81,136.06628943840062,137.33
A019040,소금,A,0.2,175.8546146793203,176.28,176.32663130802803,176.33,176.3737352973096,175.53,175.189031730136,175.69,175.6306707425114,176.09,176.25240824935125,176.52,176.77398636543614,176.88
A019050,간장,A,0.4,129.6431453842314,136.91,137.20811017073635,138.71,139.04156597790922,139.19,139.52636439290777,140.18,140.5299925767872,142.43,142.83317551226844,140.83,141.17138917566155,142.4
A019060,된장,A,0.4,126.81729269459434,140.06,137.90933391979462,136.78,137.06518261385725,138.63,138.44013946576155,134.28,135.17150728251104,140.08,139.1774947091653,142.35,141.83638149244845,140.17
A019070,양념소스,A,0.5,139.26899936250447,137.08,138.5863601907829,130.36,134.58631019003872,136.76,135.65805960902665,139.19,137.31599297415218,138.17,137.78422884010448,140.29,139.28500726160772,142.25
A019080,고추장,A,0.3,134.5520792707021,144.31,142.02982315182237,137.45,138.71247052035463,137.22,137.7116850121921,142.16,141.07545530981037,141.9,141.7832455133161,141.66,141.79283256160062,141.63
A019090,카레,A,0.2,131.35129509044472,131.39,131.47490985125378,129.78,129.93152508880834,129.71,129.80323885377695,128.52,128.65260379388025,127.74,127.85613072499977,128.85,128.8954633272797,130.81
A019100,식초,A,0.1,148.59629038455688,147.34,148.1757140588134,148.81,149.15694828185067,148.61,149.25854870161885,147.71,148.58435819215376,148.84,149.24137254377516,147.91,148.7016209764888,147.86
A019110,드레싱,A,0.2,162.7518936483552,164.2,164.346597780471,162.42,162.90847933598337,161.25,161.312501230662,163.44,163.0726135940223,162.56,162.71578768673245,165.19,165.10149806072246,166.94
A019120,혼합조미료,A,0.3,135.0846678606123,132.41,133.23701191832254,130.74,131.46372305111916,132.62,132.72652859624918,135.06,134.99093070178495,133.59,134.1639754239724,135.51,135.60348757487833,136.72
A019130,스프,A,0.3,129.7443691643837,129.08,129.1420407147573,129.38,129.421750197366,129.67,129.71385890748263,129.93,129.97641039935291,129.73,129.78175311341525,128.5,128.55391674929604,129.84
A019140,이유식,A,0.3,111.21993175295347,111.12,111.21938415552754,111.12,111.21884209965258,111.12,111.21830058138502,111.12,111.21776273358954,111.12,111.21722949462799,111.12,111.21669958703919,111.12
A019150,김치,A,1.3,133.2333576050445,135.36,135.24476981865877,135.19,135.29823386620743,135.33,135.42884022589323,135.24,135.360976754254,135.49,135.60974464757308,135.5,135.60854771583072,134.06
A019160,밑반찬,A,3.1,117.38464360266373,117.15,117.3595094328028,117.28,117.48276167900683,117.07,117.25058370449577,117.8,118.003226324226,118.13,118.33658647476545,118.04,118.22971012379844,118.18
A019170,냉동식품,A,1.9,117.87665037247082,119.55,119.54407274467991,118.4,118.54297308992642,120.46,120.41575024148027,118.84,119.03019309549322,120.63,120.58076753395174,118.89,119.11160055405615,118.38
A019180,즉석식품,A,3.1,125.22017859540215,125.98,126.0289674563846,126.36,126.46980418916056,125.55,125.78462635543904,126.1,126.12353746423607,127.2,127.14345262029934,127.79,127.8288546701996,127.25
A019190,편의점도시락,A,0.4,118.84766810734291,118.57,118.83345323959229,118.57,118.82080793924356,118.57,118.80944391885718,118.57,118.79914011303774,118.57,118.78971527936194,118.57,118.78101013256156,118.57
A019200,삼각김밥,A,0.4,114.36131175823513,114.8,115.07708597821004,115.12,115.39918823873174,115.19,115.44935205792139,115.77,116.055284695971,116.07,116.35506541556937,116.22,116.49184948170242,116.26
A021010,커피,A,2.6,144.63958273867405,142.94,143.7509013324421,143.02,143.65793740192476,144.1,144.57721043655962,144.92,145.4193323831772,142.52,143.4095824404561,143.9,144.30200355093356,145.81
A021020,차,A,0.9,130.64250719339014,136.3,133.43849442216555,134.21,134.14227651493977,128.18,131.86169975170344,131.13,131.8177245903203,129.93,131.2402777688549,128.13,130.06799632260183,120.29
A022010,주스,A,1.4,136.73449151126104,136.3,136.78113950370857,136.78,137.2175032147648,136.73,137.19087284666017,136.52,136.96890386407154,136.45,136.86232490965173,136.56,136.9386466905797,136.41
A022020,두유,A,0.8,125.16775081725275,125.29,125.45320601274638,124.66,125.08398981234912,126.28,126.1268622653081,126.09,126.30097119225057,127.04,127.02731295853562,127.23,127.37772381890083,126.71
A022030,생수,A,1.3,116.65526562784419,117.44,117.45858517435761,117.54,117.66528174847794,117.21,117.41023386417804,117.5,117.61789365681724,117.5,117.64735628933006,116.95,117.17586258886143,117.03
A022040,기능성음료,A,0.5,120.87550936396084,121.06,121.06167308929484,121.38,121.47298235626216,121.59,121.69814885151345,120.81,120.64201106737012,120.16,119.88515940641312,121.05,121.16125918554178,120.7
A022050,탄산음료,A,1.6,119.41157937153224,120.34,120.2046490277739,120.69,120.71789661987076,112.74,115.84157658043937,119.55,118.30377399234322,118.99,118.87420861836229,119.47,119.39630968110718,120.71
A022060,기타음료,A,0.6,125.52493384767779,126.33,126.24109521826682,124.34,125.50383512658881,123.82,124.8440894043943,121.9,123.43217088957493,122.0,122.8088987420544,122.27,122.68188730563577,124.38
B011010,소주,A,1.7,108.57769999524128,108.54,108.59739416626353,108.56,108.61709019321951,108.67,108.72682855439557,108.92,108.97663037247752,108.92,108.97632229748896,108.96,109.01603359934737,109.01
B011020,과실주,A,0.8,102.00615405650768,103.91,102.37405164284446,106.06,103.06695448362491,106.32,103.68542183229196,100.95,103.17421148721169,102.87,103.12343404742519,104.61,103.40407907084649,102.1
B011030,맥주,A,3.0,115.95191336337656,116.12,116.28471807569318,116.19,116.35185213399365,116.17,116.32723391332138,116.15,116.30286503219145,115.98,116.12582499552119,116.22,116.36686575747324,116.21
B011040,막걸리,A,0.5,123.12346777331663,123.4,123.44302936521613,123.34,123.3534604633894,123.43,123.45632856455352,123.41,123.42164432226599,123.72,123.78996738333836,123.88,123.9543196870412,124.23
B011050,양주,A,0.4,111.03414958446213,112.28,111.10598956433958,116.95,112.46869865301169,116.88,113.70022290328816,110.21,112.93104867199668,112.96,112.97191539262562,118.3,114.37301894096616,112.98
B011060,약주,A,0.1,105.62568247010654,105.53,105.55237047811028,105.42,105.40724422479772,105.45,105.44969819783107,105.56,105.58528916712996,105.61,105.63595284059959,105.79,105.84644923199093,105.9
C011010,남자외의,A,4.4,120.472942599804,120.22,120.46620194018429,120.22,120.45806634215549,120.22,120.45040661066895,120.22,120.44321612436234,120.22,120.43645937125792,120.22,120.43014813535507,120.22
C011020,남자상의,A,1.5,115.22566130627035,115.06,115.22234935395457,115.06,115.21634832236309,115.06,115.21076765148116,115.06,115.20564344633488,115.06,115.20092688298956,115.06,115.19656211580393,115.06
C011030,남자하의,A,1.3,123.85995732785419,123.64,123.85409917632413,123.64,123.84857132995981,123.64,123.84333560721858,123.64,123.8384003280128,123.64,123.83369215741251,123.64,123.82921674495121,123.64
C011040,남자내의,A,0.7,110.51204360493284,110.7,110.83834059550585,111.07,111.24923216062203,111.15,111.30807226658153,111.19,111.31458744860696,111.32,111.4353305278295,111.4,111.50264945701714,111.42
C012010,여자외의,A,6.2,115.9075767431886,115.76,115.90375099385072,115.76,115.90016874836067,115.76,115.89677162568789,115.76,115.89357168691369,115.76,115.89041609574203,115.76,115.88766312153723,115.76
C012020,원피스,A,1.8,127.80377977635662,127.51,127.79578802535504,127.51,127.78708635604656,127.51,127.77887596306604,127.51,127.77115597268758,135.33,135.32055641807617,135.33,135.75781638089632,135.33
C012030,여자상의,A,1.5,117.49988066324738,117.44,117.49972749745416,117.44,117.4994072655382,117.44,117.49908255380565,117.44,117.49875955614803,117.44,117.49843863445594,117.44,117.49811965961196,117.44
C012040,여자하의,A,2.4,119.16884267335084,119.02,119.16577643175765,119.02,119.16284311736082,119.02,119.16003349076601,119.02,119.15733207985834,123.83,123.87803026472272,123.83,124.03056762053907,123.83
C012050,여자내의,A,1.8,109.69950244449785,109.65,109.72120492152665,109.58,109.65617389853684,109.64,109.7061462858152,109.27,109.36257530419458,109.67,109.70923085884841,109.79,109.84713797397823,110.11
C013010,점퍼,A,3.3,120.71274253451831,120.59,120.70860109712292,120.59,120.7046105794804,120.59,120.7007571914369,120.59,120.69699446333664,120.59,120.69329473040891,120.59,120.68960921958052,120.59
C013020,티셔츠,A,4.6,123.95969055792621,123.77,123.95544598341807,123.77,123.95139660051721,123.77,123.94753258781914,123.77,123.94382368875011,123.77,123.94030006047251,123.77,123.93689998347955,123.77
C013030,스웨터,A,0.6,118.8052954634839,118.73,118.80351832340935,118.73,118.80306211233929,118.73,118.80266025574234,118.73,118.80226308948498,118.73,118.80186832646923,118.73,118.80147621493376,118.73
C013040,청바지,A,1.6,121.42749703800946,121.22,121.42619129985081,121.22,121.42121893835885,121.22,121.41636683164558,121.22,121.41174413680721,124.42,124.53800241048054,124.42,124.66078437225693,124.42
C013050,운동복,A,2.3,109.88590870853137,109.77,109.88403316899488,109.77,109.88221155108249,109.77,109.88044825770889,109.77,109.8787379565949,109.77,109.87707554490716,109.77,109.87546109293436,112.73
C013060,등산복,A,0.5,106.81426098391405,106.81,106.81415395052937,106.81,106.81404956192277,106.81,106.81394784618153,106.81,106.81384841607732,110.44,110.24721663169932,110.44,110.44603521025596,110.44
C014010,유아동복,A,4.6,120.79174164979726,120.61,120.80565857210381,120.61,120.79053313078997,120.61,120.77373122819614,120.61,120.75823149261744,120.11,120.27132500357672,120.11,120.20780150525033,120.11
C015010,양말,A,0.9,104.13331146662202,104.37,104.33885526244251,104.26,104.3167291617165,104.25,104.29589479439336,104.25,104.2845429184331,104.2,104.23839022019186,104.24,104.25171243105301,104.29
C015020,모자,A,0.6,113.3399619800539,113.28,113.33962976076353,113.28,113.33930868912145,113.28,113.33898103914692,113.28,113.3386619647735,113.28,113.3383421911457,113.28,113.33802800200942,113.28
C015030,장갑,A,0.2,156.8153142034499,156.18,156.76750635820713,156.49,157.0514008777638,156.49,157.00821981115539,156.63,157.11629929453068,157.12,157.5977998489851,157.29,157.74061775844532,157.72
C016010,의복수선료,A,0.2,125.45970126551872,126.19,126.59998708426036,127.22,127.6847891153804,128.23,128.75104003986237,131.51,132.55523725324954,133.06,134.29820947372878,133.81,134.8867231011851,134.6
C016020,세탁료,A,1.1,138.04766043280364,139.4,140.22547519117694,139.94,140.67646112072987,140.43,141.09087463551654,145.55,147.18545467757923,148.98,151.48864000060078,151.92,154.62400418086122,153.4
C021010,아동화,A,0.9,116.36126884257936,116.17,116.36100517539383,116.17,116.36046347326567,116.17,116.3597591671731,116.17,116.35894104305409,116.17,116.35805124041535,116.17,116.3571157920806,116.17
C021020,구두,A,2.0,114.33913937271493,113.25,114.27917092469336,113.81,114.324957796001,113.81,114.36085206649139,113.81,114.38801752230742,113.81,114.4098447751155,113.81,114.42684691408705,113.81
C021030,운동화,A,4.4,111.41999999999696,111.42,111.41999999999976,111.42,111.41999999999999,111.42,111.41999999999999,111.42,111.41999999999999,115.05,114.76015563455813,115.05,115.02849790171939,115.05
C021040,실내화,A,0.2,127.73686299180734,127.69,127.73468887881964,127.86,127.88353486653868,127.89,127.93920040411314,127.34,127.41804186299929,127.57,127.49810097590078,127.9,127.8475372230189,127.97
D011010,전세,A,54.2,105.47643233425218,105.47,105.54226836206473,105.53,105.59557034318367,105.62,105.69535434389384,105.73,105.81954293129516,105.83,105.92271070352791,105.94,106.03888325494101,106.17
D011020,월세,A,44.9,105.08995356199082,105.07,105.1526108817307,105.15,105.23000507494673,105.28,105.37391858788763,105.42,105.52733521974218,105.54,105.65006943156033,105.64,105.7452071160157,105.82
D031010,주택수선재료,A,3.4,120.66624300044988,120.65,120.76926638249124,120.85,120.97382723476156,121.1,121.240577474361,124.5,125.54850163796331,125.85,126.85821486811312,126.17,126.81142088811858,127.28
D031020,설비수리비,A,5.9,123.98236570405834,123.96,124.21923838425344,124.09,124.3373957457455,124.44,124.6945630686743,125.11,125.3963953863739,125.45,125.73922417882942,125.93,126.23307410294177,126.27
D041010,상수도료,A,4.5,117.52449827338907,117.89,118.04340272935656,118.54,118.70668997453083,118.55,118.71005646213094,118.55,118.70364593636481,118.87,119.02670734809291,118.87,119.02062984711252,119.5
D042010,공동주택관리비,A,21.8,128.10071323103654,128.3,128.54937640315313,131.63,131.07729841127212,131.33,131.6139439844769,130.76,131.34959958457526,131.7,131.94062558998874,131.06,131.64771887322317,130.91
E011010,장롱,A,1.3,124.82253126526987,124.61,124.81708489247318,124.61,124.81183528137115,124.61,124.80677258206453,127.74,127.14025338938511,127.74,127.76924625256504,127.74,127.93295564476796,127.74
E011020,침대,A,2.7,128.01872770878308,127.77,128.01355342109375,127.77,128.0085765318885,127.77,128.0037836685197,127.77,127.99916208091686,127.77,127.99470094800049,133.99,134.2082245043627,133.99
E011030,거실장,A,0.4,126.26164812044638,125.94,126.25521414514641,125.94,126.24863680505781,125.94,126.2421504785562,127.83,127.559737386444,127.83,127.9709907626593,127.83,128.0956472597395,127.83
E011040,소파,A,1.3,132.3364139198988,133.29,133.24567583230473,133.29,133.36703753479114,133.29,133.38328465152796,137.23,136.7842557004431,137.23,137.25340681134807,137.23,137.31676574364442,137.23
E011050,책상,A,0.4,129.76161604998632,129.65,129.7600703109258,129.65,129.75924327822818,129.65,129.7585939969107,131.12,130.87332465179304,131.12,131.14241869236324,131.12,131.20692080642814,131.12
E011060,의자,A,0.4,116.52485915157139,116.43,116.4944912705248,116.36,116.42410752482495,116.36,116.423758334905,116.6,116.66351787007,116.51,116.57313260524217,116.5,116.56278531065813,120.19
E011070,식탁,A,0.9,126.35369610919902,126.55,126.69774031584934,126.55,126.76015344479566,126.55,126.76871519278583,130.42,129.93195928058583,130.42,130.5506369833249,130.42,130.66369436379856,130.42
E011080,싱크대,A,1.3,157.01569640612266,157.51,157.96086017002796,157.67,158.42814959649152,157.37,158.41400897873558,157.43,158.42182876136684,157.27,158.30370816089163,157.43,158.33413086861896,157.43
E021010,침구,A,2.6,117.25002619810154,117.05,117.24584182608034,117.05,117.24129412284539,117.05,117.2367676937153,117.05,117.23252114171108,117.05,117.22856605580931,117.05,117.21911688549677,117.05
E021020,커튼,A,0.4,107.15235812230166,107.25,107.20453241346542,107.36,107.28358351151337,107.64,107.45612393952082,107.13,107.31129121420108,107.19,107.26162602441224,107.68,107.4626914034393,108.55
E031010,전기밥솥,A,0.5,101.92507005780077,101.97,101.89990047926699,104.28,103.75985256859988,102.6,102.77432627908695,99.72,100.26094075478204,100.37,100.28552612410712,95.81,96.63093384032517,98.5
E031020,가스레인지,A,0.4,108.57621138821308,109.16,109.00391937523254,109.02,109.02561283481728,106.38,107.14344649214671,106.75,106.87081286624311,105.16,105.65397362000914,108.47,107.67490079010662,104.96
E031030,전자레인지,A,0.1,99.57060953207602,99.48,99.49705685611721,98.98,99.07725173001089,99.36,99.3067469814452,101.11,100.77140099990615,100.79,100.78654079675,104.98,104.20453933517527,107.62
E031040,전기레인지,A,0.2,98.9519882268113,97.42,97.6526253807247,96.65,96.80134469779753,97.16,97.1057565623038,97.46,97.40639577709128,97.44,97.43491546777837,99.1,98.84816462236788,99.42
E031050,냉장고,A,2.4,99.11564277171368,97.86,98.15296082563086,95.49,96.10496336046495,97.92,97.470218928926,98.5,98.25194545644753,98.53,98.4631141125743,100.26,99.82864884834162,99.42
E031060,김치냉장고,A,1.1,105.44770976713633,109.49,108.77289369209434,111.04,110.63799317720128,111.04,110.94406096399513,111.04,110.99436691421054,111.04,111.00290552413935,111.04,111.00456622101656,111.04
E031070,에어컨,A,1.5,113.36926198145864,113.37,113.36923216705087,113.37,113.36923956191525,113.37,113.37511473647301,118.8,118.31364590871411,117.82,117.86353961412235,120.53,120.28281207429634,121.72
E031080,선풍기,A,0.4,94.03524545991378,94.0,94.04482810691293,94.0,94.04718411775134,94.0,94.04761871316538,87.94,89.59637873820094,92.72,91.91389500091051,89.9,90.48303675794072,90.79
E031090,공기청정기,A,0.6,90.59959515695212,90.14,90.2330728868638,89.58,89.71266129609654,88.73,88.92964891162404,89.3,89.2225546428173,89.41,89.37005232175595,93.09,92.32785045445594,91.67
E031100,세탁기,A,1.0,99.29763404229857,99.49,99.5971969521024,100.57,100.5662942573286,100.43,100.43470641275285,100.91,101.00414873119384,101.16,101.25783607433279,102.23,102.30734390152284,103.29
E031110,의류건조기,A,1.1,102.8862343519116,105.03,104.3225041555747,105.16,104.89716535561837,105.95,105.6284733505735,108.57,107.7793395696085,113.35,112.51036334910455,110.98,111.5670585181114,111.67
E031120,식기세척기,A,0.2,100.8006457056351,100.32,100.50212268421704,99.31,99.74277361243897,99.45,99.55378257887463,99.58,99.57055017263977,99.46,99.49995873773688,101.66,100.88033832727038,102.09
E031130,청소기,A,1.1,98.4734089640043,97.82,97.88840838363869,99.58,99.36944978868021,99.81,99.74942153168938,98.77,98.87839675814801,99.14,99.10043976365132,99.16,99.14468889560486,98.54
E031140,소형주방가전,A,0.8,107.62619944489926,108.21,107.81403705913398,111.51,109.04613361527768,114.11,110.7430216966651,109.58,110.3440202660555,115.55,112.10637989775972,113.0,112.40821549877127,114.5
E031150,보온매트,A,0.4,109.75742995730297,109.7,109.7580473660449,114.83,114.587886223699,114.83,114.88023971985214,114.83,114.89496710450872,114.83,114.89537470755953,114.83,114.89498493293462,114.83
E032010,가전제품수리비,A,2.4,140.3766049693154,145.54,145.9758439163657,146.45,146.8955516635963,146.45,146.88297279592092,146.45,146.87046330621874,146.45,146.8593744477756,161.24,161.96759785679652,161.24
E032020,가전제품렌탈비,A,2.5,96.69471308283177,96.69,96.69452169177697,96.69,96.69443269053284,96.69,96.69435147777482,96.69,96.69427215828625,97.21,97.18200006446962,97.21,97.21226471383625,97.21
E041010,식기,A,0.8,122.94170048212118,121.23,122.58745285998799,120.37,122.05224409040011,124.81,123.15013510542441,124.5,123.79025521344812,124.24,124.14262717941756,130.62,126.45547505722017,133.61
E041020,컵,A,0.5,107.75543981279371,108.0,107.86456782291933,106.95,107.51556960070903,106.86,107.26873842438823,107.78,107.48191273883867,108.43,107.86746943026485,106.62,107.38717814931752,106.17
E041030,솥,A,0.2,124.22899620760849,125.84,124.919378945023,120.08,123.78315885773243,126.13,124.65122307742664,126.24,125.31698985909425,120.55,124.21505278192885,118.8,122.85211100921272,120.16
E041040,프라이팬,A,0.6,126.31248384695272,129.8,127.18002360462773,123.33,126.80277339560996,133.82,128.2574290997448,127.51,128.4483057166993,134.67,129.8435720261075,134.75,131.11588012140936,134.85
E041050,냄비,A,0.5,128.02141942702823,123.04,127.4437217540355,128.34,128.01082578384612,132.89,129.46608218767102,132.43,130.6271377420272,127.44,130.44730321606673,127.22,129.93987896380838,126.27
E041060,수저,A,0.3,112.6440743104395,114.71,113.86473662033218,111.26,112.53940304337286,115.42,114.16594910812998,112.95,113.65502728319204,115.62,114.78481445290464,113.72,114.38409331358078,114.63
E041070,밀폐용기,A,0.7,124.3474654764106,127.97,125.62240156762773,121.76,124.40618593423436,127.55,125.51698969809617,124.38,125.20768568882103,127.84,126.14786325284854,129.86,127.45024747069142,123.74
E041080,부엌용용구,A,0.4,121.32173120110544,119.14,119.22509919033752,119.6,119.26518707669143,120.47,120.24760143583602,119.55,119.59073748117508,122.14,121.98988114712166,124.09,124.42470996357058,129.03
E051010,보일러,A,1.5,120.43686920660166,120.47,120.48349075019203,120.5,120.51477699243053,120.4,120.38412635191915,120.38,120.36630528721194,120.37,120.35993576594365,120.37,120.3643770010847,120.37
E051020,건전지,A,0.3,142.78995353707066,142.49,143.13456561924394,141.99,142.91941725183037,144.46,144.31734701670138,148.52,147.3358835412583,149.32,149.2488453757455,149.18,149.92136897538114,149.88
E051030,소형가사용품,A,1.3,113.11242940840089,113.58,113.61504053392497,112.71,112.7394401560965,114.55,114.59184028854072,112.26,112.2866117485994,114.32,114.3580740482963,115.96,116.01963279824655,118.42
E061010,세탁세제,A,1.7,130.49871985685587,128.68,129.40203262736745,125.64,127.12263005805735,120.6,123.1173223740292,121.92,122.37789578740914,132.82,128.7186934780051,128.08,128.33328914461515,127.71
E061020,섬유유연제,A,0.1,151.93136141396013,153.18,152.9079605603142,153.18,153.3772763090359,151.31,152.59847311752762,152.35,152.74810130965497,154.45,153.92243217025356,152.05,153.22239010343253,154.82
E061030,전구,A,0.2,108.6641470091736,109.25,109.06466270889338,109.24,109.27523245290472,109.4,109.45301821485454,105.21,107.54827210347702,108.47,107.95964459249271,108.38,108.1551477214117,111.11
E061040,부엌용세제,A,0.6,121.20549083602755,123.52,123.22312376843362,123.5,123.52506888079444,121.15,121.60638688985931,121.38,121.48372848476059,121.41,121.48897424005187,122.58,122.46954543675479,122.82
E061050,청소용세제,A,0.2,138.0143344403981,138.05,138.17766645012122,138.38,138.59675013705723,138.56,138.71258112285835,138.67,138.76794939670907,138.97,139.16276912765997,138.85,138.82733107250658,139.58
E061060,살충제,A,0.3,127.5333984790543,127.97,128.18028272333137,127.63,127.82928018601608,128.18,128.38461244299154,132.49,132.76820590968757,133.86,134.1600499590785,130.02,130.23566947574338,131.69
E061070,가정용비닐용품,A,0.6,138.42739509826518,137.39,138.11352879919957,137.72,138.25944884840658,138.18,138.63198876853616,138.48,138.9459157018635,140.07,140.2167460874445,148.6,147.13110728355755,154.99
E061080,키친타월,A,1.0,135.38911599853162,133.73,134.55196198203407,135.89,135.43272309763935,137.23,136.57824973025612,131.16,133.60589922545316,133.7,133.77101358571426,135.1,134.63703749325168,135.13
E061090,방향제,A,0.3,135.3144413670891,134.14,135.062086316806,134.72,135.2145344868022,132.44,134.11560145841688,134.92,134.810705216557,132.85,134.1041688622395,134.21,134.42393378823294,132.08
E061100,습기제거제,A,0.1,149.1183081842208,149.57,149.60885479938156,149.63,149.69487060366043,149.62,149.69047736538352,149.82,149.8774928641219,149.8,149.87000710007305,145.93,146.2378132027267,145.77
E062010,가사도우미료,A,2.4,121.16489707151422,122.03,122.28040601367037,122.18,122.42713721315964,122.54,122.7881512252541,122.89,123.13895006111176,123.45,123.70399693830159,123.61,123.8608039857749,123.8
E062020,간병도우미료,A,2.6,138.6434053411508,141.53,142.13806270205467,142.15,142.75627951873264,142.73,143.32810939197213,144.29,145.05109661342965,144.43,145.0734039081699,144.46,145.00999280423633,145.0
F011010,감기약,A,0.4,128.77423237779055,128.52,128.5354254698934,128.52,128.52824027335586,128.56,128.57743524656144,128.46,128.4367494191234,128.44,128.42105884561101,128.48,128.48290053554067,128.49
F011020,진통제,A,0.4,119.33524451593385,119.42,119.43300900465293,119.64,119.80882959385977,119.73,119.804774216682,119.59,119.48544976689453,119.51,119.44514498769918,119.74,119.91376608084684,120.04
F011030,소화제,A,0.3,123.67677469600729,123.59,123.6082010326361,123.6,123.61198809536542,123.69,123.72405820737916,123.67,123.68029302292837,123.55,123.51736913807783,123.6,123.59981051488829,123.42
F011040,위장약,A,0.2,107.03502242373081,107.28,107.28589496614038,107.38,107.38609860907191,107.53,107.53651807227489,107.73,107.7371555679243,107.97,107.97797225130746,108.0,108.00779623406578,108.03
F011050,진해거담제,A,0.2,113.81460495809448,113.83,113.8829789815618,113.8,113.79932896119914,114.36,114.65553830842443,115.14,115.64767942547641,115.14,115.28459630391644,115.16,115.210516706671,115.2
F011060,소염진통제,A,0.6,115.55213386723014,115.47,115.47347479650792,115.47,115.47256423734767,115.5,115.50831195866404,115.6,115.62742771938724,115.56,115.5718272167827,115.48,115.47173692787597,115.45
F011070,피부질환제,A,0.3,114.46803378360279,114.58,114.69391007974217,114.45,114.39445637495723,114.61,114.69470277256572,114.8,114.93092886702713,114.84,114.89026798480457,115.22,115.45732652308223,115.23
F011080,치과구강용약,A,0.3,112.13205253028238,112.11,112.09972361683946,112.11,112.10360486499067,111.98,111.95292090300542,111.87,111.83359089526793,111.79,111.75311702620417,111.81,111.7906096497068,111.87
F011090,조제약,A,5.8,92.9113930569654,92.83,92.78052085236102,92.78,92.72699155005662,92.78,92.72770289799752,92.78,92.73265011559779,92.56,92.52716986043089,92.45,92.40884070174805,92.45
F011100,한방약,A,2.7,133.43921720494882,134.03,134.4818152902067,133.86,133.9421159479525,133.91,133.9415903971789,134.1,134.2171214348743,134.27,134.41088316018053,134.27,134.3204757734423,134.42
F011110,인삼,A,0.3,100.10617128810817,101.56,102.81289463960714,105.69,108.82981973931271,108.96,111.56891837968517,112.59,115.4377555246336,117.48,121.29492516045431,123.28,127.85376247441317,127.41
F011120,홍삼,A,1.1,110.32475577866096,111.11,110.68695289122093,100.0,106.36935706819732,111.11,108.23957240131641,111.11,109.25070359584132,100.0,106.152912707081,111.11,107.79237333158656,111.11
F011130,비타민제,A,1.2,112.33565130590728,112.26,112.23376106349544,112.28,112.26262645073743,112.35,112.34971664824383,112.76,112.83169658849882,113.04,113.14841708481363,113.18,113.28829011828773,113.34
F011140,건강기능식품,A,6.5,103.51523454980047,103.01,103.1394749696842,102.68,102.79756694129979,104.02,103.72255692080168,102.68,102.94634735355983,102.68,102.7515640936027,102.68,102.70274048699238,102.68
F011150,유산균,A,1.2,102.21887435950953,102.02,102.18860506889133,101.92,102.13438497977545,98.38,100.9762745425952,101.84,101.07303093773747,101.46,101.08714595234613,101.46,101.1400178487538,101.46
F011160,병원약품,A,3.5,92.74853352764428,92.62,92.55313239767456,92.58,92.50003522363221,92.58,92.49599199254416,92.58,92.49641101121631,92.4,92.33231357242855,92.24,92.17190113828963,92.24
F012010,종이기저귀,A,1.4,116.560628884244,117.1,116.98189765224282,115.72,116.14705972805521,116.95,116.75003780989418,115.64,116.02270227149158,116.86,116.64743985861942,117.1,117.00518052077821,116.62
F012020,생리대,A,1.0,117.23296696323428,119.27,118.30820149263636,111.5,114.69613388527617,119.55,117.02515396610619,108.71,112.85944586935625,110.24,111.19640267991994,109.46,109.90244969290744,110.64
F012030,마스크,A,1.6,71.0665210916485,71.1,71.06613524047096,70.82,70.85536938607736,70.62,70.65425971374793,70.62,70.6071038330541,70.76,70.70325870696036,70.7,70.68230321076541,70.88
F012040,반창고,A,0.1,102.10194421987744,102.09,102.11653598170302,102.09,102.1171445156178,102.19,102.21100415508938,102.26,102.28294533948839,102.42,102.43849731797083,103.07,103.08007844392044,103.25
F012050,안경,A,1.0,101.78125355412527,101.8,101.80117217874705,101.91,101.91163099654823,101.85,101.8510214602933,101.64,101.64000860300789,101.61,101.60991091714479,101.61,101.6099242634185,101.88
F012060,콘택트렌즈,A,1.4,102.07885339272154,101.68,101.7911323479116,102.56,102.72096510325393,103.53,103.75116901065832,103.9,104.12647584054868,105.43,105.7846999414977,105.63,105.95607125987759,105.83
F012070,의료측정기,A,0.2,98.18820959542234,98.13,98.12824516849717,98.09,98.08828304314395,97.95,97.9483056807175,98.72,98.71844775814019,98.93,98.92851097429389,99.11,99.10856770073501,99.59
F012080,보청기,A,0.6,102.91645024908546,102.88,102.91626121748935,102.88,102.91599987914408,102.88,102.91570953940398,102.88,102.91540905012896,102.88,102.91510688261016,102.88,102.91480632165333,102.88
F012090,건강기기렌탈비,A,1.5,100.80020123121,101.17,101.04868948934225,101.17,101.13500482609506,104.23,103.08132089359039,106.52,105.47593060604856,106.52,106.26108053842349,108.49,107.90740864063027,119.94
F012100,치료재료,A,1.5,103.03967321253486,100.28,100.32849940282524,100.28,100.2806287957092,100.28,100.2800100643212,100.28,100.28000067857998,101.79,101.7672181801564,101.87,101.8687856240215,101.87
F021020,건강검진비,A,1.2,107.35198256412004,107.3,107.35014850251497,107.52,107.56934294852304,107.8,107.8702781953236,108.25,108.33527066293745,107.91,107.96145528956316,108.25,108.29533428684934,108.62
F022020,치과보철료,A,6.8,105.30574403754139,105.67,105.67574465955535,106.12,106.1257654631499,106.52,106.52577589752205,107.12,107.1258358524144,107.2,107.2057741960024,107.29,107.29571439223412,107.27
F031020,병원검사료,A,1.1,62.327197625302055,63.25,63.10611808542791,63.34,63.350193020904385,63.43,63.47449312584003,63.43,63.4969232030992,63.45,63.51371883843446,63.37,63.44614423021982,63.39
G011010,소형승용차,A,1.0,104.86947415251464,104.85,104.86925277052529,106.5,106.42868774637657,106.5,106.5207226318735,106.5,106.52587393974677,106.5,106.52604217546792,106.5,106.52591638144517,108.02
G011020,중형승용차,A,1.0,103.89691855122243,103.48,103.51445607224908,103.06,103.09605989501073,103.48,103.46598289039373,103.48,103.48827235691138,104.18,104.14765844215702,102.78,102.87755049863384,104.4
G011030,대형승용차,A,3.2,110.40201676072492,110.34,110.3519282130366,110.04,110.05172682225165,108.3,108.31088027947294,109.83,109.82978178709342,107.02,107.10620814702682,113.41,112.80342656498394,115.49
G011040,경승용차,A,0.6,106.75890407648915,106.71,106.75872625686009,106.71,106.7584765422851,106.71,106.75821524798808,106.71,106.757948351815,106.71,106.75768699862344,107.99,107.75022223035288,108.35
G011050,다목적승용차,A,7.7,111.55999993469341,111.66,111.65759942883216,111.57,111.57210776862505,111.66,111.65788083060096,111.34,111.34772084465855,111.86,111.84702447682642,111.4,111.41196487444743,112.96
G011060,수입승용차,A,9.3,107.29452271707136,105.92,106.25173993332601,107.8,107.39936502045101,108.31,108.0735162420768,106.73,107.08501127260269,106.73,106.82345490637263,106.94,106.90920193948732,107.62
G011070,전기동력차,A,5.1,104.27996523990682,104.37,104.34179727611497,102.48,103.16039381355769,105.79,104.36652680550011,105.8,105.11870434071369,104.63,104.94229723535878,103.7,104.53998420397866,109.71
G011080,자전거,A,0.5,134.5677501184043,135.03,135.1202345105907,135.78,135.99554321489163,136.21,136.42933280765723,137.1,137.42269869413627,137.3,137.53114588845983,138.29,138.64168584027607,138.98
G022010,자동차용품,A,0.9,115.1394621790396,116.0,115.68414808090789,116.15,115.97797646903739,116.08,116.04220279460107,116.94,116.60802745295852,113.09,114.39412531368733,116.94,115.99287718305153,116.94
G022020,블랙박스,A,0.2,102.87849427809068,99.95,100.38498705490599,101.17,101.0310174836908,101.3,101.24137790767692,101.49,101.43596523367805,102.62,102.3991300586703,102.49,102.46771362420618,102.04
G022030,자동차타이어,A,0.9,120.85912040611501,120.96,120.93336091259943,121.29,121.30377850621035,120.77,120.72560315173041,121.09,121.0881247742015,121.18,121.18806082276627,121.0,120.98739049566097,121.11
G022040,자동차수리비,A,6.3,118.07944025084376,118.98,119.33413431989594,119.84,120.35259017504379,120.24,120.6826362689863,122.73,123.88664452279342,123.49,124.59726014461647,123.94,124.67543596463551,124.61
G022050,엔진오일교체료,A,1.0,136.14844912413372,136.64,137.01686375804425,137.71,138.49385435705972,138.15,138.5395111279296,150.47,158.41456567872038,153.86,158.25390681197564,155.52,157.5464146666421,156.15
G022060,세차료,A,0.5,137.79434171834686,138.16,138.63260285236663,139.42,139.9780126625734,139.65,140.1665763242328,140.46,141.00667467770202,140.77,141.28729519975283,140.82,141.28543276561982,140.96
G023010,자동차학원비,A,0.5,115.45468471874776,115.48,115.65405801505366,115.86,116.0412710127685,115.98,116.15694271185653,115.93,116.09558363239155,116.02,116.18070156361479,116.19,116.34946489915339,116.24
G023020,주차료,A,1.2,112.69406089741132,113.04,113.15052133681904,112.75,112.85181672926694,112.75,112.84940155239873,112.75,112.8471101914886,112.51,112.60082215323885,112.51,112.59890434337596,113.03
G023040,승용차임차료,A,3.2,85.30249624098312,80.69,82.10985334899122,103.8,96.54639760233967,91.39,93.13534959022853,88.8,90.3936734012689,103.43,98.63573646697523,80.96,88.04810670808571,89.49
G023050,대리운전이용료,A,0.4,136.50142300991078,136.86,137.04151886479193,137.44,137.68733436665823,137.49,137.6963729480789,137.96,138.2078138524599,138.16,138.3933845299562,138.3,138.51127731435002,138.41
G023060,자동차검사료,A,0.3,100.0,100.0,100.0,100.0,100.0,100.0,100.0,100.0,100.0,100.0,100.0,100.0,100.0,100.0
G033010,국내항공료,A,1.0,104.58932524160433,106.39,105.57194396091279,112.41,109.17696892502369,102.7,105.89355839875762,103.07,104.48849295366428,135.11,119.248210707853,129.52,125.59929456735631,123.57
G033030,여객선료,A,0.2,121.84648843654887,123.41,123.29671280242069,122.26,122.47282373671574,121.07,121.32591571319819,122.41,122.35182782623244,129.45,128.6918099243974,128.81,128.8816779841357,131.9
G034010,이삿짐운송료,A,1.0,132.02210667268704,133.21,133.6428158743301,135.41,135.92474702412562,135.31,135.7905818591361,136.8,137.3288053328915,136.77,137.26703509324662,136.55,137.0099816279702,136.37
G034020,택배이용료,A,1.9,114.89951629747152,114.84,114.89469770651056,114.94,114.9955501042334,114.73,114.76995886699933,114.94,114.98787185606773,114.7,114.73135034654634,114.65,114.67606414033212,114.65
H021010,휴대전화기,A,10.4,100.83965951280511,101.09,100.85122004128685,101.09,100.85592082244442,101.92,101.5286332147416,101.92,101.6613357111927,101.92,101.68941538813654,101.92,101.69718028789883,101.92
H031040,휴대전화기수리비,A,0.4,106.87325666964377,107.39,107.50045413225895,107.39,107.51346761536179,107.62,107.73831213452635,107.62,107.74242526990282,107.62,107.74149752986757,99.28,99.45100814432577,110.79
I011010,TV,A,1.9,81.66559507678276,82.65,82.22674519506154,82.85,82.49820401491871,82.33,81.96528003815237,82.09,81.74339811874026,82.49,82.22679821036166,83.56,83.44093224162106,87.81
I011020,영상음향기기,A,0.9,102.06597012372573,102.06,101.96655017245268,98.62,98.51888477933167,98.81,98.7102450734665,96.99,96.88626511985406,101.0,100.90725436142522,100.87,100.77774993381166,100.28
I012010,컴퓨터,A,3.0,94.91194432488975,95.42,95.22433131987832,101.99,101.79478363063245,104.42,104.22934917020487,111.7,111.52620553628208,111.51,111.33018888577907,114.86,114.69251773876978,117.19
I012020,컴퓨터수리비,A,0.1,172.25456071801918,182.19,182.56897767629533,182.19,182.56572246983444,182.19,182.56251166200286,182.19,182.55934986562565,182.19,182.5562279273426,189.05,189.436475027848,206.85
I012030,휴대용멀티미디어기기,A,1.2,124.05970552243478,124.06,124.05971801643852,124.06,124.05973002084629,124.06,124.05974115247213,129.25,129.24975521496788,129.25,129.24976566030207,129.25,129.2497755838032,149.78
I012040,컴퓨터소모품,A,0.7,121.090463653426,126.01,126.31697735093124,126.01,126.34665087752278,125.91,126.22757106230841,128.49,128.86205230503032,128.49,128.89081559904432,127.46,127.80697486750162,127.46
I012050,저장장치,A,0.1,144.572316818222,160.06,158.81211645266296,172.55,172.55649346105847,196.75,197.69116988373986,197.48,200.48190420200126,207.68,210.5277663137168,209.38,212.63065374081134,212.06
I021010,악기,A,0.3,105.4671518406096,105.44,105.46135242899554,105.89,105.9007892623128,105.96,105.99030724848016,106.1,106.12950017867689,105.89,105.92742676242689,106.51,106.52214421735673,106.5
I021020,헬스기구,A,1.1,106.45718747830884,106.64,106.58754929488514,105.66,105.89644656744905,103.9,104.40288460101046,106.28,105.78015532382665,114.69,112.48553110651174,118.39,117.44179109704251,115.69
I031010,장난감,A,2.9,99.77764860176208,101.13,100.70135891788344,98.77,99.38571380607704,100.41,100.05683753786431,101.13,100.77547361396327,101.2,101.06893024922216,101.45,101.3363586093166,101.42
I031020,레저용품,A,1.6,110.02952673045398,113.03,111.93618205718111,112.51,112.34066735093033,112.6,112.54796716343475,112.74,112.71300116933187,112.75,112.78128351254881,112.76,112.8130633563167,112.96
I031030,운동용품,A,2.1,91.7038858454808,91.65,91.63394165717821,109.37,109.36877918737916,108.02,108.01867802852283,107.15,107.14860935629008,106.81,106.80859154260207,106.84,106.8386140476501,105.71
I031040,화초,A,0.7,154.09999986842274,164.79,164.78999984070657,163.26,163.26000002279875,154.45,154.4500001312792,143.98,143.98000015601517,159.35,159.34999977096913,142.98,142.980000243932,136.43
I031050,원예용품,A,0.4,118.51926695490145,118.67,118.80709106944335,118.79,118.92282952952782,119.35,119.50978093965665,120.37,120.58575266942717,121.04,121.28399067803782,121.1,121.32894186236071,120.97
I031060,반려동물용품,A,3.3,121.73895272563303,121.91,122.05052331689805,121.45,121.79057084735767,122.91,122.7774209684245,120.15,121.04348920319285,122.29,122.0386333685146,122.25,122.32515126077135,123.27
I031070,반려동물관리비,A,2.6,113.7486031669189,113.86,113.92835724776485,114.12,114.18818059878008,114.47,114.53807986144633,114.75,114.81791816355948,114.91,114.97765537200013,115.0,115.06733533836822,115.34
I041010,수영장이용료,A,0.2,113.2625387986767,113.1,113.25740450814929,113.39,113.5500502047724,113.64,113.80161763088952,113.71,113.8684016255635,113.71,113.86357846775071,114.02,114.17671069256514,114.14
I041020,볼링장이용료,A,0.2,108.92692092472755,108.98,109.09007293971615,109.01,109.11729189834976,109.0,109.09748185620639,109.24,109.33941962515483,109.53,109.64394713314653,109.69,109.81246128426459,109.78
I041030,헬스클럽이용료,A,1.5,108.33357628451273,108.19,108.25469481758392,108.82,108.89278514632964,108.86,108.95437811703971,108.6,108.68686838356213,108.74,108.8107082652223,108.85,108.92291910111135,109.06
I041040,골프연습장이용료,A,2.3,104.6328945042078,104.65,104.63234601809972,104.59,104.57430015145898,104.43,104.41146052926966,104.39,104.36164280199675,104.14,104.11053179751904,103.95,103.90464942287257,104.02
I041050,골프장이용료,A,3.0,118.83938840377145,118.71,118.8371869437231,118.77,118.8957650616092,120.27,120.41138185432898,121.4,121.55375975331934,121.84,121.99704875265608,122.05,122.20702293135187,120.76
I041060,당구장이용료,A,0.5,108.11946398652688,108.55,108.61877389390881,108.69,108.76007671723754,108.81,108.8808671891156,108.72,108.78689149421713,108.77,108.83620162023792,108.93,108.99781603094112,109.04
I041070,노래방이용료,A,0.5,123.00810762932481,123.45,123.60588525539096,123.56,123.70678456905769,123.08,123.14163293345041,122.9,122.92660539002301,122.96,122.99063834050705,123.35,123.42783897447801,123.5
I041080,PC방이용료,A,0.3,115.53887424842864,115.28,115.40974684680393,115.65,115.78529400874413,115.65,115.77990894544767,115.72,115.84678810384843,115.82,115.94464628057023,115.76,115.87813865067562,115.87
I041090,놀이시설이용료,A,2.3,117.67010590692081,117.58,117.64971475165711,118.12,118.18958006121935,117.37,117.43886257595956,117.94,118.0087416617179,120.93,120.99968393327484,122.34,122.40992006801773,129.24
I041100,운동경기관람료,A,0.2,130.3076488042177,129.88,130.28835191805058,129.88,130.27094944237095,130.6,131.00096898879445,132.26,132.70715200634433,133.35,133.82223995034363,133.35,133.7994592389934,133.35
I042010,영화관람료,A,1.0,128.81013379461785,128.81,128.81010823057392,128.81,128.81008735171852,128.81,128.81007047536016,128.81,128.81005691709487,128.81,128.81004596936538,128.81,128.8100371257852,128.81
I042020,공연예술관람료,A,0.7,112.4826547729684,111.65,111.76710481286828,111.65,111.74173020706853,112.81,112.86094812604745,112.81,112.89945225391776,115.97,115.95184646761898,115.97,116.05865794203247,115.97
I042030,관람시설이용료,A,0.6,111.28174988474295,111.35,111.32244869431844,111.35,111.3388798526217,111.51,111.44091689584708,109.67,110.38519014740477,111.48,111.03759140592572,111.48,111.30108754826405,111.64
I042040,독서실비,A,0.8,99.77684463158674,99.96,99.97731060561452,100.18,100.1966196419635,100.17,100.20247572751663,100.03,100.07210420899641,99.77,99.81958036203524,99.84,99.86743886501053,98.84
I042050,문화강습료,A,0.9,116.61524858946441,116.64,116.82519044079726,116.79,116.97303030271881,116.82,116.99674704977095,116.93,117.10351406309293,116.98,117.14827884997369,117.35,117.5245655817283,117.44
I042060,온라인콘텐츠이용료,A,8.0,111.59384512292661,111.47,111.58772850635614,111.47,111.582010631906,111.47,111.57674749546328,111.47,111.57176210807981,111.47,111.56716493638476,111.47,111.5628194807636,111.47
I042080,사진서비스료,A,1.7,121.49342766858419,121.6,121.92243840803584,122.34,122.68930937528698,122.44,122.80621425441731,122.79,123.1267645293736,123.03,123.35527845189017,123.71,124.03341833688937,125.9
I051010,유아용학습교재,A,0.3,115.45870286807674,115.38,115.45836361447608,115.38,115.45785226186808,115.46,115.53012080958435,115.46,115.5362949992317,115.46,115.53638959718386,115.46,115.53593541022644,115.46
I051020,초등학교학습서,A,0.6,109.71816832613692,109.63,109.74766870608927,110.78,110.83592385262638,111.32,111.4142116554674,111.32,111.44634636836767,111.32,111.44655184873976,111.32,111.44495593425451,111.32
I051030,중학교학습서,A,0.6,113.74538382256858,115.66,115.73588652688545,117.78,119.06920512024853,117.78,117.85601976124045,117.78,117.85560578449575,117.78,117.85519456762358,117.78,117.85478572260254,119.77
I051040,고등학교학습서,A,0.6,137.2015561874543,137.71,138.20602294030147,137.71,138.2514813135494,138.78,139.26975101663487,138.78,139.3189064869365,138.78,139.30031586140612,139.9,140.36154550547184,139.9
I051050,대학교재,A,0.2,103.73944195287973,103.7,103.73922354768588,103.7,103.73900885053708,103.13,103.19516967303777,103.13,103.16615251909047,103.13,103.16430301046874,103.13,103.1638435200516,103.13
I051060,서적,A,1.5,111.40788103069254,111.89,111.99401812113625,112.41,112.53246143847619,112.63,112.77592366245965,112.63,112.7843624513537,112.63,112.77794923520942,112.8,112.9372771271701,113.4
I052010,신문,A,0.4,120.44819189511952,120.37,120.44776499588353,120.37,120.44734075967412,120.37,120.44691934433712,120.37,120.44650046853036,120.37,120.44608430396491,120.37,120.4456706459696,120.37
I053010,종이문구,A,0.5,121.22779765986114,121.08,121.25196811495405,121.73,121.98720942834663,122.99,123.50738831696613,124.85,125.74957193527035,125.17,125.84706304016873,125.26,125.63912944697259,125.42
I053020,기타문구,A,0.1,125.44440047551791,127.28,127.09246087959313,127.54,127.62980487990797,127.46,127.67087433601439,127.98,128.0950519987209,128.46,128.56365527574653,129.88,129.79736305462075,130.54
I053030,필기구,A,0.4,115.09649105519118,116.53,116.25114168059675,116.61,116.62139024205051,116.91,116.95332667685902,117.36,117.40145894766951,117.78,117.8464988576953,117.72,117.86160304075699,117.93
I053040,회화용구,A,0.2,117.93835711110756,117.93,118.1371030164639,117.42,117.6079045504193,117.9,118.09421607070237,118.42,118.62141704167215,118.45,118.64608291392483,118.65,118.84520069536484,118.61
I061010,국내단체여행비,A,2.0,116.96001407787075,109.38,112.60680897712211,126.74,120.6720187814748,115.77,117.96498034450782,127.23,123.16483487290571,128.62,126.30053257803817,128.85,127.80043450106349,135.96
I061020,해외단체여행비,A,5.5,112.19616288889422,115.52,114.66544126682139,118.82,117.74666594608908,117.53,117.64592070829968,128.34,125.52025268156383,143.52,139.94231814425177,137.81,138.29687093082262,134.95
J041010,초등학생학원비,A,7.6,110.80508804145282,111.13,111.27604065862977,111.35,111.49800136915522,111.74,111.8961630188223,112.28,112.44996098415152,112.36,112.52559568561699,112.41,112.57034407048343,112.5
J041020,중학생학원비,A,13.8,110.02592881541833,110.34,110.43572281657059,110.8,110.89555810458371,111.15,111.24529720197785,111.51,111.6050439229846,111.59,111.68455613088555,111.66,111.75406311816984,111.87
J041030,고등학생학원비,A,13.8,108.09109007216436,108.19,108.29204040176633,108.64,108.74665589363956,108.9,109.00840706095487,109.07,109.17879060398992,109.32,109.43038384142194,109.37,109.47891221432924,109.56
J041040,음악학원비,A,3.0,118.14856489782754,118.29,118.49225332522163,118.64,118.84615169786939,119.14,119.35497820874672,119.75,119.97749289160794,119.94,120.16503197636364,120.09,120.31128397975088,120.24
J041050,미술학원비,A,2.6,119.6995191376569,119.57,119.78445017306409,119.69,119.90050241117184,120.12,120.33612874687232,120.85,121.08094483531151,121.02,121.24785556428674,120.88,121.09526071265299,121.1
J041060,운동학원비,A,5.7,122.52086877204219,123.13,123.43205864778136,123.29,123.58508365065238,124.28,124.60057288965668,124.76,125.08558754626003,124.76,125.07057495435387,124.81,125.1088751562858,124.84
J041070,전산학원비,A,0.5,114.13001449894008,114.59,114.79784741092782,114.94,115.15580879060957,114.94,115.14107833865096,115.05,115.24439939601037,115.03,115.21014151204335,115.12,115.29365413365942,115.12
J041080,가정학습지,A,3.5,117.89641838572705,120.03,120.0871163574262,120.03,120.08680481232714,120.03,120.08649516177626,120.03,120.08618793772543,124.33,124.59027866260344,124.33,124.57780432474381,124.33
J041090,이러닝이용료,A,0.7,107.83207670567553,115.57,115.41848588751378,115.57,115.60481018797788,115.57,115.60874853023306,115.57,115.6086152334161,115.57,115.60839176655463,115.57,115.60816806047835,115.57
J041100,학교보충교육비,A,1.4,104.46035479264572,104.45,104.48012708116615,104.47,104.49990026257859,106.78,106.81490826940532,108.88,108.91565298941904,108.8,108.8354237935254,106.16,106.19408043058088,106.16
J041110,기타학원비,A,0.2,108.433374042923,108.55,108.6234314561537,108.55,108.6228007619802,108.57,108.64224985526268,108.77,108.84233476830467,108.79,108.86179274127446,109.05,109.12207364362595,109.05
J042010,취업학원비,A,2.0,110.01885345061676,107.16,107.64253655937607,107.48,107.57413464676512,107.99,108.00328046064836,108.05,108.11522793052228,107.79,107.90755147621114,107.79,107.8776258775614,108.69
J042020,외국어학원비,A,0.5,114.32018098244963,114.67,114.85271774646877,114.97,115.15634518844105,115.31,115.50142701043463,115.38,115.56569562064968,115.12,115.28767727837875,115.24,115.4050372651039,115.66
J042030,운동강습료,A,3.7,109.62862650314513,109.84,109.9656430961343,109.99,110.11576727626156,110.16,110.28832443453487,110.23,110.3483055688665,110.23,110.33043400194273,110.34,110.43924874749514,110.34
K011010,김치찌개백반,A,4.8,128.8744774868503,129.17,129.47753004884717,129.79,130.16234914162658,130.53,130.98090356510764,130.69,131.06198402835184,130.92,131.25073996361365,131.06,131.33839678876296,131.17
K011020,된장찌개백반,A,4.3,127.36082070671222,127.76,128.08863698227108,128.84,129.36588109020283,129.62,130.2072498647109,129.71,130.1345612107644,129.94,130.29704249842433,130.1,130.38925269190065,130.31
K011030,비빔밥,A,2.4,130.78303753053592,130.85,131.18075948010946,131.02,131.3202579356964,131.21,131.4881217363744,132.08,132.45248810978487,132.87,133.30651502599883,132.98,133.35998952167665,133.04
K011040,설렁탕,A,2.0,129.4732061893955,129.63,129.88365741594475,130.09,130.38466232668299,130.01,130.2117431388183,130.62,130.90886909501495,130.35,130.5092896583674,131.04,131.31064353404167,131.13
K011050,갈비탕,A,2.2,134.04386688218804,134.53,134.97376191357392,135.37,135.90388465741407,135.63,136.08528544335198,136.4,136.92348966431945,136.67,137.1217817989087,137.07,137.5006003586111,137.07
K011060,삼계탕,A,2.2,124.03097387680651,124.55,124.86796573375973,124.69,124.87300774989056,124.95,125.14416541486982,125.32,125.57248955041757,125.73,126.02376822537768,126.23,126.5838704931206,126.98
K011070,해물찜,A,4.1,116.7301318841881,116.74,116.94569149308366,116.84,117.01268913205375,117.07,117.25108625587816,117.41,117.624299125092,117.71,117.9388458077264,117.92,118.13696755617451,117.92
K011080,해장국,A,5.0,131.8891649025076,132.24,132.70060286932318,133.35,134.0815497614788,133.96,134.56513375819648,134.39,134.8534389194338,134.39,134.56387872402857,134.59,134.7582411490148,134.9
K011090,불고기,A,1.1,123.73817772217029,123.96,124.24752949025743,124.32,124.61282639683458,124.32,124.5843394159517,125.2,125.5189846526808,125.06,125.33569847242255,125.44,125.72344828886999,125.47
K011100,쇠고기(외식),A,8.3,121.46975814564513,121.64,121.93204900740874,121.83,122.07695139741477,122.22,122.49197092482679,122.55,122.83014292411201,122.66,122.86866852952429,122.93,123.1355584558282,122.96
K011110,돼지갈비(외식),A,6.1,125.44198220890347,125.72,126.00804660234041,126.01,126.27805454118251,126.66,127.03516607175007,127.06,127.4170480345681,127.24,127.51318593861775,127.4,127.61610051995845,127.68
K011120,삼겹살(외식),A,7.2,123.71016286444572,124.1,124.37068002229088,124.8,125.18249004587955,125.07,125.36855795803397,125.33,125.57962065304584,125.54,125.7461306179932,125.74,125.91914895700569,125.8
K011130,오리고기(외식),A,1.5,124.78581886608693,124.55,124.78798642634942,124.6,124.68754856965327,125.09,125.41055561488338,125.72,126.18797816593728,125.97,126.23854284542493,126.27,126.52036425983476,126.38
K011140,냉면,A,2.4,129.00747946896706,129.04,129.21620274036817,129.58,129.874768135464,130.17,130.55210740256211,131.25,131.87177760509545,131.68,132.1835317075594,131.84,132.17832702355346,132.13
K011150,칼국수,A,2.7,131.74618242586243,131.81,132.18623135357765,132.61,133.14259177575858,132.97,133.39032582735842,133.21,133.52227116473003,133.54,133.8373180175371,133.81,134.07398657835014,133.91
K011160,죽(외식),A,1.7,125.9817809537106,125.76,125.97617690889251,125.76,125.97085713188204,125.76,125.96580620147567,125.76,125.96099981146055,125.76,125.95641789900912,125.76,125.95204754567656,126.77
K011170,생선초밥,A,2.7,119.16383426041281,119.4,119.6102256027333,119.64,119.85162663104988,119.64,119.82429363155943,119.9,120.09137758393477,120.13,120.32396134055763,120.34,120.53385144313727,120.73
K011180,생선회(외식),A,10.3,136.47640649266148,136.54,136.8794104679427,136.63,136.90347093384588,136.72,136.94233796595122,137.58,137.9104133761421,137.83,138.12856859247958,137.97,138.22375653816104,138.52
K011190,자장면,A,2.2,136.83099882464583,136.9,137.24808445655648,136.98,137.18551699155856,136.93,137.0121563474386,137.77,138.1329149721388,138.13,138.452869128892,138.24,138.44746482684332,138.32
K011200,짬뽕,A,2.4,131.806312146947,132.16,132.5346046455917,132.85,133.32509081207658,132.86,133.03605280872014,133.64,134.08331291416752,133.95,134.26646938120027,134.3,134.58774896959378,134.38
K011210,탕수육,A,2.1,122.79471997635228,123.24,123.5774675406393,123.49,123.70235358316964,123.48,123.50369601822017,123.89,124.16097847104795,124.13,124.32657295313753,124.25,124.35739931256926,124.33
K011220,볶음밥,A,0.9,130.70881474672427,131.0,131.35734581597237,131.57,131.99190566678496,131.59,131.752904791948,132.18,132.5388648687621,132.59,132.93105676503598,132.76,132.97345016815748,132.98
K011230,돈가스,A,2.2,130.25759584930685,130.79,131.06190696140172,130.85,131.0291314517242,131.22,131.45031847387045,131.89,132.2530364259031,132.21,132.5317462051553,132.67,133.01563887561576,132.61
K011240,스테이크,A,1.5,120.33724281726882,120.38,120.6301199985934,120.96,121.24319079233798,121.25,121.53237222344872,121.38,121.64452909371775,121.47,121.71548797392452,121.57,121.79952832066257,121.66
K011250,스파게티,A,1.5,120.24949429092902,120.39,120.70887696380574,120.82,121.1577219175114,120.92,121.20832093533056,121.08,121.32953685287616,121.11,121.3064679681856,121.24,121.41134699631782,121.48
K011260,라면(외식),A,0.7,133.23795790342658,133.54,133.80781197428033,133.68,133.8976036123717,134.02,134.263107003481,134.66,135.0078656276844,135.31,135.73172889422568,135.31,135.58819143494426,135.9
K011270,김밥,A,3.4,140.57081426628866,141.53,142.0873618079151,142.24,142.81376534357196,142.61,143.1032366316422,143.1,143.5699614838025,143.82,144.3350893333073,143.91,144.28950812081146,144.78
K011280,떡볶이,A,3.1,137.22191782406296,137.92,138.44872421093856,138.35,138.84312679210785,138.86,139.34972019679336,139.73,140.31346683706448,140.24,140.7948803234857,140.24,140.6418415205155,140.48
K011290,치킨,A,8.6,129.37311380116896,129.57,129.59403628351046,131.09,131.41758420104117,131.31,131.60592414358726,131.47,131.73050404768503,131.77,132.0291403930347,132.11,132.37560810210235,132.06
K011300,햄버거,A,4.3,136.07930453509778,137.2,137.11238499566926,139.59,138.99227655732182,140.82,140.53044204160454,140.82,141.14940361417462,140.82,141.38874540245044,141.81,142.08322975869208,141.81
K011310,피자,A,4.1,119.72652250502955,119.68,119.71790279115757,119.68,119.71024775985623,119.68,119.70390792074122,119.68,119.69881090495294,119.68,119.69476818706806,119.68,119.69158212430582,119.68
K011320,쌀국수,A,0.6,128.4396831556531,128.46,128.93813629799175,129.02,129.51496053847526,129.35,129.78884187782865,129.92,130.39029556155396,129.93,130.2583805011051,130.38,130.73873267264585,130.45
K011330,커피(외식),A,8.8,111.56430061145393,111.44,111.56989525734708,111.51,111.63755560145721,111.51,111.6334940277766,111.51,111.62976504385344,111.48,111.59561622529415,111.58,111.6946870593813,111.58
K011340,기타음료(외식),A,0.5,107.37944393272151,107.34,107.37922863617155,107.34,107.37901476535875,107.34,107.37880204455722,107.34,107.37859076161352,107.34,107.37838078625543,107.43,107.46821138120445,107.43
K011350,소주(외식),A,2.5,116.47179198692275,116.54,116.72589428205997,116.68,116.81232339474043,116.68,116.73869631748005,116.73,116.77385682352185,116.73,116.74945288796822,116.93,117.00988304591434,118.5
K011360,맥주(외식),A,4.8,118.82544125213981,119.31,119.49973902935908,119.43,119.58214348387324,119.45,119.54771462520738,119.63,119.74667826776286,119.64,119.71331665760528,119.71,119.77656358207578,120.83
K011370,막걸리(외식),A,0.3,119.95095498209962,120.24,120.25090082672523,120.24,120.24785467512827,120.24,120.24565993882594,120.36,120.39100263064095,120.63,120.71341922997973,120.63,120.6897631955773,120.63
K011380,구내식당식사비,A,11.9,124.85888458962893,124.81,125.06523736545354,125.16,125.41850090598545,125.93,126.21092794070125,126.24,126.52083659753966,126.29,126.55899097554395,126.36,126.618552914646,126.75
K011390,도시락,A,0.6,139.85117040057676,140.45,141.095986109301,140.45,141.06676221320367,140.45,141.0310877893213,140.45,141.00022075148559,140.45,140.97450636888874,144.73,145.36729383453005,145.69
K021010,호텔숙박료,A,2.1,129.99110261351223,119.11,123.69494879785925,122.02,122.73299674261528,124.19,123.63069000010043,131.49,128.24691620023,138.35,134.38591131691157,131.45,132.65387092704518,146.38
K021020,여관숙박료,A,1.5,108.37261461894461,108.1,108.14629461247486,108.31,108.32549903004613,108.15,108.18624967778455,108.2,108.21985322769673,108.82,108.81425365322283,109.04,109.07461524486652,109.85
K021030,콘도이용료,A,0.8,138.61591849856498,145.94,140.64232941120724,140.95,141.7529557778246,116.3,139.25400366522524,122.13,134.20079729179554,134.73,134.68838643273097,126.04,133.6512513569626,165.29
K021040,학교기숙사비,A,0.9,115.46177066010871,115.38,115.46132301135668,115.38,115.4608730904021,118.91,118.83782578974244,118.91,119.06018039624713,118.91,119.06930722793341,118.91,119.06500018959923,118.91
K021050,휴양시설이용료,A,1.4,110.2936223119445,109.52,109.79729190890846,109.88,110.02522583822166,104.35,105.34852280581832,104.68,104.90274253036226,109.56,108.99189631557223,107.21,107.63147267691183,127.14
L011010,목욕료,A,0.6,136.27460302044622,136.92,137.5277864248938,137.34,137.81614921883948,137.64,138.00190323704965,138.12,138.49811349088878,138.23,138.4648328688148,138.34,138.5017749257792,138.45
L011020,찜질방이용료,A,0.6,132.8472636596027,133.98,134.33965610687096,134.46,134.8346076073414,134.52,134.81003226944574,135.26,135.63910963207067,135.29,135.57893491663484,135.45,135.70040272071873,135.66
L011030,이발료,A,0.3,118.767238711551,118.86,119.11605799678466,118.98,119.21696620982115,119.49,119.75772272855927,119.87,120.14910154152822,119.96,120.21362895587752,120.07,120.30379866961097,120.14
L011040,미용료,A,7.3,119.45353688292943,119.56,119.75583433295931,120.39,120.66684255539437,120.62,120.8874763462499,120.88,121.14316168981819,120.87,121.09515362085948,120.94,121.14182745769206,121.13
L011050,뷰티미용료,A,2.2,120.17803530029686,120.42,120.67507145235811,120.62,120.86446344834671,120.91,121.15970773288078,121.64,121.96222703487837,121.67,121.94543165772632,121.83,122.08657407442928,121.85
L012010,면도기,A,0.4,124.86641348818503,121.97,123.91592613249152,126.64,125.08432191032873,124.89,125.1276787820153,125.04,125.18511461607652,125.1,125.22294244638404,124.18,124.85157578480118,123.71
L012020,헤어드라이어,A,0.7,113.5724841790312,120.03,116.19214890836028,112.89,114.85316724225203,115.6,115.15536190918657,114.91,115.05607913864736,112.71,114.10683068748445,113.5,113.86116024941624,122.21
L012030,칫솔,A,0.4,102.89613851882032,102.83,102.88949160900654,101.09,102.24725670289617,103.83,102.84413829052144,105.19,103.72098774591625,104.12,103.88549494997169,105.7,104.57214986734479,105.83
L012040,치약,A,0.5,117.31698512984852,117.05,117.24585130056207,115.2,116.26550045243533,110.68,113.45412500564402,119.65,116.66697649338121,117.1,116.94872809753628,114.96,116.01424852974058,118.19
L012050,비누,A,0.3,136.2725018059221,139.23,138.08034267040017,138.98,138.92795445909917,138.04,138.77828192628303,140.92,140.2436854131156,138.89,139.85544389231137,139.04,139.61496909079088,140.24
L012060,샴푸,A,1.0,143.63485936263862,143.65,143.90918337322535,142.01,143.16797115047686,140.93,142.2064811207966,141.98,142.2612531045379,144.14,143.41490224683633,142.67,143.21420872741376,142.52
L012070,바디워시,A,0.5,118.78532090273481,119.81,119.13993001525057,117.88,118.44936337541571,122.57,120.22013192490557,120.06,120.03621975090999,121.77,120.71957180874269,120.09,120.32312779871478,117.82
L012080,화장지,A,1.3,120.01227447904185,118.88,119.1320778230677,120.99,120.41285031065547,121.86,121.47317898286052,121.83,121.78094549792704,122.36,122.26201705514592,122.7,122.65688708393955,123.12
L012090,기초화장품,A,4.5,108.67246212194173,108.22,108.38652816660513,109.22,109.02228340904145,109.5,109.40357883484397,107.78,108.28037744933394,107.29,107.60570771681566,107.15,107.31453423959141,108.83
L012100,기능성화장품,A,3.7,130.31057963320603,130.3,130.231888775158,131.49,130.71259015246935,132.01,131.27759227083996,131.59,131.46970887441958,131.35,131.4793432989408,131.39,131.48801456176943,131.13
L012110,색조화장품,A,0.7,108.995584837634,109.09,109.11101141348155,109.91,109.80394909406871,109.38,109.50999005983216,108.93,109.07804309517016,108.97,109.01942011927328,109.34,109.3083813885562,109.3
L012120,모발염색약,A,0.7,121.36981671717825,124.32,122.58606368151922,117.51,120.45987988517602,124.97,122.30338694604089,121.35,121.89349819275785,128.83,124.74174561568705,135.36,129.2452044469328,130.6
L012130,구강세정제,A,0.2,115.71666980997527,115.9,115.85010672073649,124.16,118.89152994631286,116.83,118.22286082601018,119.99,118.91882566242774,118.01,118.66610232453161,120.0,119.20734301246317,121.6
L021010,손목시계,A,0.6,137.2915871457583,136.79,137.4772683657625,136.79,137.47635282883837,136.79,137.4416650002937,145.45,144.52538595511987,145.45,146.27338321154227,145.45,146.53438575676742,145.45
L021020,장신구,A,1.0,117.23043192080884,117.06,117.22978938849315,117.06,117.22875883033248,117.06,117.22764558758054,119.74,119.27482295444693,119.74,119.76253316818323,119.74,119.87492443457968,119.74
L021030,가방,A,2.7,110.10630223642394,110.94,110.76971677114543,110.94,110.99757620569626,110.94,111.07513556395119,110.94,111.10045875759599,110.94,111.10757744869947,110.94,111.10685183986871,110.94
L021040,핸드백,A,1.4,110.77573843000634,120.34,114.88499303543259,120.34,117.3490086230476,110.52,114.49893894783595,115.44,114.96167405506779,115.44,115.23212289687909,115.44,115.39002700557297,115.44
L021050,우산,A,0.2,106.75108811591531,106.37,106.41791676725843,106.07,106.08376368136626,106.04,106.00604299474537,106.37,106.30742773249581,106.58,106.55362309428128,106.76,106.75872382243857,107.23
L021060,유모차,A,0.2,106.72742814753684,106.36,106.54327329107912,106.03,106.28612264273367,105.99,106.1376144340627,106.14,106.13854354671572,105.66,105.89873851033624,105.46,105.67879687544662,105.62
L021070,선글라스,A,0.4,101.7067120030842,101.93,101.99392086766008,102.64,102.7857017529165,102.47,102.53853175877656,103.08,103.19202038614789,102.77,102.8712059155409,102.77,102.80918488860955,102.8
L021080,지갑,A,0.5,122.68999901001737,122.69,122.68999947362106,122.69,122.68999972010099,122.69,122.6899998511692,122.69,122.68999992086307,122.69,122.68999995792083,122.69,122.68999997762506,122.69
L031010,산후조리원이용료,A,0.7,122.7604944256913,124.54,125.0806325382162,125.35,125.92701539802984,125.93,126.49779062861441,126.55,127.11677322670084,126.85,127.36476086549744,127.44,127.95755550804594,128.06
L031040,보험서비스료,A,8.6,191.37100284550607,211.52,210.6840367441534,211.52,213.19386802357369,211.52,213.37392338554085,215.81,217.2864995335289,215.81,217.68618893078644,215.81,217.63241953589198,215.81
L031050,자동차보험료,A,3.7,93.63028768480345,93.67,93.63318872416181,94.93,94.94185555009125,94.93,94.94094349870554,94.93,94.94010733412001,94.93,94.93933927293135,94.93,94.93863282620438,94.93
L031060,금융수수료,A,0.2,99.99910775672404,100.0,99.99914056639255,100.0,99.99916941842393,100.0,99.99920321449846,100.0,99.99923245063965,100.0,99.99926083003899,100.0,99.99928837429532,100.0
L031090,대입전형료,A,0.1,101.13008264535843,101.74,101.72694294810479,101.74,101.73044281449778,101.74,101.73051390285926,101.74,101.73056619380796,101.74,101.73061805173526,101.74,101.73066931681647,101.74
L031100,시험응시료,A,0.4,116.24047884434236,116.1,116.23740099917043,116.1,116.23445904970342,116.1,116.23164978280265,116.1,116.22896187594338,116.1,116.2263626761091,116.1,116.22388004503385,116.1
L031110,장례비,A,2.6,109.44139676380635,109.99,110.09286501785687,110.04,110.1411318321808,111.04,111.16227343391778,111.04,111.15823562459786,111.35,111.47286382727127,111.36,111.47928953369846,111.45
A013010,갈치,B,1.1,117.70829358860668,116.85,118.69230763192834,114.72,115.5364147041068,119.85,121.1353817492148,119.94,119.52099047630529,124.38,122.57281821555915,121.43,119.1465123310318,122.77
A013020,명태,B,0.7,110.88287682128464,110.39,110.31252727240478,108.82,108.24372181831848,109.26,109.19442337170777,109.9,110.04917186068688,112.01,112.38446817799579,111.73,111.71844718466902,111.0
A013030,조기,B,0.9,130.84548303630132,131.07,132.95014208727366,130.58,131.59955119754528,132.75,133.91040535018038,132.19,132.90591399064758,132.32,133.18142186316615,133.27,133.7157556134083,133.61
A013040,고등어,B,2.0,137.42774057564623,135.66,137.33485239792412,134.71,136.32559686007974,136.12,137.30381225490876,135.74,136.36454001628283,134.76,131.90488198788984,138.03,135.98553285882983,136.02
A013050,오징어,B,1.0,131.58669836668844,129.68,129.13826655290825,133.51,133.87229230812295,132.99,132.70424593707403,132.18,132.29834040363028,137.07,136.92633606614356,134.96,134.0875800538757,132.29
A013060,게,B,0.9,97.59120845980239,93.81,93.63566338385641,92.28,91.29661567925102,92.57,92.4517355361304,92.25,92.68226102023709,93.76,94.43278807458314,95.12,95.28652008051212,94.65
A013070,굴,B,0.4,123.53521013576747,120.74,112.05042849742404,118.34,109.5962105480342,114.1,114.32042685094508,113.98,114.28303129187508,114.91,114.89843995614996,115.17,114.24569651586431,114.81
A013080,조개,B,0.6,125.42319644523465,125.74,125.94942251715318,125.53,125.04001984509111,124.19,124.47840855523835,126.2,126.60407605120922,127.03,126.96045558797745,121.08,121.00989001134774,121.71
A013090,전복,B,0.5,87.95439174576278,86.24,87.40891289032706,86.63,83.76520013945067,85.83,83.40872312203453,85.78,84.94109119060907,84.48,82.71847388975152,86.15,84.38552315152349,86.09
A013100,새우,B,0.7,123.92214605668183,123.44,123.51758343195559,123.0,121.71005358795684,122.21,121.66325194129615,122.13,121.33338477698605,123.15,123.8678446777531,124.21,124.75101619453275,125.12
A013130,낙지,B,0.5,120.89857661224593,123.17,124.83702892740114,123.68,124.50698827712274,124.07,124.878545111489,124.63,124.15570011745422,125.43,126.56398054937691,125.75,125.78141745991262,126.09
A016010,사과,B,2.3,162.54627118650959,162.9,167.5943002223335,167.79,168.18991819492402,170.94,172.50538378467425,171.96,172.70623873870602,173.01,173.2837847593271,174.8,175.1390631795461,170.88
A016020,배,B,0.7,133.20013035763745,133.57,138.68529232237017,139.39,140.36793046292598,147.53,148.01003081023592,147.35,147.4081918589903,149.8,150.25543741727859,158.19,158.7009944170118,173.31
A016030,복숭아,B,1.0,152.13761051803007,151.62,155.53973313341032,152.01,151.43852273109516,148.83,146.75157008414868,145.2,141.43755199405064,142.54,138.28437169378364,141.38,152.54914009854747,154.04
A016040,포도,B,1.4,130.32184692908942,128.52,131.83066072954165,127.2,122.54890311403675,122.75,117.46994919082223,118.41,119.5226427669007,119.3,122.86049312287096,123.33,142.8818142906291,144.3
A016050,밤,B,0.2,113.32419297480136,114.35,117.13358798396703,113.5,115.78222305176435,112.39,112.68343712294217,112.62,112.00251528028907,113.7,112.32478593290283,113.24,111.31812232975048,113.01
A016060,감,B,0.5,114.86318052196842,112.47,118.96211093346844,117.18,120.37659544323245,119.4,118.77318433650197,120.06,118.25263500213553,120.52,118.153299566916,120.64,118.42248480575901,118.82
A016070,귤,B,1.8,202.0205096504074,191.91,209.38736459296837,206.86,221.0380984689532,229.15,223.71206383005136,223.51,216.6173813932041,219.17,213.7137745838045,217.34,214.12215437155785,210.53
A016080,오렌지,B,0.4,122.28414420487773,123.25,129.22720633476538,131.2,121.90779960814183,114.58,106.74450921899432,110.36,109.18736789414783,113.37,115.184593944923,120.98,116.89137743973724,117.16
A016090,참외,B,1.0,99.38018134695169,96.61,103.48392215156872,98.57,152.41663958668994,141.37,150.81691306435837,141.61,100.10995165244925,115.45,94.86873438915758,103.13,78.22876857471672,85.62
A016100,수박,B,1.0,158.77767037312114,157.67,161.67708813759512,158.1,157.70125506631993,154.84,153.22644733304674,151.02,162.61275159689714,171.85,153.7019933873343,153.14,152.48437744225893,137.68
A016110,딸기,B,1.5,191.53606905726022,203.25,176.66238169634772,167.9,140.08674500015547,118.42,108.99228795731085,101.24,101.35615439496027,98.44,95.19690477134202,97.7,94.42827817460643,94.62
A016120,바나나,B,0.8,113.90460073971241,116.78,122.17567183165671,120.49,123.68044768425486,119.26,122.80369617255104,119.18,119.27377749199144,118.81,117.16091012841812,116.32,112.39848106615818,112.68
A016130,키위,B,0.4,136.79079392017184,131.27,130.78999024955118,129.63,128.7326473019882,131.28,130.53478041415426,128.73,132.26755371744045,131.22,133.341084335299,140.8,140.4448187226931,142.46
A016140,블루베리,B,0.4,142.19758090320212,143.2,144.20733258366863,144.06,142.9823318936153,143.66,144.79053149074414,144.05,144.5383306885596,144.92,144.2891610085936,145.8,144.66771219675408,143.21
A016150,망고,B,0.4,133.56631673802605,122.03,113.86733674741525,117.23,104.0398881287594,107.04,103.40414600639589,97.14,95.09976571715305,101.64,105.34288060886004,112.67,120.76022488892312,122.6
A016160,체리,B,0.3,104.89636276663111,81.89,67.03897675132202,79.93,79.11571208152971,78.26,77.43934710543853,76.28,74.32770496492795,74.69,90.69895067077096,109.15,94.16294771663283,94.97
A016170,아보카도,B,0.1,99.64434091467643,106.44,112.54972567229603,103.87,113.7242778107563,108.75,113.17185200781745,117.46,115.27907706023731,105.98,97.52533164305473,98.28,87.6392749348603,82.87
A016180,파인애플,B,0.2,122.32399105712865,129.05,130.71987307884774,125.26,125.23246659737437,121.03,123.72507903038625,118.79,119.37063589128147,116.81,116.69137548181013,118.34,116.78522163665542,117.51
A017010,배추,B,1.3,118.85766434254612,107.81,112.24751970186966,107.95,116.55465124152742,105.81,110.62200307029616,99.2,87.85650553868314,82.96,74.74684795513863,81.7,93.68047159712489,82.23
A017020,상추,B,0.6,126.36518164411387,134.04,119.47165830478676,122.11,111.07504305359762,95.22,103.89465384134371,90.94,100.93137763609843,89.7,100.2449521571119,98.61,140.2181671726873,115.69
A017030,시금치,B,0.3,123.8928108805645,118.31,134.5892957675864,130.13,113.31880520414198,91.3,93.4244415998462,73.72,91.55698744147807,81.14,100.64676452144398,89.43,163.41024608477792,127.7
A017040,양배추,B,0.2,93.38501519606142,92.45,91.91287616598522,93.08,91.78092490450248,90.0,88.87560289358129,74.07,78.2595222512251,70.72,63.49023446121201,73.58,67.9968021674868,74.91
A017050,미나리,B,0.2,182.40367486842032,180.12,185.1578878886554,196.06,163.03824061948367,154.5,132.87825596717673,127.23,117.06886927047113,109.91,109.55002402847302,109.64,120.1402484716057,109.98
A017060,깻잎,B,0.2,147.0107848068145,142.57,141.41931965266397,138.83,128.94495982760586,117.59,115.50229784583075,106.07,112.47679686002074,109.19,104.21880211908116,102.01,109.12701520652779,98.61
A017070,부추,B,0.2,191.53172110540737,139.86,164.8353112086943,180.38,143.368899067357,140.15,107.04186376669108,114.58,95.65662897500238,85.72,83.56494138167764,74.23,91.22094132788038,72.84
A017080,무,B,0.6,107.18143324885044,97.34,95.94110014549787,97.59,97.66202472662698,92.31,92.35823259283563,82.45,85.81132178913435,95.48,91.38117267707254,94.15,101.73287810206797,95.67
A017090,열무,B,0.2,129.97056140846223,127.08,131.71965631903714,132.8,144.1280504101131,144.42,128.633227997944,108.75,100.848319204426,86.41,84.95354321724739,85.45,117.65781217588659,109.07
A017100,당근,B,0.3,78.30273192233935,79.76,80.91199102884302,79.54,79.3354760963722,80.36,83.37118318558873,80.7,78.02671988960115,84.3,83.58786825270042,81.19,83.63405350932842,81.64
A017110,감자,B,0.6,121.52508206876708,131.16,138.19528039709695,143.5,148.42039988057925,160.22,168.58803264084418,173.64,163.74226177503152,161.18,135.80091945700775,119.57,104.81727128812618,99.68
A017120,고구마,B,1.0,93.21734156620045,92.95,94.66044168043399,94.5,96.46644793466075,96.2,98.41557616775445,96.68,99.86645604169433,100.74,102.5735270319654,103.72,109.0700941410582,103.79
A017130,도라지,B,0.1,128.19560629819998,128.94,129.80279908554664,130.94,131.30406639469578,131.86,132.0791006071961,131.99,132.08295063920912,132.92,133.42300114955506,132.5,132.79638015920287,132.88
A017140,콩나물,B,0.5,109.52990041127684,110.08,110.68113493227037,109.21,109.32639744386073,109.55,109.56973541513494,109.87,110.00820401996111,110.45,110.47972882732809,110.11,110.00203484229101,110.04
A017150,버섯,B,0.9,122.67378190022771,117.93,121.66474817027586,130.83,117.90958802084931,112.93,110.49097077459082,108.28,107.87353166708563,110.19,105.80860452411031,108.25,105.16221185137157,106.19
A017160,오이,B,0.6,170.60154765167837,177.66,183.64344671062634,169.25,155.94348294376667,143.32,114.61468947364182,114.5,98.69152040372741,90.99,94.55413177385086,86.65,115.65134035604352,95.1
A017170,풋고추,B,0.6,128.65434216855152,126.74,148.20295274732862,163.4,162.19895957309103,144.5,120.14299690720227,122.61,113.58546100703072,113.29,108.68341463645974,115.38,115.70491346913238,117.22
A017180,호박,B,0.5,141.16339739456922,142.54,150.02663549219432,161.63,141.82527692645237,127.31,112.83045449189757,92.5,93.70272956734621,70.2,89.89063758549071,78.46,93.56103291271138,75.12
A017190,가지,B,0.2,158.01834562678414,162.8,155.5760508579774,153.31,140.98515380888182,139.67,116.89168765707329,123.29,106.57264991422156,107.0,95.30038397563933,101.71,97.37677107583164,88.48
A017200,토마토,B,1.3,131.38481348775724,122.17,126.41777040083689,121.02,124.242195742209,115.36,110.87644476055732,106.86,93.01203751630801,96.48,83.82142842426968,90.19,88.07624158200122,84.71
A017210,파,B,0.9,131.3237130296692,113.83,120.13324130051774,116.57,114.00022807884315,99.48,82.79757189109985,73.37,69.46128246403178,87.15,87.48178333166558,109.88,108.33033285307633,108.44
A017220,양파,B,0.7,105.28464440184952,101.97,105.9616165158473,102.32,107.49783162051308,98.25,97.65291414538248,98.95,86.88331753902334,92.72,83.34388052407317,88.59,86.19584808883262,84.05
A017230,마늘,B,1.3,141.08729136668623,139.69,139.65722247459496,137.37,135.89688192385378,139.41,140.78596729905078,139.86,141.364161191521,138.76,136.02421757109747,138.97,137.93670474199692,137.21
A017240,브로콜리,B,0.2,136.72554195795672,117.4,113.00591567071237,114.73,112.66938411198954,103.37,113.67029424237586,112.31,119.23395927789934,108.11,90.10137823281914,99.93,103.76663230455233,99.87
A017260,파프리카,B,0.6,149.88319193040607,122.28,144.2384364588566,163.29,144.08101178710137,138.82,125.41110915110409,117.44,104.92575741896187,112.54,103.37408566993301,102.88,94.1937049936941,82.77
A019030,생강,B,0.1,96.87979922112487,98.92,100.83945401826534,101.39,102.89424752767056,102.06,102.97479076486631,103.41,104.49918858097595,103.34,104.88820902939987,104.05,105.95367757552509,104.85
